OrderID,CustomerID,ProductID,OrderDate,Quantity,DiscountPct,SalesAmount
O30001,C11933,P20147,2025-01-17,6.0,0,201371.82
O30002,C10681,P20345,2026-03-22,1.0,20,8818.23
O30003,C11488,P20178,2025-06-19,4.0,10,36938.99
O30004,C11851,P20315,2025-10-07,4.0,10,258125.33
O30005,C11861,P20325,2025-12-06,3.0,5,22944.21
O30006,C11399,P20418,2026-06-03,5.0,10,172495.89
O30007,C11116,P20167,2025-01-11,5.0,10,137540.7
O30008,C10181,P20123,2026-06-08,4.0,10,254996.64
O30009,C10743,P20074,2025-05-13,6.0,20,186681.98
O30010,C11325,P20239,2025-05-28,2.0,5,11257.54
O30011,C10660,P20249,2025-03-20,7.0,10,333959.6
O30012,C11816,P20263,2025-12-12,7.0,10,266342.33
O30013,C11213,P20252,2025-09-06,7.0,5,479582.51
O30014,C11883,P20357,2026-06-26,6.0,5,282728.61
O30015,C11886,P20111,2025-01-24,4.0,20,65871.42
O30016,C11338,P20180,2026-04-16,7.0,0,154626.5
O30017,C10493,P20188,2025-07-20,6.0,0,389749.02
O30018,C10923,P20308,2025-05-11,2.0,5,112439.36
O30019,C11946,P20207,2025-12-22,5.0,0,135855.35
O30020,C10128,P20234,2025-05-30,4.0,15,131359.95
O30021,C11543,P20024,2026-06-10,1.0,0,29271.22
O30022,C11450,P20026,2025-10-31,7.0,0,381043.67
O30023,C11583,P20381,2026-06-25,2.0,15,120962.6
O30024,C10565,P20218,2025-02-19,2.0,0,64372.64
O30025,C11211,P20494,2026-04-09,2.0,10,58628.14
O30026,C10550,P20346,2025-08-28,5.0,15,60137.67
O30027,C10453,P20378,2026-04-27,6.0,10,57677.29
O30028,C10471,P20010,2026-03-31,3.0,10,57209.84
O30029,C10988,P20017,2025-10-10,7.0,0,267046.01
O30030,C10738,P20245,2025-12-01,1.0,0,4220.38
O30031,C11589,P20206,2025-12-18,7.0,0,246230.53
O30032,C11935,P20258,2025-11-23,4.0,0,57611.64
O30033,C10224,P20112,2025-12-02,6.0,5,136351.24
O30034,C10154,P20205,2025-03-22,2.0,5,122180.64
O30035,C10560,P20027,2025-03-28,7.0,10,395515.58
O30036,C10351,P20457,2025-09-15,5.0,0,98874.75
O30037,C11171,P20071,2025-07-04,2.0,5,141544.13
O30038,C11929,P20176,2025-05-03,6.0,0,267607.8
O30039,C11600,P20202,2025-04-06,4.0,0,225398.84
O30040,C10349,P20248,2026-05-30,1.0,10,23927.22
O30041,C10182,P20118,2026-03-19,2.0,10,84641.78
O30042,C10637,P20009,2026-05-29,7.0,15,183077.63
O30043,C11018,P20086,2026-01-06,7.0,15,78194.13
O30044,C10179,P20023,2025-11-01,5.0,10,301667.99
O30045,C11063,P20455,2025-12-23,5.0,10,192719.52
O30046,C10772,P20240,2025-05-28,3.0,0,85128.54
O30047,C10894,P20073,2025-10-12,5.0,0,212393.0
O30048,C11027,P20027,2025-09-19,3.0,15,160089.64
O30049,C11016,P20472,2026-05-06,1.0,0,41682.27
O30050,C10064,P20349,2025-01-31,4.0,5,240944.24
O30051,C10029,P20081,2025-09-25,,0,60333.24
O30052,C10372,P20084,2025-01-12,2.0,0,63218.94
O30053,C11547,P20199,2025-07-10,6.0,10,54486.43
O30054,C10097,P20043,2026-02-04,7.0,0,394355.15
O30055,C11894,P20488,2026-06-21,2.0,5,117484.33
O30056,C11466,P20263,2025-04-01,7.0,0,295935.92
O30057,C11227,P20092,2026-05-16,4.0,10,139655.88
O30058,C11435,P20339,2025-10-28,5.0,10,269142.17
O30059,C10993,P20447,2025-04-21,6.0,5,364393.82
O30060,C10021,P20084,2025-03-21,2.0,10,56897.05
O30061,C11575,P20300,2026-03-09,6.0,0,157411.5
O30062,C10735,P20423,2026-02-21,3.0,10,90440.14
O30063,C11126,P20296,2025-08-02,4.0,10,128071.12
O30064,C11070,P20135,2026-03-23,2.0,20,38475.97
O30065,C10066,P20454,2025-01-18,5.0,0,162557.1
O30066,C10603,P20281,2025-02-23,6.0,0,213461.76
O30067,C11188,P20489,2025-08-28,5.0,0,33347.75
O30068,C11995,P20059,2026-02-22,6.0,0,114249.06
O30069,C11135,P20397,2026-05-01,2.0,0,147981.22
O30070,C10338,P20359,2026-03-20,4.0,0,40466.0
O30071,C10123,P20488,2025-05-03,1.0,5,58742.17
O30072,C11729,P20342,2026-02-24,2.0,15,24321.19
O30073,C10447,P20241,2025-08-04,5.0,0,307973.45
O30074,C10611,P20465,2026-02-24,1.0,20,27088.26
O30075,C11315,P20368,2025-08-16,4.0,15,213715.43
O30076,C10671,P20342,2025-08-25,5.0,110,60802.96
O30077,C11436,P20098,2025-11-26,4.0,15,219612.43
O30078,C10615,P20062,2026-04-14,6.0,10,250389.58
O30079,C10897,P20264,2026-05-02,2.0,10,15590.72
O30080,C10281,P20113,2026-02-19,4.0,5,240993.42
O30081,C11067,P20429,2025-08-07,5.0,5,33887.07
O30082,C11510,P20146,2026-01-16,2.0,15,24248.43
O30083,C10596,P20216,2025-03-28,7.0,5,431013.03
O30084,C11987,P20256,2026-04-06,5.0,0,19076.3
O30085,C10703,P20316,2026-02-15,5.0,10,80921.84
O30086,C11075,P20316,2026-06-09,7.0,10,113290.57
O30087,C11922,P20362,2026-03-23,7.0,15,320985.54
O30088,C10210,P20258,2025-10-27,1.0,0,14402.91
O30089,C10126,P20194,2026-02-12,3.0,10,16437.55
O30090,C10492,P20347,2026-01-10,4.0,0,55600.48
O30091,C11533,P20014,2025-08-21,4.0,15,66414.51
O30092,C10960,P20304,2025-02-18,1.0,0,51073.95
O30093,C10970,P20103,2025-07-05,6.0,15,133291.87
O30094,C10581,P20245,2025-07-24,4.0,0,16881.52
O30095,C10777,P20245,2025-03-19,7.0,0,29542.66
O30096,C10258,P20312,2026-04-26,1.0,0,56227.78
O30097,C11954,P20268,2026-01-21,4.0,0,296022.24
O30098,C11212,P20224,2025-07-13,4.0,10,43689.85
O30099,C10230,P20220,2025-04-13,5.0,0,12860.35
O30100,C10189,P20311,2026-01-11,1.0,5,49132.94
O30101,C99999,P20412,2025-10-14,7.0,0,48934.06
O30102,C10010,P20366,2026-04-27,6.0,15,197331.6
O30103,C11138,P20217,2025-09-07,4.0,0,299046.6
O30104,C11100,P20004,2025-07-20,6.0,5,79963.65
O30105,C10676,P20474,2026-06-20,3.0,10,92594.21
O30106,C10502,P20036,2026-04-06,1.0,15,42971.64
O30107,C10085,P20178,2025-10-27,1.0,15,8721.71
O30108,C10049,P20387,2026-04-23,1.0,15,33430.93
O30109,C11519,P20257,2025-03-24,7.0,0,12269.39
O30110,C10838,P20017,2026-04-03,7.0,15,226989.11
O30111,C11008,P20199,2025-10-25,5.0,10,45405.36
O30112,C10689,P20318,2025-12-30,1.0,15,6412.66
O30113,C10387,P20048,2025-02-09,5.0,0,310749.2
O30114,C10970,P20062,2025-12-06,7.0,15,275892.22
O30115,C11413,P20069,2026-05-31,3.0,5,50109.9
O30116,C11006,P20147,2025-04-18,2.0,10,60411.55
O30117,C10218,P20359,2025-11-12,5.0,5,48053.38
O30118,C11725,P20366,2025-04-24,4.0,5,147031.39
O30119,C11005,P20162,2025-06-16,1.0,5,14725.52
O30120,C11370,P20227,2025-09-18,2.0,5,44764.44
O30121,C11254,P20433,2025-08-12,5.0,10,62819.91
O30122,C10255,P20464,2025-09-19,6.0,10,12543.98
O30123,C10236,P20488,2025-09-08,7.0,10,389553.32
O30124,C11050,P20498,2026-06-10,6.0,0,264012.78
O30125,C11608,P20431,2025-05-06,4.0,20,3971.04
O30126,C11285,P20487,2025-07-25,2.0,10,34397.95
O30127,C11790,P20347,2025-05-20,3.0,0,41700.36
O30128,C10271,P20489,2025-03-03,5.0,10,30012.98
O30129,C10123,P20230,2025-10-10,6.0,0,378042.96
O30130,C10656,P20370,2025-02-23,6.0,0,400255.26
O30131,C11281,P20178,2025-12-12,5.0,5,48738.94
O30132,C11680,P20345,2026-06-08,6.0,10,59523.07
O30133,C11445,P20410,2025-05-16,3.0,0,57817.98
O30134,C10259,P20056,2025-11-26,6.0,0,324089.7
O30135,C10948,P20078,2025-05-24,5.0,15,218800.8
O30136,C10047,P20270,2026-03-12,1.0,0,38371.34
O30137,C10863,P20206,2025-10-09,6.0,0,211054.74
O30138,C10525,P20281,2025-05-16,5.0,20,142307.84
O30139,C10888,P20228,2026-05-04,1.0,0,30306.76
O30140,C10208,P20388,2026-02-05,6.0,10,260196.62
O30141,C11335,P20239,2026-03-25,6.0,0,35550.12
O30142,C10747,P20463,2025-09-27,5.0,10,150811.61
O30143,C10149,P20288,2025-01-17,4.0,5,112488.93
O30144,C11858,P20082,2025-09-26,4.0,20,41539.23
O30145,C10438,P20334,2026-04-27,2.0,5,4678.07
O30146,C10155,P20250,2025-08-07,4.0,10,141335.5
O30147,C11702,P20193,2025-11-15,3.0,15,152326.34
O30148,C11114,P20106,2025-08-26,2.0,20,96339.62
O30149,C11722,P20189,2026-06-29,4.0,0,173672.16
O30150,C11854,P20276,2025-10-12,1.0,15,59368.76
O30151,C10358,P20074,,7.0,5,258632.33
O30152,C11198,P20010,2025-04-13,5.0,10,95349.74
O30153,C11241,P20123,2026-03-06,4.0,5,269163.12
O30154,C11931,P20216,2025-08-27,1.0,5,61573.29
O30155,C10456,P20290,2025-05-05,7.0,0,383817.91
O30156,C10776,P20445,2025-07-07,2.0,10,132836.06
O30157,C11633,P20476,2025-09-13,5.0,5,109335.74
O30158,C10629,P20411,2026-06-14,4.0,0,263454.44
O30159,C11223,P20040,2026-01-27,2.0,5,65513.67
O30160,C10832,P20193,2026-04-13,4.0,20,191154.62
O30161,C10486,P20127,2025-09-10,2.0,10,60082.83
O30162,C10533,P20289,2025-06-25,4.0,5,128182.06
O30163,C10200,P20452,2026-04-11,7.0,15,205333.61
O30164,C10371,P20071,2025-10-16,1.0,10,67047.22
O30165,C11014,P20137,2025-02-19,3.0,0,86535.99
O30166,C11983,P20144,2025-01-04,7.0,5,61976.47
O30167,C10853,P20389,2026-05-15,1.0,0,59038.97
O30168,C11472,P20354,2025-08-11,5.0,10,83420.19
O30169,C10248,P20380,2025-09-19,4.0,20,12413.34
O30170,C10788,P20407,2026-06-19,3.0,5,15529.39
O30171,C10264,P20299,2026-01-11,7.0,5,130510.97
O30172,C11082,P20370,2025-03-02,3.0,5,190121.25
O30173,C11326,P20345,2025-12-22,5.0,0,55113.95
O30174,C10031,P20441,2025-01-24,5.0,10,150662.43
O30175,C11522,P20435,2025-10-20,3.0,10,129010.62
O30176,C11273,P20269,2025-12-22,5.0,0,95201.25
O30177,C10605,P20384,2025-01-29,5.0,15,243780.34
O30178,C11801,P20408,2025-12-23,4.0,0,145684.68
O30179,C11295,P20139,2025-12-31,1.0,20,2474.85
O30180,C11630,P20052,2026-02-13,6.0,5,338908.26
O30181,C11690,P20499,2025-09-23,2.0,10,66229.42
O30182,C11418,P20017,2025-10-18,3.0,0,114448.29
O30183,C11821,P20165,2025-06-02,2.0,0,7620.68
O30184,C10502,P20013,2025-08-07,3.0,15,155657.43
O30185,C11616,P20190,2025-06-22,3.0,5,144354.3
O30186,C11828,P20475,2025-01-12,1.0,15,10639.85
O30187,C11108,P20340,2026-05-31,7.0,10,160947.49
O30188,C11389,P20353,2025-12-28,7.0,15,389589.58
O30189,C10886,P20362,2026-04-22,3.0,20,129473.16
O30190,C10549,P20352,2025-03-23,3.0,5,140162.09
O30191,C11366,P20264,2025-12-06,1.0,10,7795.36
O30192,C10839,P20312,2026-03-17,5.0,15,238968.06
O30193,C11431,P20221,2025-08-14,7.0,0,382183.9
O30194,C11449,P20104,2026-01-06,6.0,15,14945.91
O30195,C11768,P20339,2025-01-28,2.0,10,107656.87
O30196,C11117,P20198,2025-01-16,3.0,10,189184.0
O30197,C10848,P20300,2025-10-04,1.0,0,26235.25
O30198,C10614,P20444,2025-11-29,3.0,10,165407.67
O30199,C10412,P20359,2026-04-28,7.0,0,70815.5
O30200,C10432,P20368,2025-10-15,1.0,15,53428.86
O30201,C10678,P20169,2025-04-24,2.0,5,89825.94
O30202,C10159,P20149,2025-02-07,4.0,0,244143.16
O30203,C10014,P20249,2026-03-30,7.0,20,296852.98
O30204,C10373,P20256,2025-06-15,5.0,10,17168.67
O30205,C10225,P20470,2025-07-24,4.0,20,13562.14
O30206,C11529,P20042,2025-09-02,1.0,5,55850.61
O30207,C11097,P20202,2025-11-29,3.0,10,152144.22
O30208,C11273,P20458,2026-01-31,5.0,10,175569.75
O30209,C10511,P20244,2026-05-22,7.0,10,156829.24
O30210,C10603,P20157,2025-05-01,2.0,0,5448.2
O30211,C10216,P20464,2025-09-16,7.0,0,16260.72
O30212,C11997,P20449,2026-02-14,6.0,15,41309.13
O30213,C11626,P20401,2025-11-06,5.0,5,290534.18
O30214,C11565,P20286,2025-03-09,3.0,20,106069.78
O30215,C11971,P20282,2025-04-24,4.0,0,98109.48
O30216,C11841,P20437,2025-08-08,1.0,20,46716.4
O30217,C11963,P20381,2025-08-08,4.0,10,256156.09
O30218,C10988,P20238,2026-04-18,7.0,10,6381.21
O30219,C11244,P20019,2026-01-21,5.0,5,267527.32
O30220,C10840,P20053,2025-10-25,6.0,15,154796.93
O30221,C10727,P20085,2025-09-10,3.0,5,24975.92
O30222,C11245,P20273,2026-02-09,1.0,10,33038.33
O30223,C11413,P20430,2026-05-07,3.0,0,168213.78
O30224,C10554,P20360,2025-12-23,3.0,10,53750.6
O30225,C11671,P20213,2026-03-04,6.0,15,182667.36
O30226,C11066,P20437,2025-08-03,5.0,0,291977.5
O30227,C10676,P20361,2026-01-15,4.0,10,157380.48
O30228,C10873,P20104,2025-08-02,3.0,0,8791.71
O30229,C10283,P20192,2025-04-08,7.0,15,152434.06
O30230,C11082,P20429,2026-06-12,7.0,20,39951.07
O30231,C11838,P20177,2026-06-12,3.0,5,105009.05
O30232,C10834,P20147,2026-06-19,3.0,0,100685.91
O30233,C10537,P20380,2025-11-24,1.0,10,3491.25
O30234,C11097,P20455,2025-06-14,3.0,0,128479.68
O30235,C11909,P20081,2025-04-26,7.0,5,133738.68
O30236,C10923,P20193,2025-05-30,3.0,0,179207.46
O30237,C11153,P20037,2026-06-02,5.0,5,121095.74
O30238,C11623,P20377,2025-02-01,7.0,0,431794.37
O30239,C10842,P20326,2025-10-20,3.0,0,67104.09
O30240,C11450,P20154,2025-06-26,6.0,0,283031.1
O30241,C10948,P20130,2025-03-02,6.0,10,385676.37
O30242,C10665,P20059,2026-02-20,7.0,10,119961.51
O30243,C11718,P20224,2026-01-18,3.0,0,36408.21
O30244,C11149,P20249,2025-01-07,6.0,10,286251.08
O30245,C10067,P20240,2025-03-26,5.0,15,120598.76
O30246,C10006,P20374,2026-02-02,1.0,0,9228.96
O30247,C10637,P20389,2026-01-28,6.0,15,301098.75
O30248,C10314,P20293,2025-02-16,7.0,10,36872.64
O30249,C11350,P20287,2025-12-07,6.0,0,369589.26
O30250,C10565,P20204,2026-05-13,4.0,5,147183.01
O30251,C11602,P20099,2026-04-23,5.0,5,247999.4
O30252,C10826,P20350,2026-03-02,6.0,10,33731.1
O30253,C10506,P20176,2026-03-02,1.0,0,44601.3
O30254,C11106,P20262,2026-05-30,4.0,20,70342.59
O30255,C11623,P20271,2025-05-09,7.0,10,429611.18
O30256,C11026,P20143,2025-09-06,7.0,5,310572.42
O30257,C10204,P20189,2025-05-11,3.0,0,130254.12
O30258,C10662,P20272,2025-11-19,5.0,0,294768.4
O30259,C10805,P20020,2026-06-27,6.0,5,344520.71
O30260,C10404,P20333,2025-03-07,3.0,5,191550.67
O30261,C11127,P20300,2025-04-11,5.0,10,118058.62
O30262,C10536,P20426,2025-01-31,7.0,10,170679.6
O30263,C11392,P20046,2025-07-10,4.0,0,35334.04
O30264,C11236,P20095,2026-02-19,6.0,10,367176.46
O30265,C10577,P20418,2026-05-15,7.0,0,268326.94
O30266,C11985,P20064,2025-02-15,1.0,5,24852.86
O30267,C11233,P20413,2025-03-30,5.0,10,241819.65
O30268,C10763,P20131,2026-01-10,7.0,5,171818.51
O30269,C11921,P20009,2025-09-03,7.0,15,183077.63
O30270,C10117,P20459,2025-09-14,1.0,20,43399.63
O30271,C10628,P20203,2025-12-18,3.0,10,63478.19
O30272,C10749,P20409,2025-04-15,7.0,0,117185.11
O30273,C11502,P20470,2025-12-03,3.0,5,12078.78
O30274,C10105,P20298,2026-06-10,4.0,0,118601.32
O30275,C10495,P20174,2025-10-28,4.0,10,176842.55
O30276,C11795,P20073,2025-03-18,2.0,15,72213.62
O30277,C10046,P20084,2026-05-26,2.0,10,56897.05
O30278,C10823,P20059,2025-08-18,4.0,10,68549.44
O30279,C11355,P20021,2025-02-01,6.0,10,56820.58
O30280,C11240,P20458,2025-02-27,3.0,15,99489.52
O30281,C10982,P20406,2025-04-14,1.0,0,9190.89
O30282,C10960,P20157,2025-11-08,7.0,15,16208.4
O30283,C11516,P20319,2025-03-08,7.0,10,28106.19
O30284,C11837,P20329,2026-01-09,4.0,0,41038.04
O30285,C11946,P20061,2025-08-23,6.0,20,142447.82
O30286,C10845,P20064,2025-04-22,1.0,20,20928.73
O30287,C10449,P20325,2026-01-24,2.0,10,14491.08
O30288,C10536,P20168,2026-02-12,1.0,15,15431.23
O30289,C10511,P20203,2025-02-23,4.0,0,94041.76
O30290,C11482,P20129,2025-08-27,3.0,5,44712.57
O30291,C11571,P20245,2025-10-22,4.0,0,16881.52
O30292,C11560,P20106,2025-04-22,7.0,5,400411.53
O30293,C10540,P20321,2025-03-29,7.0,5,30678.18
O30294,C11508,P20122,2026-04-21,5.0,0,261379.4
O30295,C12000,P20318,2025-10-31,6.0,10,40739.27
O30296,C10016,P20182,2025-11-01,6.0,0,105059.28
O30297,C11595,P20103,2025-10-17,6.0,0,156813.96
O30298,C10243,P20316,2025-07-27,5.0,5,85417.49
O30299,C11974,P20302,2026-01-05,5.0,5,223267.29
O30300,C11231,P20261,2025-08-08,3.0,0,103327.08
O30301,C10912,P20113,2025-08-19,6.0,0,380515.92
O30302,C11295,P20406,2025-12-15,4.0,0,36763.56
O30303,C10761,P20474,2025-09-12,5.0,0,171470.75
O30304,C11803,P20437,2026-03-28,4.0,5,221902.9
O30305,C10705,P20070,2025-05-22,2.0,15,51844.64
O30306,C11871,P20160,2025-03-10,6.0,0,180688.32
O30307,C11754,P20240,2025-03-30,5.0,10,127692.81
O30308,C10115,P20011,2025-05-16,5.0,0,52434.3
O30309,C11604,P20138,2026-06-07,3.0,5,65108.71
O30310,C11323,P20495,2026-03-18,4.0,0,299716.0
O30311,C11861,P20167,2025-02-07,3.0,15,77939.73
O30312,C11507,P20247,2025-07-27,3.0,5,55089.73
O30313,C10397,P20354,2025-07-29,4.0,10,66736.15
O30314,C10394,P20031,2026-05-28,2.0,10,6043.99
O30315,C11099,P20012,2025-12-26,4.0,0,218730.08
O30316,C10978,P20243,2025-01-01,2.0,15,58510.23
O30317,C11506,P20108,2026-01-16,3.0,0,121318.02
O30318,C11127,P20336,2026-06-21,2.0,0,5438.94
O30319,C10297,P20422,2026-01-29,6.0,0,189302.58
O30320,C11002,P20323,2025-02-19,2.0,0,9422.1
O30321,C10178,P20194,2026-01-31,2.0,0,12175.96
O30322,C11239,P20308,2025-02-01,5.0,10,266303.74
O30323,C10967,P20133,2026-06-29,5.0,0,314720.4
O30324,C10315,P20395,2025-08-22,7.0,10,5545.07
O30325,C11063,P20281,2025-01-26,3.0,0,106730.88
O30326,C10259,P20291,2026-03-10,4.0,20,86477.7
O30327,C11740,P20163,2025-03-02,2.0,0,143210.34
O30328,C10007,P20278,2026-03-17,6.0,10,222391.76
O30329,C10049,P20421,2025-05-10,5.0,10,294333.62
O30330,C11562,P20470,2025-12-20,4.0,0,16952.68
O30331,C10161,P20439,2025-07-17,6.0,0,80694.3
O30332,C11893,P20203,2026-01-06,2.0,0,47020.88
O30333,C10176,P20096,2025-05-27,4.0,0,223338.44
O30334,C11615,P20483,2026-05-13,7.0,0,263313.82
O30335,C11026,P20223,2025-02-17,6.0,10,90651.04
O30336,C11001,P20237,2025-06-21,1.0,5,14577.8
O30337,C11919,P20117,2025-11-11,6.0,5,128598.33
O30338,C10455,P20456,2026-01-11,6.0,0,2730.72
O30339,C11952,P20192,2026-06-17,2.0,15,43552.59
O30340,C11668,P20276,2026-02-24,4.0,0,279382.4
O30341,C10276,P20106,2026-01-31,2.0,5,114403.29
O30342,C10498,P20482,2026-06-06,2.0,0,6390.28
O30343,C11653,P20004,2025-07-06,1.0,0,14028.71
O30344,C10676,P20018,2025-02-02,7.0,10,404732.66
O30345,C11824,P20307,2025-03-10,6.0,10,381753.81
O30346,C11052,P20452,2025-07-10,4.0,10,124235.46
O30347,C11357,P20020,2025-04-11,7.0,10,380786.05
O30348,C11025,P20122,2026-04-30,3.0,20,125462.11
O30349,C11212,P20137,2025-10-12,5.0,5,137015.32
O30350,C10056,P20080,2026-01-25,7.0,5,102073.18
O30351,C10547,P20154,2025-06-09,2.0,0,94343.7
O30352,C11136,P20358,2025-02-16,2.0,0,58682.0
O30353,C11822,P20025,2025-06-08,2.0,5,41428.76
O30354,C11334,P20452,2026-03-22,2.0,0,69019.7
O30355,C10036,P20169,2026-06-07,5.0,5,224564.85
O30356,C10439,P20059,2025-06-04,3.0,0,57124.53
O30357,C11753,P20301,2025-12-05,1.0,15,50681.61
O30358,C11616,P20041,2025-12-31,3.0,20,85947.17
O30359,C11850,P20038,2025-05-28,5.0,0,68580.5
O30360,C10595,P20117,2025-05-24,4.0,15,76707.77
O30361,C11601,P20275,2025-04-13,1.0,15,3889.24
O30362,C11349,P20270,2025-04-03,1.0,20,30697.07
O30363,C11664,P20127,2025-10-13,4.0,0,133517.4
O30364,C10307,P20405,2026-02-28,6.0,10,274766.74
O30365,C11558,P20399,2025-04-29,2.0,0,59675.48
O30366,C11752,P20003,2025-01-29,5.0,10,243758.65
O30367,C10619,P20293,2026-05-26,4.0,10,21070.08
O30368,C11133,P20373,2025-01-30,3.0,10,54615.25
O30369,C11396,P20498,2026-01-01,3.0,0,132006.39
O30370,C10357,P20430,2025-05-18,6.0,15,285963.43
O30371,C10181,P20016,2026-04-20,4.0,5,110583.23
O30372,C11380,P20398,2026-01-27,5.0,0,105432.95
O30373,C11700,P20265,2026-03-11,6.0,5,261231.51
O30374,C10068,P20239,2025-08-22,6.0,15,30217.6
O30375,C10292,P20263,2025-02-24,6.0,20,202927.49
O30376,C10692,P20398,2025-10-19,1.0,10,18977.93
O30377,C10181,P20134,2025-11-08,1.0,0,60700.22
O30378,C11490,P20213,2025-03-30,2.0,0,71634.26
O30379,C10434,P20015,2025-07-31,5.0,0,290745.7
O30380,C11488,P20436,2025-11-14,3.0,0,223418.64
O30381,C11705,P20328,2026-04-10,3.0,5,143069.54
O30382,C10914,P20418,2025-03-28,2.0,0,76664.84
O30383,C11558,P20360,2026-02-13,3.0,0,59722.89
O30384,C10066,P20129,2025-08-28,6.0,15,80011.96
O30385,C11045,P20352,2025-02-26,2.0,10,88523.42
O30386,C11636,P20122,2025-04-23,2.0,10,94096.58
O30387,C10384,P20241,2025-03-11,4.0,5,234059.82
O30388,C11836,P20115,2025-07-03,1.0,5,47814.13
O30389,C11639,P20197,2025-10-03,5.0,0,97270.25
O30390,C11583,P20222,2025-08-21,5.0,5,311546.9
O30391,C10039,P20214,2025-02-23,1.0,10,51158.25
O30392,C11309,P20404,2025-09-14,6.0,5,401026.86
O30393,C10822,P20080,2025-03-31,5.0,15,65234.74
O30394,C10602,P20263,2026-03-11,3.0,15,107805.23
O30395,C11621,P20135,2026-02-12,3.0,5,68535.32
O30396,C10785,P20306,2025-09-26,5.0,0,229408.2
O30397,C11360,P20242,2026-01-01,7.0,15,4959.38
O30398,C11212,P20386,2025-12-17,7.0,10,368667.05
O30399,C10671,P20303,2025-10-26,4.0,10,253230.08
O30400,C11267,P20270,2025-06-08,5.0,10,172671.03
O30401,C11097,P20287,2026-05-02,2.0,0,123196.42
O30402,C10479,P20050,2026-06-10,6.0,0,441565.56
O30403,C11998,P20189,2025-12-21,2.0,0,86836.08
O30404,C10561,P20297,2026-02-05,1.0,0,53552.31
O30405,C10101,P20014,2026-02-09,6.0,5,111341.98
O30406,C10514,P20389,2025-04-06,6.0,0,354233.82
O30407,C11780,P20459,2026-01-27,3.0,15,138336.33
O30408,C10176,P20232,2025-12-18,6.0,10,249724.78
O30409,C10238,P20261,2025-10-15,4.0,5,130880.97
O30410,C10910,P20192,2026-06-07,5.0,0,128095.85
O30411,C11083,P20413,2025-06-11,2.0,10,96727.86
O30412,C11889,P20203,2025-07-01,3.0,0,70531.32
O30413,C11123,P20261,2025-03-23,7.0,10,216986.87
O30414,C11978,P20113,2026-06-08,3.0,15,161719.27
O30415,C10871,P20374,2025-01-04,4.0,5,35070.05
O30416,C11978,P20352,2026-05-10,4.0,0,196718.72
O30417,C10495,P20036,2025-02-20,4.0,10,181997.53
O30418,C10947,P20079,2025-09-18,4.0,0,87865.16
O30419,C11538,P20275,2025-05-14,7.0,0,32029.06
O30420,C10755,P20448,2025-12-28,2.0,5,8031.89
O30421,C11321,P20278,2025-08-05,4.0,15,140024.44
O30422,C10211,P20162,2025-03-09,3.0,0,46501.65
O30423,C11147,P20312,2025-05-23,3.0,15,143380.84
O30424,C11253,P20017,2025-12-12,7.0,0,267046.01
O30425,C11618,P20204,2025-07-13,6.0,0,232394.22
O30426,C11680,P20473,2025-09-03,5.0,10,101507.54
O30427,C11412,P20440,2025-11-10,3.0,0,195022.8
O30428,C10140,P20017,2026-01-19,3.0,0,114448.29
O30429,C10541,P20202,2025-10-04,7.0,0,394447.97
O30430,C11415,P20476,2025-03-13,2.0,0,46036.1
O30431,C10270,P20210,2025-05-09,6.0,0,200605.08
O30432,C11783,P20499,2025-12-24,3.0,10,99344.12
O30433,C11036,P20402,2026-06-09,1.0,10,28331.24
O30434,C11891,P20429,2025-08-08,3.0,20,17121.89
O30435,C11413,P20480,2025-01-06,5.0,10,212589.0
O30436,C11361,P20078,2025-08-16,5.0,10,231671.43
O30437,C10506,P20056,2025-01-17,6.0,10,291680.73
O30438,C11130,P20080,2025-01-12,6.0,15,78281.68
O30439,C10032,P20306,2026-05-14,4.0,0,183526.56
O30440,C11098,P20058,2026-05-17,2.0,0,141600.44
O30441,C11195,P20018,2025-03-11,5.0,10,289094.76
O30442,C11873,P20208,2025-04-18,1.0,0,40350.81
O30443,C11093,P20465,2025-07-20,1.0,15,28781.28
O30444,C10813,P20135,2025-02-21,4.0,5,91380.42
O30445,C10362,P20332,2025-09-16,2.0,0,2641.06
O30446,C11673,P20482,2026-04-27,2.0,10,5751.25
O30447,C11457,P20010,2025-09-21,6.0,0,127132.98
O30448,C10929,P20069,2025-10-30,3.0,20,42197.81
O30449,C10100,P20341,2025-05-05,1.0,20,42400.08
O30450,C11682,P20387,2025-09-27,1.0,10,35397.46
O30451,C10009,P20083,2026-04-25,7.0,0,52110.52
O30452,C11598,P20109,2025-05-12,1.0,0,14639.07
O30453,C10697,P20044,2025-01-02,1.0,5,32703.08
O30454,C11053,P20483,2025-04-25,7.0,15,223816.75
O30455,C11917,P20454,2026-04-26,5.0,0,162557.1
O30456,C11138,P20398,2025-01-01,2.0,0,42173.18
O30457,C10462,P20132,2025-11-27,3.0,0,221818.59
O30458,C10921,P20493,2026-01-26,5.0,5,95493.81
O30459,C11167,P20499,2025-05-23,2.0,15,62550.0
O30460,C10390,P20018,2025-11-24,4.0,0,256973.12
O30461,C10632,P20093,2026-01-12,1.0,0,7946.82
O30462,C10682,P20483,2025-03-31,3.0,10,101563.9
O30463,C10157,P20436,2025-02-11,2.0,15,126603.9
O30464,C10335,P20294,2025-02-04,4.0,15,30319.84
O30465,C11885,P20464,2026-05-09,1.0,10,2090.66
O30466,C10260,P20148,2025-05-04,4.0,0,147049.52
O30467,C10082,P20472,2025-02-26,7.0,5,277187.1
O30468,C10754,P20483,2026-04-01,4.0,20,120372.03
O30469,C11465,P20172,2025-08-23,5.0,20,222571.72
O30470,C11969,P20051,2026-01-27,4.0,10,126464.83
O30471,C11196,P20019,2026-05-07,5.0,10,253446.93
O30472,C11255,P20120,2025-12-09,6.0,20,135182.83
O30473,C10720,P20324,2025-06-25,5.0,5,97818.27
O30474,C10075,P20225,2025-02-21,7.0,0,34627.04
O30475,C11294,P20066,2026-04-23,7.0,10,166696.99
O30476,C11923,P20141,2026-05-04,4.0,20,97300.61
O30477,C10626,P20446,2025-01-05,2.0,10,122864.13
O30478,C10062,P20189,2025-07-28,4.0,15,147621.34
O30479,C10874,P20493,2025-08-05,4.0,5,76395.05
O30480,C10320,P20158,2026-06-20,2.0,0,35796.88
O30481,C10102,P20098,2025-12-08,1.0,0,64591.89
O30482,C11453,P20158,2026-02-05,3.0,20,42956.26
O30483,C10874,P20435,2026-04-07,6.0,5,272355.75
O30484,C11746,P20246,2025-07-30,1.0,0,33932.65
O30485,C10954,P20344,2025-01-26,4.0,20,57372.64
O30486,C10255,P20432,2025-09-09,1.0,5,46020.88
O30487,C11556,P20236,2025-01-03,3.0,15,186156.6
O30488,C10570,P20033,2025-01-02,7.0,5,311731.25
O30489,C10112,P20361,2025-01-02,1.0,0,43716.8
O30490,C10985,P20241,2025-05-30,3.0,10,166305.66
O30491,C11337,P20330,2025-01-04,1.0,20,51146.31
O30492,C10998,P20338,2026-05-12,5.0,0,193429.15
O30493,C10461,P20275,2026-04-13,4.0,15,15556.97
O30494,C10708,P20071,2025-03-11,3.0,0,223490.73
O30495,C10887,P20313,2025-07-20,6.0,5,92463.8
O30496,C11486,P20403,2025-11-04,4.0,5,89042.59
O30497,C11889,P20216,2025-09-09,5.0,15,275459.46
O30498,C11116,P20079,2025-10-14,7.0,5,146075.83
O30499,C11076,P20169,2025-10-19,1.0,5,44912.97
O30500,C11829,P20298,2025-06-03,4.0,15,100811.12
O30501,C10520,P20471,2025-05-13,1.0,0,33628.93
O30502,C10812,P20180,2025-10-01,1.0,0,22089.5
O30503,C11122,P20116,2026-05-24,4.0,0,121429.08
O30504,C10236,P20260,2025-12-19,3.0,10,189556.77
O30505,C11925,P20486,2025-01-05,3.0,5,172613.07
O30506,C11398,P20260,2025-10-20,4.0,15,238701.11
O30507,C11605,P20005,2025-12-26,3.0,5,70766.64
O30508,C10927,P20297,2025-08-02,2.0,0,107104.62
O30509,C10557,P20108,2026-02-10,1.0,15,34373.44
O30510,C10649,P20343,2026-03-12,4.0,0,225478.8
O30511,C10234,P20360,2025-01-15,6.0,15,101528.91
O30512,C11056,P20117,2025-09-30,5.0,0,112805.55
O30513,C11313,P20357,2025-02-14,7.0,0,347210.57
O30514,C11662,P20445,2026-02-16,4.0,5,280431.68
O30515,C10579,P20331,2025-07-06,4.0,0,245376.68
O30516,C10542,P20439,2025-06-19,1.0,0,13449.05
O30517,C10114,P20331,2026-02-05,5.0,5,291384.81
O30518,C10204,P20013,2025-09-03,1.0,0,61042.13
O30519,C11053,P20142,2025-02-12,6.0,0,286208.22
O30520,C10643,P20188,2025-06-28,7.0,0,454707.19
O30521,C10474,P20456,2026-04-02,3.0,5,1297.09
O30522,C10697,P20281,2026-06-19,4.0,5,135192.45
O30523,C10253,P20466,2025-09-01,1.0,0,22444.43
O30524,C11822,P20115,2025-01-17,7.0,10,317083.16
O30525,C10905,P20428,2025-04-22,6.0,10,175973.36
O30526,C11946,P20236,2025-01-30,6.0,10,394213.99
O30527,C10386,P20338,2025-07-11,7.0,5,257260.77
O30528,C10062,P20010,2026-03-13,2.0,0,42377.66
O30529,C10515,P20199,2025-06-28,4.0,5,38342.3
O30530,C10430,P20252,2026-04-19,6.0,15,367800.12
O30531,C10580,P20050,2025-05-14,7.0,5,489401.83
O30532,C11561,P20428,2025-11-08,3.0,0,97762.98
O30533,C11715,P20142,2025-01-25,1.0,0,47701.37
O30534,C11165,P20271,2026-01-06,1.0,15,57963.41
O30535,C10743,P20016,2026-06-09,2.0,10,52381.53
O30536,C11324,P20002,2025-11-15,3.0,0,28109.07
O30537,C10675,P20158,2025-08-18,6.0,0,107390.64
O30538,C10311,P20030,2025-04-12,7.0,15,380563.61
O30539,C10471,P20082,2026-03-26,2.0,0,25962.02
O30540,C11417,P20031,2026-01-13,6.0,5,19139.29
O30541,C11666,P20236,2025-07-22,6.0,10,394213.99
O30542,C11469,P20496,2025-09-24,4.0,5,63682.15
O30543,C11782,P20333,2026-04-07,5.0,0,336053.8
O30544,C10809,P20148,2025-12-31,7.0,0,257336.66
O30545,C10172,P20177,2025-04-14,6.0,15,187910.93
O30546,C10576,P20370,2025-04-21,1.0,5,63373.75
O30547,C10031,P20035,2026-03-04,6.0,15,125196.33
O30548,C10047,P20023,2026-04-14,2.0,10,120667.19
O30549,C10130,P20106,2025-09-07,7.0,15,358262.95
O30550,C10352,P20097,2026-04-27,6.0,15,204521.12
O30551,C10978,P20230,2025-11-27,7.0,5,418997.61
O30552,C11869,P20227,2025-07-20,1.0,0,23560.23
O30553,C11646,P20371,2026-03-30,1.0,10,11069.4
O30554,C11605,P20100,2026-05-19,2.0,10,1958.71
O30555,C10058,P20445,2026-06-30,1.0,5,70107.92
O30556,C11130,P20468,2025-04-21,3.0,15,24501.98
O30557,C10812,P20055,2026-06-28,3.0,0,86704.11
O30558,C11354,P20195,2025-07-28,5.0,0,106944.2
O30559,C10768,P20008,2025-02-02,7.0,10,118986.71
O30560,C11848,P20424,2025-04-17,3.0,0,68865.72
O30561,C10683,P20315,2025-09-22,2.0,5,136232.81
O30562,C11407,P20128,2025-08-14,6.0,20,305236.9
O30563,C11186,P20032,2026-05-02,3.0,10,10826.22
O30564,C10997,P20093,2025-06-28,5.0,15,33773.98
O30565,C10286,P20007,2025-08-10,7.0,10,13544.62
O30566,C11095,P20258,2026-01-05,4.0,10,51850.48
O30567,C11791,P20341,2025-06-16,4.0,10,190800.36
O30568,C11478,P20390,2025-10-27,2.0,0,61123.14
O30569,C10886,P20220,2026-01-16,5.0,5,12217.33
O30570,C11591,P20240,2025-02-04,3.0,0,85128.54
O30571,C11859,P20106,2026-02-11,5.0,20,240849.04
O30572,C10397,P20036,2026-05-17,1.0,0,50554.87
O30573,C11539,P20416,2025-11-10,5.0,0,271320.65
O30574,C10026,P20045,2025-04-11,3.0,10,171372.64
O30575,C10313,P20298,2025-08-03,2.0,5,56335.63
O30576,C10126,P20309,2025-03-03,1.0,0,2095.88
O30577,C11432,P20366,2026-01-04,5.0,0,193462.35
O30578,C11589,P20009,2026-01-03,4.0,15,104615.79
O30579,C11222,P20459,2025-04-04,3.0,5,154611.19
O30580,C10811,P20087,2026-04-14,2.0,0,82370.3
O30581,C10188,P20370,2025-01-26,6.0,5,380242.5
O30582,C10698,P20331,2026-03-11,3.0,0,184032.51
O30583,C11841,P20177,2025-05-01,5.0,0,184226.4
O30584,C10810,P20130,2025-02-19,7.0,20,399960.68
O30585,C10716,P20195,2025-02-05,2.0,5,40638.8
O30586,C11508,P20011,2026-02-14,4.0,0,41947.44
O30587,C10450,P20306,2025-10-16,1.0,20,36705.31
O30588,C10523,P20419,2026-01-14,5.0,10,48182.26
O30589,C11895,P20122,2025-04-10,2.0,0,104551.76
O30590,C11378,P20399,2025-11-20,1.0,5,28345.85
O30591,C10986,P20235,2025-11-25,7.0,15,319746.81
O30592,C10658,P20331,2025-08-09,2.0,5,116553.92
O30593,C10597,P20031,2025-04-20,6.0,10,18131.96
O30594,C10100,P20348,2025-05-29,5.0,5,183401.58
O30595,C10616,P20446,2026-02-10,2.0,5,129689.92
O30596,C10948,P20412,2026-02-14,4.0,10,25166.09
O30597,C11582,P20224,2025-05-09,7.0,5,80704.87
O30598,C10556,P20153,2026-04-29,2.0,0,32744.24
O30599,C10278,P20212,2025-04-18,5.0,15,94912.91
O30600,C11717,P20092,2026-01-24,2.0,0,77586.6
O30601,C11723,P20409,2026-03-01,1.0,5,15903.69
O30602,C11650,P20331,2026-03-23,1.0,10,55209.75
O30603,C10491,P20467,2025-03-09,7.0,10,439392.43
O30604,C10255,P20348,2025-03-07,6.0,5,220081.9
O30605,C10381,P20129,2026-05-19,3.0,10,42359.27
O30606,C10892,P20443,2026-05-19,7.0,0,452950.33
O30607,C10542,P20197,2025-11-17,6.0,10,105051.87
O30608,C11288,P20458,2026-03-23,7.0,15,232142.22
O30609,C11634,P20042,2025-07-29,3.0,15,149914.81
O30610,C10825,P20366,2026-01-05,4.0,10,139292.89
O30611,C10879,P20418,2026-04-03,1.0,0,38332.42
O30612,C11353,P20228,2025-06-12,3.0,0,90920.28
O30613,C11139,P20194,2025-11-28,2.0,0,12175.96
O30614,C11300,P20018,2025-12-16,4.0,5,244124.46
O30615,C11512,P20333,2026-04-13,5.0,0,336053.8
O30616,C10281,P20243,2026-03-02,3.0,20,82602.67
O30617,C11299,P20389,2025-11-23,7.0,15,351281.87
O30618,C10773,P20276,2025-04-16,6.0,0,419073.6
O30619,C10843,P20450,2025-09-12,3.0,10,115568.21
O30620,C10719,P20127,2025-12-24,6.0,10,180248.49
O30621,C11920,P20075,2026-03-20,7.0,0,150917.55
O30622,C10328,P20062,2025-04-23,7.0,5,308350.13
O30623,C10211,P20478,2025-01-30,6.0,5,130213.42
O30624,C10727,P20480,2026-06-08,1.0,0,47242.0
O30625,C10923,P20288,2025-02-15,4.0,10,106568.46
O30626,C10552,P20186,2025-06-20,6.0,20,43835.57
O30627,C10026,P20178,2025-05-10,1.0,5,9747.79
O30628,C10027,P20166,2025-12-19,1.0,10,23048.4
O30629,C10702,P20183,2025-07-22,6.0,0,131439.12
O30630,C11107,P20028,2025-08-14,4.0,15,220075.1
O30631,C11920,P20330,2025-03-21,2.0,15,108685.91
O30632,C11970,P20470,2025-11-06,7.0,0,29667.19
O30633,C10682,P20247,2025-02-04,3.0,15,49290.81
O30634,C10413,P20337,2025-06-10,1.0,0,25387.51
O30635,C10167,P20022,2026-03-11,3.0,0,16524.12
O30636,C11724,P20427,2026-06-22,4.0,10,73094.76
O30637,C10169,P20467,2025-08-13,2.0,5,132515.18
O30638,C11825,P20465,2026-03-22,5.0,5,160836.57
O30639,C10229,P20472,2025-11-13,7.0,10,262598.3
O30640,C11633,P20420,2026-02-18,7.0,0,455050.12
O30641,C10367,P20096,2025-04-05,2.0,0,111669.22
O30642,C10528,P20122,2025-08-13,4.0,5,198648.34
O30643,C10791,P20250,2025-03-07,2.0,0,78519.72
O30644,C11671,P20494,2026-02-01,7.0,0,227998.33
O30645,C11562,P20379,2025-07-29,5.0,0,280615.65
O30646,C11888,P20308,2026-04-19,1.0,15,50301.82
O30647,C10524,P20420,2026-05-05,2.0,15,110512.17
O30648,C11096,P20412,2025-06-29,6.0,0,41943.48
O30649,C11669,P20334,2026-06-08,6.0,0,14772.84
O30650,C10106,P20442,2026-04-04,4.0,10,37936.22
O30651,C10732,P20420,2025-03-09,7.0,20,364040.1
O30652,C11909,P20326,2025-11-25,7.0,0,156576.21
O30653,C10965,P20137,2025-07-21,2.0,15,49037.06
O30654,C11713,P20277,2026-04-20,5.0,5,19346.27
O30655,C11306,P20320,2026-06-02,4.0,20,31849.66
O30656,C10133,P20332,2025-01-15,2.0,0,2641.06
O30657,C10534,P20061,2025-02-11,4.0,20,94965.22
O30658,C10975,P20250,2026-06-27,6.0,5,223781.2
O30659,C10269,P20478,2025-10-16,5.0,20,91377.84
O30660,C11436,P20095,2026-06-17,1.0,5,64595.86
O30661,C10673,P20296,2025-09-01,5.0,5,168982.72
O30662,C11643,P20184,2025-06-23,1.0,15,23707.14
O30663,C10791,P20260,2026-06-18,7.0,10,442299.12
O30664,C11889,P20287,2026-05-24,3.0,10,166315.17
O30665,C11771,P20155,2025-09-01,6.0,5,394997.23
O30666,C10018,P20186,2025-03-01,7.0,10,57534.18
O30667,C11778,P20409,2025-04-14,6.0,15,85377.72
O30668,C10117,P20069,2025-10-30,6.0,0,105494.52
O30669,C10798,P20326,2025-03-18,5.0,10,100656.14
O30670,C11818,P20261,2025-01-18,1.0,15,29276.01
O30671,C11168,P20115,2026-06-18,3.0,10,135892.78
O30672,C11741,P20347,2025-07-03,3.0,15,35445.31
O30673,C10551,P20008,2025-10-08,3.0,15,48161.29
O30674,C10929,P20265,2025-10-15,7.0,10,288729.57
O30675,C11690,P20271,2026-06-09,4.0,10,245492.1
O30676,C11712,P20484,2026-04-19,5.0,20,229715.16
O30677,C11985,P20249,2025-09-24,5.0,15,225290.2
O30678,C10753,P20105,2025-12-23,7.0,15,333435.74
O30679,C10422,P20263,2025-01-01,6.0,0,253659.36
O30680,C11922,P20224,2025-01-27,5.0,0,60680.35
O30681,C11393,P20328,2025-06-09,5.0,10,225899.28
O30682,C10646,P20495,2026-02-03,4.0,10,269744.4
O30683,C10558,P20371,2026-06-27,5.0,0,61496.65
O30684,C10050,P20271,2025-05-07,1.0,0,68192.25
O30685,C10678,P20165,2025-07-29,7.0,0,26672.38
O30686,C10106,P20083,2025-05-30,3.0,10,20099.77
O30687,C11240,P20295,2025-01-31,4.0,15,221901.65
O30688,C10658,P20134,2025-10-29,4.0,15,206380.75
O30689,C11947,P20211,2025-09-14,6.0,5,401474.43
O30690,C11449,P20313,2025-02-26,5.0,5,77053.17
O30691,C11096,P20092,2025-01-09,3.0,5,110560.9
O30692,C10988,P20337,2025-01-05,7.0,5,168826.94
O30693,C10842,P20490,2025-04-24,1.0,10,58503.53
O30694,C11809,P20403,2025-07-24,7.0,5,155824.53
O30695,C11783,P20127,2025-01-24,3.0,0,100138.05
O30696,C10446,P20191,2026-05-08,7.0,5,10271.19
O30697,C11949,P20159,2026-02-10,2.0,0,46959.88
O30698,C11210,P20331,2025-04-13,3.0,0,184032.51
O30699,C10070,P20335,2025-03-01,1.0,5,17291.46
O30700,C11998,P20010,2025-03-27,1.0,0,21188.83
O30701,C10150,P20107,2026-01-07,1.0,5,11681.53
O30702,C11270,P20087,2025-07-21,4.0,0,164740.6
O30703,C10774,P20067,2025-03-30,7.0,10,292359.69
O30704,C11562,P20062,2026-03-13,4.0,20,148379.01
O30705,C11959,P20387,2025-04-30,2.0,5,74727.97
O30706,C11676,P20146,2025-06-05,3.0,10,38512.21
O30707,C11123,P20153,2026-02-03,5.0,15,69581.51
O30708,C11934,P20107,2025-07-07,6.0,5,70089.2
O30709,C11302,P20148,2025-02-21,2.0,0,73524.76
O30710,C11587,P20186,2026-06-15,7.0,0,63926.87
O30711,C11687,P20349,2026-04-25,5.0,5,301180.3
O30712,C10944,P20342,2025-08-18,7.0,10,90131.45
O30713,C10455,P20178,2026-04-26,5.0,0,51304.15
O30714,C11128,P20377,2025-05-10,2.0,15,104864.35
O30715,C10946,P20335,2025-02-24,3.0,0,54604.62
O30716,C10601,P20487,2025-09-28,6.0,15,97460.85
O30717,C10653,P20266,2025-04-10,5.0,15,181737.95
O30718,C10725,P20149,2025-03-10,4.0,20,195314.53
O30719,C10233,P20247,2025-10-26,4.0,15,65721.08
O30720,C11418,P20254,2026-06-13,2.0,0,115020.74
O30721,C11525,P20500,2025-12-20,6.0,10,213070.28
O30722,C11719,P20029,2025-06-01,6.0,0,143429.94
O30723,C10251,P20352,2025-11-26,7.0,15,292619.1
O30724,C11545,P20266,2025-04-26,5.0,0,213809.35
O30725,C10079,P20013,2026-06-26,2.0,0,122084.26
O30726,C11076,P20047,2025-11-19,6.0,15,98811.99
O30727,C10898,P20151,2025-08-17,6.0,0,193918.38
O30728,C10921,P20050,2025-12-26,4.0,0,294377.04
O30729,C10781,P20215,2025-01-05,2.0,5,98376.96
O30730,C10226,P20479,2025-01-28,5.0,10,303798.64
O30731,C11075,P20132,2025-12-30,5.0,10,332727.88
O30732,C11210,P20372,2026-04-07,4.0,10,47609.57
O30733,C11058,P20113,2025-08-19,7.0,15,377344.95
O30734,C10803,P20252,2026-01-30,1.0,0,72117.67
O30735,C10742,P20451,2025-09-28,1.0,5,38001.42
O30736,C10131,P20341,2025-10-31,6.0,10,286200.54
O30737,C11023,P20053,2026-01-18,3.0,10,81951.32
O30738,C10632,P20130,2025-01-28,4.0,5,271401.89
O30739,C11467,P20324,2026-06-03,3.0,0,61779.96
O30740,C10838,P20193,2025-07-18,6.0,0,358414.92
O30741,C10759,P20079,2025-03-23,7.0,0,153764.03
O30742,C11456,P20057,2025-03-29,4.0,0,164798.36
O30743,C10704,P20097,2026-01-25,5.0,0,200510.9
O30744,C10497,P20198,2026-03-27,7.0,5,465953.2
O30745,C11427,P20135,2026-03-09,4.0,0,96189.92
O30746,C10323,P20147,2026-01-09,2.0,10,60411.55
O30747,C11234,P20172,2026-03-11,3.0,15,141889.47
O30748,C10615,P20063,2025-07-06,4.0,5,245486.38
O30749,C10329,P20065,2026-01-25,3.0,5,140042.93
O30750,C11396,P20295,2025-08-06,7.0,20,365485.06
O30751,C11484,P20211,2025-04-18,6.0,5,401474.43
O30752,C10133,P20109,2025-12-15,4.0,20,46845.02
O30753,C10835,P20282,2026-06-06,1.0,0,24527.37
O30754,C10651,P20172,2025-01-26,3.0,15,141889.47
O30755,C10121,P20012,2025-02-17,5.0,5,259741.97
O30756,C10606,P20406,2026-01-05,5.0,0,45954.45
O30757,C11476,P20333,2025-01-14,4.0,20,215074.43
O30758,C10965,P20220,2025-07-06,5.0,20,10288.28
O30759,C10129,P20398,2026-06-08,7.0,5,140225.82
O30760,C11115,P20342,2025-10-06,5.0,20,57226.32
O30761,C11628,P20286,2025-12-07,3.0,0,132587.22
O30762,C11599,P20172,2025-11-24,7.0,10,350550.46
O30763,C10029,P20468,2025-01-25,4.0,0,38434.48
O30764,C10722,P20236,2026-06-13,3.0,0,219007.77
O30765,C11548,P20475,2026-03-02,4.0,10,45062.89
O30766,C10333,P20166,2025-01-29,5.0,5,121644.32
O30767,C11321,P20187,2025-11-19,7.0,0,500917.97
O30768,C11154,P20170,2025-11-09,4.0,5,182918.47
O30769,C11317,P20052,2025-09-27,6.0,0,356745.54
O30770,C11197,P20319,2025-10-22,4.0,10,16060.68
O30771,C11744,P20189,2025-08-11,2.0,0,86836.08
O30772,C10944,P20120,2025-03-16,4.0,15,95754.51
O30773,C11048,P20105,2025-04-12,2.0,0,112079.24
O30774,C11123,P20162,2026-06-16,3.0,5,44176.57
O30775,C11430,P20295,2025-06-22,2.0,0,130530.38
O30776,C10356,P20041,2025-01-04,7.0,10,225611.32
O30777,C10139,P20377,2026-04-24,3.0,0,185054.73
O30778,C11527,P20364,2026-01-30,4.0,5,171341.7
O30779,C11850,P20165,2025-06-16,3.0,0,11431.02
O30780,C11198,P20321,2025-10-27,5.0,15,19606.36
O30781,C10029,P20374,2025-04-28,6.0,0,55373.76
O30782,C10931,P20335,2026-05-27,4.0,15,61885.24
O30783,C10496,P20160,2025-06-24,7.0,0,210803.04
O30784,C11014,P20264,2025-06-08,2.0,0,17323.02
O30785,C10655,P20353,2026-01-19,6.0,0,392863.44
O30786,C10828,P20018,2025-08-15,1.0,0,64243.28
O30787,C10351,P20173,2025-02-07,6.0,5,232732.31
O30788,C10554,P20477,2026-04-08,4.0,20,149429.25
O30789,C10299,P20352,2026-03-07,7.0,0,344257.76
O30790,C11744,P20033,2025-04-14,7.0,5,311731.25
O30791,C11866,P20261,2025-07-12,6.0,5,196321.45
O30792,C11969,P20210,2025-09-07,6.0,0,200605.08
O30793,C11216,P20496,2025-01-13,5.0,0,83792.3
O30794,C11696,P20383,2026-01-23,3.0,15,2059.64
O30795,C10064,P20330,2025-03-12,6.0,0,383597.34
O30796,C10755,P20382,2026-03-14,2.0,10,96162.59
O30797,C10770,P20164,2025-02-13,7.0,0,482394.92
O30798,C11688,P20481,2025-09-29,2.0,5,62827.45
O30799,C11239,P20407,2025-01-14,5.0,5,25882.32
O30800,C10834,P20424,2026-01-06,6.0,0,137731.44
O30801,C10166,P20005,2025-04-22,6.0,0,148982.4
O30802,C11567,P20034,2026-01-14,5.0,0,25070.25
O30803,C11907,P20280,2025-11-10,4.0,0,79701.0
O30804,C11256,P20145,2026-02-19,1.0,15,62287.43
O30805,C11818,P20351,2026-04-30,1.0,0,53109.64
O30806,C11565,P20071,2025-06-18,3.0,10,201141.66
O30807,C11219,P20465,2025-09-03,2.0,0,67720.66
O30808,C10506,P20348,2025-09-23,4.0,15,131276.92
O30809,C11358,P20230,2025-08-31,2.0,5,119713.6
O30810,C11792,P20125,2025-10-27,4.0,0,135742.72
O30811,C10793,P20278,2025-11-23,5.0,20,164734.64
O30812,C11328,P20271,2026-06-14,3.0,0,204576.75
O30813,C10833,P20357,2025-12-08,5.0,10,223206.8
O30814,C11461,P20015,2025-09-06,2.0,10,104668.45
O30815,C11347,P20242,2026-01-15,7.0,5,5542.84
O30816,C11526,P20498,2026-06-16,3.0,20,105605.11
O30817,C10858,P20153,2026-01-16,6.0,15,83497.81
O30818,C11938,P20053,2025-02-11,7.0,15,180596.42
O30819,C11417,P20149,2025-12-11,4.0,20,195314.53
O30820,C10806,P20358,2025-09-18,4.0,5,111495.8
O30821,C11623,P20450,2025-11-02,3.0,0,128409.12
O30822,C11173,P20219,2025-08-28,5.0,10,38713.36
O30823,C10761,P20113,2025-11-09,3.0,5,180745.06
O30824,C10833,P20288,2026-03-17,5.0,0,148011.75
O30825,C11429,P20277,2025-05-13,3.0,5,11607.76
O30826,C10283,P20452,2025-02-20,5.0,15,146666.86
O30827,C11386,P20428,2026-01-27,1.0,0,32587.66
O30828,C10379,P20083,2026-06-07,3.0,15,18983.12
O30829,C10198,P20450,2026-05-23,5.0,5,203314.44
O30830,C11015,P20218,2025-12-20,6.0,0,193117.92
O30831,C11024,P20226,2026-01-30,2.0,15,104985.05
O30832,C10556,P20270,2025-04-06,7.0,20,214879.5
O30833,C10356,P20015,2025-04-16,7.0,0,407043.98
O30834,C11564,P20404,2026-05-28,7.0,0,492489.13
O30835,C11453,P20290,2025-08-30,2.0,5,104179.15
O30836,C11041,P20420,2026-05-03,3.0,15,165768.26
O30837,C10639,P20339,2026-05-30,3.0,0,179428.11
O30838,C10379,P20265,2025-03-02,4.0,0,183320.36
O30839,C10680,P20199,2026-02-20,5.0,10,45405.36
O30840,C10506,P20158,2025-10-21,3.0,5,51010.55
O30841,C11780,P20333,2025-10-29,2.0,0,134421.52
O30842,C10899,P20475,2025-06-19,2.0,15,21279.7
O30843,C10076,P20447,2025-02-10,7.0,15,380376.0
O30844,C10231,P20492,2025-08-19,2.0,15,38167.31
O30845,C11740,P20419,2026-02-13,5.0,0,53535.85
O30846,C10962,P20397,2025-10-24,1.0,15,62892.02
O30847,C11272,P20207,2026-03-31,3.0,10,73361.89
O30848,C10302,P20174,2025-02-26,7.0,0,343860.51
O30849,C10726,P20184,2025-08-28,1.0,10,25101.68
O30850,C10215,P20265,2025-06-25,5.0,0,229150.45
O30851,C11182,P20493,2025-03-04,7.0,10,126654.95
O30852,C10069,P20471,2025-05-18,6.0,10,181596.22
O30853,C10393,P20246,2026-03-30,3.0,10,91618.16
O30854,C11109,P20036,2026-03-25,4.0,0,202219.48
O30855,C10267,P20373,2025-08-14,3.0,10,54615.25
O30856,C11093,P20488,2026-03-19,3.0,0,185501.58
O30857,C10611,P20259,2025-07-25,3.0,15,79703.59
O30858,C11371,P20482,2025-01-27,7.0,10,20129.38
O30859,C11009,P20019,2026-04-02,7.0,0,394250.78
O30860,C10962,P20412,2025-04-17,3.0,0,20971.74
O30861,C10728,P20023,2026-03-20,6.0,10,362001.58
O30862,C11951,P20104,2025-02-05,3.0,5,8352.12
O30863,C10673,P20241,2025-06-04,5.0,10,277176.11
O30864,C10423,P20493,2025-06-18,3.0,0,60311.88
O30865,C11630,P20391,2025-09-29,6.0,10,2712.42
O30866,C11198,P20361,2026-02-24,5.0,0,218584.0
O30867,C11701,P20204,2025-07-03,3.0,5,110387.25
O30868,C10115,P20253,2025-08-25,3.0,20,114726.07
O30869,C10220,P20142,2026-05-24,5.0,10,214656.16
O30870,C11980,P20302,2026-03-17,3.0,0,141010.92
O30871,C10031,P20143,2025-05-02,6.0,20,224172.58
O30872,C11547,P20451,2026-02-21,7.0,0,280010.5
O30873,C11367,P20271,2026-06-19,2.0,10,122746.05
O30874,C11401,P20307,2026-01-10,3.0,5,201481.18
O30875,C11154,P20472,2025-11-22,4.0,0,166729.08
O30876,C10617,P20500,2026-04-25,5.0,0,197287.3
O30877,C10539,P20110,2025-05-30,6.0,0,324160.86
O30878,C10739,P20008,2026-05-05,3.0,15,48161.29
O30879,C11026,P20069,2025-06-02,3.0,15,44835.17
O30880,C10871,P20190,2025-01-17,5.0,5,240590.49
O30881,C10101,P20179,2025-12-14,1.0,0,18418.06
O30882,C11557,P20063,2026-04-04,6.0,15,329468.57
O30883,C11082,P20068,2025-07-21,6.0,5,378452.35
O30884,C11413,P20206,2026-02-27,2.0,5,66834.0
O30885,C10692,P20400,2025-10-07,7.0,5,343360.05
O30886,C10941,P20468,2026-02-26,7.0,5,63897.32
O30887,C10341,P20408,2026-04-10,2.0,5,69200.22
O30888,C10861,P20006,2025-12-21,3.0,10,99075.8
O30889,C11044,P20119,2026-01-13,5.0,5,56372.34
O30890,C11279,P20313,2025-05-04,4.0,15,55153.85
O30891,C11341,P20031,2025-03-21,3.0,0,10073.31
O30892,C10038,P20006,2025-08-21,2.0,10,66050.53
O30893,C10660,P20483,2026-04-25,3.0,0,112848.78
O30894,C11561,P20207,2025-06-03,5.0,10,122269.82
O30895,C11410,P20157,2026-02-13,6.0,0,16344.6
O30896,C11657,P20067,2025-01-31,6.0,0,278437.8
O30897,C10928,P20459,2026-05-18,6.0,15,276672.65
O30898,C11050,P20387,2026-01-06,6.0,0,235983.06
O30899,C10454,P20412,2025-11-19,7.0,10,44040.65
O30900,C11705,P20330,2025-11-28,4.0,20,204585.25
O30901,C11347,P20370,2025-08-31,1.0,5,63373.75
O30902,C10737,P20353,2026-03-06,7.0,0,458340.68
O30903,C11537,P20432,2025-07-01,4.0,0,193772.12
O30904,C10819,P20336,2026-04-18,3.0,15,6934.65
O30905,C10773,P20379,2026-01-11,2.0,5,106633.95
O30906,C10013,P20394,2025-03-22,5.0,10,168094.76
O30907,C10915,P20289,2026-02-24,3.0,10,91076.72
O30908,C11932,P20484,2026-04-12,1.0,5,54557.35
O30909,C11584,P20451,2026-03-04,5.0,10,180006.75
O30910,C10921,P20453,2025-02-26,5.0,0,149700.8
O30911,C10825,P20140,2025-11-18,5.0,5,180741.2
O30912,C10371,P20441,2026-06-26,3.0,10,90397.46
O30913,C11315,P20300,2026-05-10,1.0,0,26235.25
O30914,C10332,P20013,2025-09-23,3.0,0,183126.39
O30915,C11630,P20152,2025-08-15,5.0,10,212621.0
O30916,C10261,P20428,2025-02-23,5.0,10,146644.47
O30917,C11814,P20313,2025-01-04,7.0,5,107874.44
O30918,C11895,P20352,2026-03-15,2.0,10,88523.42
O30919,C11229,P20400,2025-11-06,4.0,5,196205.74
O30920,C10697,P20480,2025-03-30,3.0,15,120467.1
O30921,C10687,P20109,2025-11-16,1.0,10,13175.16
O30922,C10950,P20485,2026-01-10,7.0,0,140960.05
O30923,C10387,P20376,2026-05-16,5.0,5,39182.56
O30924,C11916,P20356,2025-08-22,3.0,10,187540.11
O30925,C10821,P20149,2025-12-03,4.0,15,207521.69
O30926,C10468,P20367,2025-07-04,3.0,0,155556.6
O30927,C11439,P20204,2026-03-14,4.0,5,147183.01
O30928,C10069,P20307,2025-06-29,3.0,0,212085.45
O30929,C11496,P20021,2025-03-17,2.0,0,21044.66
O30930,C11128,P20060,2025-09-29,3.0,10,21092.51
O30931,C11782,P20435,2025-02-24,7.0,0,334471.97
O30932,C11185,P20021,2025-03-18,6.0,10,56820.58
O30933,C10200,P20363,2025-10-23,2.0,15,16310.33
O30934,C10216,P20382,2025-08-07,4.0,20,170955.71
O30935,C11970,P20245,2025-10-04,5.0,0,21101.9
O30936,C10212,P20390,2025-09-23,5.0,10,137527.06
O30937,C10508,P20073,2025-02-12,3.0,15,108320.43
O30938,C10016,P20449,2025-12-27,1.0,0,8099.83
O30939,C11522,P20076,2025-08-16,3.0,5,110966.29
O30940,C10884,P20186,2025-08-15,2.0,15,15525.1
O30941,C10332,P20078,2025-03-04,2.0,0,102965.08
O30942,C10717,P20390,2025-06-20,4.0,15,103909.34
O30943,C11901,P20065,2025-11-03,3.0,5,140042.93
O30944,C10551,P20342,2025-02-03,4.0,0,57226.32
O30945,C11625,P20290,2025-05-10,1.0,5,52089.57
O30946,C10942,P20056,2026-01-29,5.0,0,270074.75
O30947,C10256,P20331,2025-05-31,5.0,0,306720.85
O30948,C10992,P20259,2026-01-19,3.0,5,89080.48
O30949,C11790,P20426,2025-01-17,4.0,5,102949.6
O30950,C10728,P20190,2025-01-14,4.0,5,192472.39
O30951,C10880,P20006,2025-03-22,1.0,0,36694.74
O30952,C10815,P20006,2025-07-26,4.0,15,124762.12
O30953,C11196,P20191,2025-07-23,6.0,5,8803.88
O30954,C10649,P20148,2026-01-14,6.0,15,187488.14
O30955,C11000,P20405,2026-06-28,2.0,15,86500.64
O30956,C11522,P20258,2025-01-23,6.0,0,86417.46
O30957,C10471,P20218,2025-06-11,6.0,0,193117.92
O30958,C11408,P20479,2025-05-24,2.0,15,114768.38
O30959,C10690,P20090,2025-04-14,6.0,10,129648.33
O30960,C11613,P20312,2026-01-17,6.0,0,337366.68
O30961,C10700,P20352,2026-03-31,2.0,10,88523.42
O30962,C10507,P20010,2026-02-21,3.0,0,63566.49
O30963,C10992,P20087,2025-11-20,7.0,0,288296.05
O30964,C11010,P20250,2025-06-20,2.0,5,74593.73
O30965,C11551,P20326,2025-10-01,2.0,0,44736.06
O30966,C10804,P20151,2026-03-28,6.0,20,155134.7
O30967,C10831,P20476,2025-05-05,5.0,15,97826.71
O30968,C11349,P20113,2026-01-18,7.0,10,399541.72
O30969,C10214,P20030,2025-11-13,6.0,0,383761.62
O30970,C11232,P20128,2025-04-17,3.0,0,190773.06
O30971,C10169,P20078,2026-04-08,2.0,5,97816.83
O30972,C11354,P20421,2026-03-06,1.0,5,62137.1
O30973,C11304,P20055,2025-12-03,2.0,0,57802.74
O30974,C10978,P20480,2026-05-11,7.0,10,297624.6
O30975,C11329,P20305,2025-12-28,3.0,5,122243.82
O30976,C10146,P20034,2026-03-08,7.0,15,29833.6
O30977,C11799,P20105,2026-06-04,4.0,15,190534.71
O30978,C10516,P20172,2026-02-10,7.0,10,350550.46
O30979,C11114,P20499,2026-01-12,6.0,10,198688.25
O30980,C10453,P20022,2025-06-01,5.0,0,27540.2
O30981,C10060,P20287,2025-11-18,5.0,0,307991.05
O30982,C11335,P20391,2025-08-02,6.0,15,2561.73
O30983,C10528,P20105,2025-03-06,6.0,10,302613.95
O30984,C11251,P20149,2025-09-27,3.0,0,183107.37
O30985,C11024,P20272,2026-06-21,2.0,10,106116.62
O30986,C10474,P20276,2025-04-10,1.0,15,59368.76
O30987,C11565,P20299,2025-04-15,2.0,0,39251.42
O30988,C11687,P20172,2025-05-11,2.0,0,111285.86
O30989,C10757,P20047,2026-01-24,1.0,15,16468.66
O30990,C10782,P20114,2025-11-17,5.0,5,170436.08
O30991,C11103,P20275,2026-03-14,2.0,5,8693.6
O30992,C10433,P20304,2025-01-19,4.0,0,204295.8
O30993,C11825,P20480,2025-08-13,4.0,15,160622.8
O30994,C11177,P20207,2026-04-05,3.0,15,69286.23
O30995,C11813,P20453,2026-01-29,3.0,5,85329.46
O30996,C10401,P20395,2025-08-14,7.0,0,6161.19
O30997,C11303,P20463,2025-12-26,1.0,5,31838.01
O30998,C10057,P20413,2026-03-06,1.0,0,53737.7
O30999,C11003,P20242,2025-01-15,3.0,0,2500.53
O31000,C10186,P20301,2026-06-30,6.0,5,339864.89
O31001,C10398,P20196,2026-02-18,2.0,0,88043.34
O31002,C10605,P20497,2025-12-21,6.0,20,38449.34
O31003,C10788,P20164,2026-04-02,5.0,0,344567.8
O31004,C10158,P20176,2026-06-15,4.0,5,169484.94
O31005,C11811,P20343,2025-07-15,1.0,0,56369.7
O31006,C11717,P20271,2025-04-25,3.0,10,184119.08
O31007,C11383,P20110,2026-02-21,4.0,0,216107.24
O31008,C11464,P20172,2025-12-18,6.0,5,317164.7
O31009,C10589,P20451,2025-03-16,1.0,10,36001.35
O31010,C10466,P20352,2025-02-05,1.0,20,39343.74
O31011,C11687,P20202,2025-08-30,7.0,10,355003.17
O31012,C10446,P20168,2025-03-04,2.0,0,36308.78
O31013,C11774,P20102,2026-05-24,1.0,0,63866.11
O31014,C10801,P20086,2025-07-07,5.0,10,59138.42
O31015,C11767,P20142,2025-04-03,1.0,0,47701.37
O31016,C11512,P20447,2025-01-05,5.0,5,303661.52
O31017,C11554,P20337,2026-03-14,6.0,20,121860.05
O31018,C11097,P20213,2025-06-15,7.0,15,213111.92
O31019,C10929,P20051,2026-03-22,2.0,15,59719.5
O31020,C11952,P20112,2025-01-25,7.0,15,142331.56
O31021,C11725,P20463,2026-05-23,5.0,10,150811.61
O31022,C11974,P20442,2025-04-08,6.0,10,56904.34
O31023,C10017,P20271,2025-09-25,4.0,5,259130.55
O31024,C11555,P20065,2026-01-28,7.0,20,275172.07
O31025,C10731,P20344,2025-10-12,7.0,0,125502.65
O31026,C10326,P20183,2025-04-19,1.0,10,19715.87
O31027,C10995,P20332,2025-01-27,7.0,0,9243.71
O31028,C11656,P20010,2025-02-24,3.0,0,63566.49
O31029,C10613,P20494,2025-05-13,3.0,10,87942.21
O31030,C10546,P20234,2025-02-21,5.0,5,183517.58
O31031,C10596,P20298,2026-05-08,2.0,10,53370.59
O31032,C10921,P20244,2025-10-25,5.0,10,112020.88
O31033,C11732,P20351,2026-02-03,7.0,5,353179.11
O31034,C10842,P20267,2025-01-18,7.0,0,416233.16
O31035,C11226,P20118,2025-09-03,6.0,5,268032.3
O31036,C10344,P20144,2026-05-18,7.0,15,55452.63
O31037,C11877,P20381,2025-03-30,6.0,0,426926.82
O31038,C11547,P20201,2025-07-22,7.0,5,254321.07
O31039,C10859,P20239,2025-08-28,7.0,5,39401.38
O31040,C11424,P20334,2026-05-05,5.0,15,10464.09
O31041,C11242,P20403,2025-01-13,5.0,10,105445.17
O31042,C10445,P20415,2025-11-11,4.0,0,228386.08
O31043,C11789,P20457,2025-07-17,6.0,15,100852.25
O31044,C10222,P20484,2025-08-31,4.0,15,195257.89
O31045,C11407,P20437,2026-05-22,5.0,10,262779.75
O31046,C11905,P20487,2025-02-12,2.0,5,36308.94
O31047,C10592,P20246,2025-11-26,1.0,10,30539.38
O31048,C11031,P20346,2026-03-05,6.0,5,80655.23
O31049,C11296,P20008,2025-06-11,3.0,10,50994.31
O31050,C11763,P20152,2026-03-11,4.0,15,160646.97
O31051,C11018,P20392,2025-08-21,6.0,15,325334.1
O31052,C10016,P20211,2025-04-21,1.0,5,66912.4
O31053,C11448,P20367,2025-08-20,4.0,15,176297.48
O31054,C10524,P20432,2025-09-30,6.0,0,290658.18
O31055,C10803,P20158,2025-02-10,4.0,0,71593.76
O31056,C11777,P20058,2026-04-11,4.0,5,269040.84
O31057,C10021,P20086,2025-03-18,5.0,10,59138.42
O31058,C11714,P20055,2026-05-05,7.0,0,202309.59
O31059,C11963,P20201,2025-04-27,5.0,5,181657.91
O31060,C10228,P20122,2026-03-10,4.0,0,209103.52
O31061,C11008,P20446,2025-01-19,4.0,10,245728.26
O31062,C11809,P20108,2025-07-15,7.0,15,240614.07
O31063,C11312,P20304,2026-03-27,3.0,10,137899.66
O31064,C10809,P20132,2026-03-01,1.0,5,70242.55
O31065,C11158,P20421,2026-01-29,7.0,20,366281.83
O31066,C11307,P20392,2025-10-11,1.0,10,57411.9
O31067,C10404,P20385,2025-02-03,2.0,15,65793.26
O31068,C11689,P20476,2025-10-22,7.0,10,145013.72
O31069,C11090,P20198,2025-09-08,2.0,20,112109.04
O31070,C11673,P20047,2025-12-05,2.0,15,32937.33
O31071,C11628,P20228,2026-03-16,5.0,5,143957.11
O31072,C10437,P20245,2025-06-29,5.0,5,20046.8
O31073,C10829,P20203,2025-08-16,3.0,10,63478.19
O31074,C10934,P20261,2025-01-23,5.0,10,154990.62
O31075,C10259,P20178,2025-11-23,2.0,10,18469.49
O31076,C11990,P20024,2025-06-03,6.0,0,175627.32
O31077,C10103,P20175,2025-05-26,4.0,5,78914.45
O31078,C10993,P20274,2025-09-09,2.0,10,127654.67
O31079,C11591,P20340,2025-10-29,3.0,15,65145.41
O31080,C10769,P20412,2025-03-11,4.0,10,25166.09
O31081,C11125,P20461,2026-06-27,5.0,0,205760.1
O31082,C11222,P20261,2025-04-03,4.0,0,137769.44
O31083,C10813,P20286,2025-06-12,6.0,0,265174.44
O31084,C10226,P20001,2025-03-22,3.0,0,28712.46
O31085,C10943,P20086,2025-03-04,5.0,0,65709.35
O31086,C10463,P20338,2026-03-12,1.0,10,34817.25
O31087,C10237,P20430,2025-02-17,2.0,15,95321.14
O31088,C11050,P20069,2026-03-21,7.0,5,116923.09
O31089,C11145,P20031,2025-03-15,6.0,10,18131.96
O31090,C11934,P20198,2026-06-26,6.0,10,378368.01
O31091,C10506,P20091,2025-06-06,7.0,20,93843.9
O31092,C11206,P20440,2026-05-02,2.0,15,110512.92
O31093,C11735,P20473,2025-09-23,3.0,0,67671.69
O31094,C10814,P20349,2025-09-13,3.0,0,190219.14
O31095,C10767,P20383,2025-02-08,6.0,0,4846.2
O31096,C10634,P20412,2025-02-24,2.0,10,12583.04
O31097,C11567,P20016,2025-01-28,4.0,10,104763.06
O31098,C11339,P20310,2025-04-28,1.0,0,40200.24
O31099,C10991,P20437,2026-01-05,1.0,15,49636.18
O31100,C11821,P20396,2025-07-28,3.0,5,105618.92
O31101,C10618,P20276,2025-11-12,3.0,20,167629.44
O31102,C11760,P20338,2026-01-28,4.0,0,154743.32
O31103,C10273,P20162,2026-03-20,3.0,0,46501.65
O31104,C11934,P20437,2025-09-16,1.0,0,58395.5
O31105,C10232,P20192,2025-07-17,2.0,0,51238.34
O31106,C11444,P20151,2026-03-21,6.0,10,174526.54
O31107,C10768,P20365,2025-11-01,1.0,0,41411.24
O31108,C11466,P20411,2025-12-05,4.0,10,237109.0
O31109,C10496,P20113,2026-06-13,2.0,0,126838.64
O31110,C11048,P20273,2025-02-23,2.0,0,73418.5
O31111,C11133,P20176,2025-04-22,6.0,15,227466.63
O31112,C11727,P20149,2026-02-23,1.0,20,48828.63
O31113,C10502,P20178,2025-11-01,7.0,5,68234.52
O31114,C11883,P20424,2026-03-14,2.0,20,36728.38
O31115,C10025,P20382,2025-03-26,2.0,10,96162.59
O31116,C11211,P20223,2026-06-08,3.0,5,47843.61
O31117,C10288,P20259,2025-09-09,2.0,15,53135.73
O31118,C11652,P20273,2025-05-06,4.0,0,146837.0
O31119,C10338,P20189,2026-02-09,2.0,0,86836.08
O31120,C11902,P20306,2025-10-31,3.0,10,123880.43
O31121,C11938,P20378,2025-01-28,5.0,5,50734.65
O31122,C11061,P20090,2025-09-23,5.0,0,120044.75
O31123,C11818,P20343,2025-02-21,4.0,0,225478.8
O31124,C10137,P20262,2026-05-26,6.0,10,118703.12
O31125,C10508,P20156,2025-07-26,6.0,10,403998.84
O31126,C10227,P20200,2026-05-26,7.0,5,398104.64
O31127,C10320,P20055,2025-07-20,7.0,15,171963.15
O31128,C11864,P20254,2025-10-11,4.0,5,218539.41
O31129,C10916,P20442,2025-12-23,2.0,10,18968.11
O31130,C11206,P20173,2025-02-16,2.0,15,69411.39
O31131,C11898,P20200,2025-05-17,5.0,15,254427.78
O31132,C10086,P20403,2025-05-10,5.0,5,111303.23
O31133,C11491,P20102,2025-07-14,1.0,10,57479.5
O31134,C10926,P20285,2025-12-30,5.0,5,252996.45
O31135,C10053,P20151,2026-03-08,7.0,10,203614.3
O31136,C10860,P20111,2025-03-10,5.0,0,102924.1
O31137,C10867,P20416,2026-04-03,4.0,5,206203.69
O31138,C11259,P20266,2026-06-24,1.0,0,42761.87
O31139,C11983,P20091,2025-12-01,6.0,0,100547.04
O31140,C11803,P20177,2026-06-10,1.0,10,33160.75
O31141,C11823,P20449,2025-01-16,2.0,15,13769.71
O31142,C10433,P20231,2026-04-01,2.0,0,97834.48
O31143,C11520,P20029,2026-05-25,1.0,0,23904.99
O31144,C10999,P20443,2025-07-28,1.0,5,61471.83
O31145,C10100,P20301,2025-06-07,2.0,10,107325.76
O31146,C10990,P20195,2025-12-03,7.0,0,149721.88
O31147,C10599,P20307,2025-08-29,4.0,0,282780.6
O31148,C10403,P20239,2025-02-27,4.0,5,22515.08
O31149,C10396,P20357,2025-11-01,4.0,15,168645.13
O31150,C11551,P20479,2025-12-11,4.0,0,270043.24
O31151,C10415,P20384,2025-01-14,2.0,0,114720.16
O31152,C10939,P20267,2025-12-25,7.0,10,374609.84
O31153,C11637,P20214,2026-01-12,3.0,0,170527.5
O31154,C10677,P20082,2025-08-31,5.0,0,64905.05
O31155,C10463,P20128,2025-05-25,5.0,5,302057.34
O31156,C10541,P20483,2026-02-19,5.0,20,150465.04
O31157,C11650,P20262,2026-01-29,5.0,0,109910.3
O31158,C11643,P20067,2025-12-24,2.0,5,88171.97
O31159,C11946,P20062,2025-06-07,3.0,5,132150.05
O31160,C11388,P20133,2025-01-18,2.0,15,107004.94
O31161,C11154,P20137,2025-12-13,3.0,0,86535.99
O31162,C10084,P20028,2025-02-27,2.0,10,116510.35
O31163,C10271,P20211,2025-06-04,7.0,15,419082.95
O31164,C10244,P20476,2026-05-02,1.0,20,18414.44
O31165,C10388,P20475,2026-06-15,3.0,10,33797.17
O31166,C10214,P20205,2026-05-02,5.0,5,305451.6
O31167,C10818,P20253,2025-05-31,3.0,5,136237.21
O31168,C11190,P20038,2025-12-25,6.0,5,78181.77
O31169,C11815,P20043,2026-01-03,4.0,10,202811.22
O31170,C10059,P20117,2025-02-16,3.0,10,60915.0
O31171,C11626,P20405,2025-07-26,6.0,15,259501.92
O31172,C10883,P20475,2026-03-26,4.0,5,47566.39
O31173,C10843,P20190,2026-04-28,6.0,10,273513.4
O31174,C10924,P20046,2025-05-23,4.0,15,30033.93
O31175,C11528,P20454,2026-02-04,1.0,15,27634.71
O31176,C11730,P20166,2025-04-07,3.0,10,69145.19
O31177,C10123,P20305,2025-02-16,6.0,10,231619.88
O31178,C11672,P20203,2025-07-10,7.0,5,156344.43
O31179,C11437,P20495,2025-05-20,1.0,0,74929.0
O31180,C11163,P20233,2025-08-19,5.0,0,67113.55
O31181,C11253,P20245,2025-12-06,3.0,5,12028.08
O31182,C11298,P20209,2026-05-06,2.0,0,107774.0
O31183,C10439,P20248,2025-02-18,2.0,10,47854.44
O31184,C11022,P20295,2026-03-29,2.0,10,117477.34
O31185,C10562,P20327,2025-11-12,7.0,5,46980.85
O31186,C11934,P20383,2025-11-18,6.0,0,4846.2
O31187,C10118,P20158,2025-03-28,6.0,0,107390.64
O31188,C11738,P20405,2026-04-19,4.0,0,203530.92
O31189,C10905,P20001,2025-10-09,2.0,0,19141.64
O31190,C11507,P20217,2025-03-15,5.0,20,299046.6
O31191,C10395,P20416,2026-03-29,6.0,0,325584.78
O31192,C11727,P20249,2025-02-16,7.0,0,371066.22
O31193,C10876,P20392,2025-04-06,3.0,0,191373.0
O31194,C11484,P20069,2025-01-31,6.0,10,94945.07
O31195,C11859,P20030,2026-06-18,3.0,10,172692.73
O31196,C11717,P20115,2025-01-17,7.0,0,352314.62
O31197,C10935,P20008,2025-07-31,6.0,15,96322.58
O31198,C11102,P20369,2025-08-23,4.0,15,83052.92
O31199,C10952,P20275,2026-01-27,4.0,0,18302.32
O31200,C11436,P20492,2025-12-20,4.0,5,85315.17
O31201,C10075,P20315,2025-11-01,5.0,5,340582.03
O31202,C10295,P20439,2026-06-24,6.0,0,80694.3
O31203,C11817,P20414,2026-05-24,3.0,15,52413.54
O31204,C10021,P20335,2026-01-30,7.0,0,127410.78
O31205,C11930,P20036,2026-03-07,6.0,5,288162.76
O31206,C11195,P20311,2025-06-26,7.0,5,343930.55
O31207,C11039,P20044,2026-02-10,1.0,5,32703.08
O31208,C11235,P20155,2025-10-28,4.0,15,235612.38
O31209,C10560,P20077,2026-03-21,2.0,0,127318.32
O31210,C11110,P20078,2025-05-07,7.0,0,360377.78
O31211,C11173,P20101,2025-12-15,1.0,10,26764.68
O31212,C11724,P20438,2025-01-21,7.0,0,120191.54
O31213,C10372,P20432,2026-02-24,1.0,0,48443.03
O31214,C11504,P20030,2025-06-01,7.0,5,425335.8
O31215,C10818,P20039,2025-06-09,4.0,0,85267.56
O31216,C11175,P20239,2026-04-25,2.0,5,11257.54
O31217,C11165,P20013,2026-03-19,4.0,0,244168.52
O31218,C11093,P20122,2025-04-06,7.0,0,365931.16
O31219,C11284,P20144,2025-12-18,4.0,10,33551.17
O31220,C10846,P20172,2025-03-16,2.0,0,111285.86
O31221,C11992,P20455,2025-12-25,1.0,20,34261.25
O31222,C10521,P20368,2025-05-13,1.0,0,62857.48
O31223,C11657,P20247,2026-02-04,7.0,10,121777.3
O31224,C10371,P20247,2025-05-19,6.0,15,98581.62
O31225,C11443,P20411,2025-09-03,2.0,0,131727.22
O31226,C10101,P20045,2025-10-18,1.0,10,57124.22
O31227,C10661,P20253,2025-04-22,5.0,15,203160.75
O31228,C11978,P20375,2025-06-19,4.0,0,70019.4
O31229,C11682,P20291,2025-08-28,7.0,20,151335.97
O31230,C11889,P20207,2025-12-03,5.0,0,135855.35
O31231,C10968,P20412,2025-05-18,5.0,0,34952.9
O31232,C10243,P20483,2025-08-24,6.0,10,203127.8
O31233,C10753,P20007,2025-01-03,6.0,0,12899.64
O31234,C10512,P20446,2025-04-26,6.0,10,368592.39
O31235,C10849,P20242,2026-04-17,5.0,15,3542.42
O31236,C10555,P20110,2025-05-11,3.0,20,129664.34
O31237,C11119,P20114,2026-04-28,3.0,5,102261.65
O31238,C10226,P20307,2026-02-05,5.0,20,282780.6
O31239,C11542,P20302,2025-07-20,4.0,5,178613.83
O31240,C10214,P20276,2025-10-19,7.0,0,488919.2
O31241,C10718,P20096,2025-12-08,5.0,5,265214.4
O31242,C10067,P20294,2025-08-04,7.0,10,56180.88
O31243,C10396,P20189,2026-01-01,5.0,5,206235.69
O31244,C10612,P20360,2026-04-14,6.0,10,107501.2
O31245,C11036,P20288,2026-02-22,7.0,5,196855.63
O31246,C11261,P20154,2025-01-27,6.0,5,268879.54
O31247,C11858,P20058,2026-03-31,6.0,20,339841.06
O31248,C10770,P20423,2025-01-14,3.0,5,95464.6
O31249,C11423,P20404,2025-04-08,5.0,0,351777.95
O31250,C10407,P20338,2025-10-06,4.0,10,139268.99
O31251,C10925,P20050,2026-05-05,4.0,0,294377.04
O31252,C11873,P20207,2025-07-26,6.0,15,138572.46
O31253,C11504,P20052,2025-08-21,6.0,0,356745.54
O31254,C10647,P20342,2025-08-27,5.0,0,71532.9
O31255,C10222,P20371,2025-09-07,4.0,0,49197.32
O31256,C11180,P20150,2025-11-02,5.0,0,38562.25
O31257,C10654,P20053,2026-04-08,7.0,10,191219.74
O31258,C10428,P20213,2025-08-24,3.0,5,102078.82
O31259,C11182,P20066,2025-10-18,5.0,15,112454.32
O31260,C10977,P20232,2025-02-08,6.0,5,263598.38
O31261,C11440,P20373,2025-07-02,1.0,0,20227.87
O31262,C11006,P20299,2025-01-30,3.0,10,52989.42
O31263,C11350,P20338,2026-01-23,4.0,10,139268.99
O31264,C10371,P20151,2025-05-23,4.0,10,116351.03
O31265,C11368,P20205,2026-02-23,6.0,10,347250.24
O31266,C11286,P20320,2025-03-15,6.0,0,59718.12
O31267,C11307,P20255,2025-02-24,3.0,10,16786.49
O31268,C10850,P20489,2025-01-24,6.0,5,38016.44
O31269,C10856,P20137,2025-01-22,1.0,5,27403.06
O31270,C10229,P20369,2026-03-04,3.0,15,62289.69
O31271,C11912,P20135,2025-02-01,6.0,5,137070.64
O31272,C10280,P20425,2025-12-05,7.0,10,339132.09
O31273,C11894,P20054,2026-05-30,2.0,5,60883.66
O31274,C11314,P20065,2026-05-27,1.0,0,49137.87
O31275,C11704,P20002,2025-03-11,3.0,5,26703.62
O31276,C11071,P20132,2025-03-29,2.0,10,133091.15
O31277,C10975,P20334,2025-08-07,5.0,5,11695.16
O31278,C11739,P20032,2025-09-27,1.0,5,3809.22
O31279,C11238,P20356,2025-03-19,5.0,15,295202.02
O31280,C10758,P20386,2025-01-10,2.0,0,117037.16
O31281,C11048,P20360,2026-04-13,4.0,0,79630.52
O31282,C10321,P20498,2025-12-02,4.0,15,149607.24
O31283,C10274,P20243,2025-07-05,6.0,15,175530.68
O31284,C10556,P20192,2026-06-30,4.0,5,97352.85
O31285,C10844,P20142,2025-05-01,5.0,15,202730.82
O31286,C11337,P20148,2025-10-01,1.0,0,36762.38
O31287,C11387,P20089,2026-02-14,5.0,0,25359.1
O31288,C10668,P20490,2025-12-24,5.0,15,276266.66
O31289,C11000,P20049,2025-04-08,4.0,15,97022.91
O31290,C10380,P20136,2025-08-29,5.0,0,4778.3
O31291,C10711,P20476,2025-04-24,2.0,0,46036.1
O31292,C11943,P20191,2026-05-02,3.0,0,4633.62
O31293,C11698,P20430,2025-08-29,3.0,0,168213.78
O31294,C11931,P20149,2025-06-05,3.0,10,164796.63
O31295,C11494,P20087,2025-12-18,6.0,5,234755.36
O31296,C10746,P20416,2025-02-13,7.0,5,360856.46
O31297,C10675,P20008,2025-11-08,7.0,10,118986.71
O31298,C10116,P20223,2025-05-18,4.0,15,57076.58
O31299,C10605,P20357,2026-03-12,7.0,0,347210.57
O31300,C11066,P20016,2025-05-23,4.0,10,104763.06
O31301,C11820,P20296,2025-10-26,3.0,15,90717.04
O31302,C10379,P20106,2025-09-19,1.0,0,60212.26
O31303,C11746,P20283,2026-05-27,6.0,15,364268.26
O31304,C11230,P20104,2025-03-03,3.0,10,7912.54
O31305,C10466,P20361,2026-02-27,5.0,0,218584.0
O31306,C11756,P20146,2026-01-31,7.0,0,99846.46
O31307,C10280,P20035,2025-01-31,3.0,10,66280.41
O31308,C11672,P20113,2025-11-26,7.0,5,421738.48
O31309,C10618,P20308,2025-06-18,3.0,5,168659.04
O31310,C10118,P20399,2025-09-23,7.0,0,208864.18
O31311,C11261,P20447,2025-11-04,1.0,10,57535.87
O31312,C10309,P20053,2026-04-04,4.0,0,121409.36
O31313,C11480,P20347,2025-07-04,7.0,5,92435.8
O31314,C11924,P20081,2025-11-30,4.0,5,76422.1
O31315,C11499,P20104,2026-05-30,5.0,10,13187.56
O31316,C10100,P20322,2026-03-17,3.0,0,190267.23
O31317,C10261,P20369,2026-01-26,2.0,0,48854.66
O31318,C10993,P20242,2025-09-11,5.0,0,4167.55
O31319,C11329,P20031,2025-12-01,7.0,0,23504.39
O31320,C11378,P20317,2026-02-04,4.0,0,264925.48
O31321,C10286,P20192,2025-06-15,1.0,10,23057.25
O31322,C10328,P20357,2025-09-17,7.0,10,312489.51
O31323,C11127,P20361,2025-01-04,4.0,10,157380.48
O31324,C10063,P20233,2025-04-29,4.0,5,51006.3
O31325,C10687,P20098,2026-04-15,7.0,0,452143.23
O31326,C11306,P20034,2026-04-15,1.0,20,4011.24
O31327,C11465,P20243,2026-05-08,3.0,0,103253.34
O31328,C11317,P20439,2026-05-15,3.0,10,36312.44
O31329,C10738,P20059,2025-03-11,7.0,15,113296.98
O31330,C11031,P20259,2026-01-05,7.0,10,196914.75
O31331,C10639,P20017,2025-06-30,7.0,0,267046.01
O31332,C10936,P20078,2025-01-05,4.0,0,205930.16
O31333,C11116,P20206,2025-07-16,7.0,0,246230.53
O31334,C11959,P20302,2025-02-16,5.0,10,211516.38
O31335,C11214,P20166,2025-05-20,2.0,10,46096.79
O31336,C11895,P20291,2026-06-24,7.0,10,170252.96
O31337,C10476,P20385,2026-03-03,5.0,0,193509.6
O31338,C11535,P20112,2025-11-06,6.0,15,121998.48
O31339,C11486,P20413,2025-10-01,5.0,10,241819.65
O31340,C10053,P20388,2026-06-23,4.0,0,192738.24
O31341,C10754,P20317,2026-01-25,4.0,0,264925.48
O31342,C10486,P20353,2026-04-04,2.0,10,117859.03
O31343,C11668,P20145,2025-12-27,2.0,5,139230.73
O31344,C11514,P20156,2025-03-10,2.0,0,149629.2
O31345,C11388,P20178,2026-03-07,4.0,0,41043.32
O31346,C11136,P20346,2025-02-01,4.0,10,50940.14
O31347,C10409,P20136,2026-05-28,5.0,0,4778.3
O31348,C11031,P20418,2025-07-01,4.0,0,153329.68
O31349,C11766,P20315,2025-09-05,6.0,15,365677.55
O31350,C10668,P20018,2025-10-24,3.0,10,173456.86
O31351,C11221,P20351,2025-01-30,3.0,10,143396.03
O31352,C10835,P20443,2025-10-29,2.0,5,122943.66
O31353,C10876,P20155,2026-04-21,4.0,10,249471.94
O31354,C11759,P20272,2025-12-18,6.0,10,318349.87
O31355,C10367,P20266,2026-04-27,3.0,20,102628.49
O31356,C11002,P20360,2025-11-13,5.0,0,99538.15
O31357,C10250,P20332,2026-02-01,1.0,0,1320.53
O31358,C11940,P20406,2025-03-30,7.0,0,64336.23
O31359,C11619,P20016,2025-08-22,5.0,10,130953.82
O31360,C11264,P20012,2025-06-17,1.0,5,51948.39
O31361,C10380,P20075,2025-05-06,6.0,0,129357.9
O31362,C11931,P20212,2025-04-30,5.0,5,106079.14
O31363,C10872,P20179,2026-03-04,3.0,0,55254.18
O31364,C10835,P20129,2025-07-09,4.0,0,62754.48
O31365,C11495,P20283,2026-03-04,1.0,20,57140.12
O31366,C10775,P20195,2025-07-21,4.0,10,76999.82
O31367,C10919,P20268,2025-02-28,6.0,0,444033.36
O31368,C11725,P20030,2025-08-11,7.0,0,447721.89
O31369,C10455,P20009,2026-05-07,7.0,0,215385.45
O31370,C10366,P20309,2025-01-11,4.0,10,7545.17
O31371,C11314,P20445,2026-05-27,3.0,5,210323.76
O31372,C11898,P20310,2025-11-06,6.0,20,192961.15
O31373,C10403,P20165,2025-02-03,7.0,10,24005.14
O31374,C10058,P20193,2025-12-06,2.0,5,113498.06
O31375,C10521,P20426,2026-04-26,2.0,15,46056.4
O31376,C11328,P20305,2025-04-03,1.0,10,38603.31
O31377,C11139,P20260,2025-05-13,3.0,0,210618.63
O31378,C10210,P20192,2026-02-23,4.0,5,97352.85
O31379,C11065,P20079,2026-04-13,5.0,10,98848.3
O31380,C10816,P20179,2026-03-20,5.0,5,87485.78
O31381,C10173,P20091,2025-01-30,6.0,0,100547.04
O31382,C10234,P20456,2025-10-25,1.0,0,455.12
O31383,C10793,P20444,2025-03-02,1.0,0,61262.1
O31384,C11908,P20215,2026-04-03,1.0,0,51777.35
O31385,C11614,P20079,2025-10-31,3.0,15,56014.04
O31386,C11644,P20475,2025-12-06,5.0,10,56328.62
O31387,C10793,P20415,2026-03-24,6.0,10,308321.21
O31388,C11427,P20103,2025-10-29,3.0,10,70566.28
O31389,C11063,P20111,2026-06-24,6.0,10,111158.03
O31390,C10119,P20456,2026-04-30,3.0,20,1092.29
O31391,C10335,P20478,2025-03-18,4.0,5,86808.95
O31392,C11360,P20314,2026-05-30,3.0,10,175711.0
O31393,C11563,P20247,2025-04-02,3.0,5,55089.73
O31394,C11640,P20234,2026-04-11,4.0,15,131359.95
O31395,C11098,P20082,2026-04-11,2.0,15,22067.72
O31396,C11215,P20132,2025-02-09,4.0,15,251394.4
O31397,C10324,P20495,2025-11-25,1.0,0,74929.0
O31398,C11011,P20235,2025-10-12,7.0,0,376172.72
O31399,C11171,P20278,2025-03-07,2.0,0,82367.32
O31400,C11791,P20387,2025-04-19,7.0,5,261547.89
O31401,C10284,P20335,2026-02-19,5.0,5,86457.32
O31402,C10213,P20099,2025-04-02,7.0,0,365472.8
O31403,C11659,P20431,2026-01-03,6.0,10,6701.13
O31404,C11742,P20038,2026-02-27,3.0,0,41148.3
O31405,C10929,P20161,2025-08-28,2.0,15,31274.24
O31406,C10752,P20462,2026-03-11,5.0,0,268350.7
O31407,C11418,P20432,2025-07-31,4.0,5,184083.51
O31408,C10339,P20449,2026-02-04,4.0,10,29159.39
O31409,C11822,P20117,2026-06-10,1.0,10,20305.0
O31410,C11046,P20241,2026-04-13,7.0,0,431162.83
O31411,C11795,P20026,2025-06-19,1.0,15,46269.59
O31412,C11893,P20136,2025-07-29,2.0,10,1720.19
O31413,C10105,P20050,2025-09-13,7.0,15,437885.85
O31414,C11490,P20464,2025-03-14,6.0,15,11847.1
O31415,C11483,P20294,2025-05-27,3.0,5,25415.16
O31416,C11456,P20394,2025-12-06,4.0,15,127004.93
O31417,C10770,P20298,2025-11-13,2.0,15,50405.56
O31418,C10716,P20293,2025-06-03,7.0,20,32775.68
O31419,C11846,P20154,2025-09-12,2.0,15,80192.14
O31420,C11798,P20220,2025-12-17,6.0,15,13117.56
O31421,C11643,P20140,2025-11-08,7.0,5,253037.69
O31422,C10763,P20468,2025-05-14,2.0,0,19217.24
O31423,C11960,P20049,2025-05-09,1.0,15,24255.73
O31424,C11245,P20142,2026-03-12,6.0,10,257587.4
O31425,C10379,P20046,2025-10-07,4.0,0,35334.04
O31426,C11246,P20163,2025-12-24,7.0,0,501236.19
O31427,C11282,P20285,2025-09-09,1.0,10,47936.17
O31428,C10713,P20268,2025-05-15,1.0,5,70305.28
O31429,C11391,P20116,2026-06-07,6.0,0,182143.62
O31430,C11794,P20082,2025-11-15,6.0,0,77886.06
O31431,C11373,P20044,2025-03-21,2.0,10,61963.72
O31432,C10225,P20194,2025-07-10,5.0,0,30439.9
O31433,C11738,P20258,2026-03-29,5.0,5,68413.82
O31434,C10738,P20443,2025-12-10,5.0,10,291182.36
O31435,C10236,P20273,2025-01-30,7.0,10,231268.28
O31436,C10183,P20394,2026-02-18,7.0,0,261480.73
O31437,C10712,P20274,2026-01-03,2.0,0,141838.52
O31438,C11893,P20278,2026-05-17,3.0,10,111195.88
O31439,C11782,P20083,2025-01-21,7.0,10,46899.47
O31440,C10444,P20058,2025-09-03,4.0,0,283200.88
O31441,C11889,P20053,2025-10-10,2.0,5,57669.45
O31442,C10623,P20001,2025-08-20,2.0,15,16270.39
O31443,C11030,P20216,2025-11-12,1.0,15,55091.89
O31444,C11260,P20317,2025-12-02,5.0,5,314599.01
O31445,C11151,P20228,2026-02-15,6.0,0,181840.56
O31446,C11128,P20473,2025-09-02,2.0,0,45114.46
O31447,C10749,P20484,2026-01-22,3.0,0,172286.37
O31448,C11939,P20254,2025-12-24,7.0,0,402572.59
O31449,C11504,P20159,2025-01-22,4.0,5,89223.77
O31450,C10155,P20287,2025-01-19,3.0,10,166315.17
O31451,C10257,P20066,2025-10-14,2.0,0,52919.68
O31452,C10235,P20403,2025-10-03,2.0,15,39834.84
O31453,C10500,P20309,2025-03-13,1.0,10,1886.29
O31454,C10289,P20460,2025-12-31,3.0,10,35935.65
O31455,C10510,P20458,2025-12-01,1.0,20,31212.4
O31456,C11576,P20095,2025-07-18,6.0,10,367176.46
O31457,C11824,P20493,2025-01-17,3.0,15,51265.1
O31458,C10709,P20253,2025-08-06,5.0,0,239012.65
O31459,C10785,P20150,2025-05-27,6.0,0,46274.7
O31460,C10894,P20023,2025-07-29,5.0,5,318427.32
O31461,C10776,P20244,2026-02-18,3.0,5,70946.56
O31462,C11593,P20215,2025-11-26,1.0,0,51777.35
O31463,C10298,P20399,2025-12-18,5.0,10,134269.83
O31464,C11634,P20410,2025-06-12,2.0,0,38545.32
O31465,C10137,P20131,2025-04-11,7.0,10,162775.43
O31466,C10376,P20343,2025-11-23,4.0,5,214204.86
O31467,C10087,P20148,2025-11-23,1.0,10,33086.14
O31468,C11443,P20381,2025-06-04,6.0,5,405580.48
O31469,C11778,P20109,2025-01-10,7.0,20,81978.79
O31470,C11223,P20040,2025-12-19,6.0,0,206885.28
O31471,C11487,P20121,2025-07-02,3.0,20,38196.17
O31472,C10437,P20295,2026-03-31,6.0,0,391591.14
O31473,C11334,P20120,2025-01-06,4.0,10,101387.12
O31474,C11620,P20456,2025-11-29,4.0,5,1729.46
O31475,C11778,P20018,2025-11-29,2.0,15,109213.58
O31476,C11305,P20169,2025-09-15,6.0,10,255294.77
O31477,C11347,P20198,2025-07-30,1.0,15,59557.93
O31478,C10764,P20411,2025-02-20,4.0,0,263454.44
O31479,C10702,P20484,2026-03-21,1.0,15,48814.47
O31480,C11975,P20143,2026-01-12,2.0,0,93405.24
O31481,C10942,P20037,2026-05-01,3.0,0,76481.52
O31482,C10152,P20186,2025-02-20,4.0,0,36529.64
O31483,C11326,P20261,2025-06-03,4.0,5,130880.97
O31484,C11302,P20231,2025-11-06,4.0,10,176102.06
O31485,C11675,P20254,2026-02-03,6.0,0,345062.22
O31486,C11712,P20329,2025-05-14,1.0,0,10259.51
O31487,C11032,P20391,2025-08-08,7.0,10,3164.49
O31488,C10807,P20297,2025-06-12,4.0,20,171367.39
O31489,C10235,P20468,2026-05-17,1.0,10,8647.76
O31490,C10675,P20010,2025-04-25,6.0,10,114419.68
O31491,C10561,P20446,2026-05-14,5.0,10,307160.32
O31492,C11326,P20410,2026-04-17,5.0,10,86726.97
O31493,C10038,P20324,2025-05-29,1.0,20,16474.66
O31494,C11160,P20230,2025-08-29,6.0,5,359140.81
O31495,C10822,P20024,2025-05-03,5.0,5,139038.3
O31496,C10421,P20078,2025-03-10,2.0,15,87520.32
O31497,C11243,P20425,2025-03-04,2.0,20,86128.78
O31498,C10348,P20193,2025-01-16,5.0,0,298679.1
O31499,C11832,P20401,2026-01-25,3.0,10,165145.74
O31500,C11570,P20109,2025-09-15,1.0,10,13175.16
O31501,C11888,P20280,2025-08-05,5.0,5,94644.94
O31502,C11103,P20411,2026-04-24,1.0,5,62570.43
O31503,C10748,P20263,2025-04-24,7.0,10,266342.33
O31504,C11919,P20329,2026-01-15,7.0,0,71816.57
O31505,C10273,P20363,2025-08-25,6.0,0,57565.86
O31506,C11185,P20355,2026-04-21,7.0,20,189969.98
O31507,C11711,P20378,2025-05-09,7.0,10,67290.17
O31508,C11902,P20268,2026-05-25,5.0,15,314523.63
O31509,C10308,P20341,2025-06-14,2.0,15,90100.17
O31510,C11398,P20259,2025-10-04,6.0,10,168784.07
O31511,C10976,P20335,2025-09-14,7.0,15,108299.16
O31512,C10733,P20085,2025-05-12,3.0,0,26290.44
O31513,C11033,P20010,2025-09-14,1.0,10,19069.95
O31514,C11825,P20289,2025-05-21,3.0,10,91076.72
O31515,C10444,P20302,2025-07-28,7.0,10,296122.93
O31516,C11137,P20059,2026-06-03,2.0,0,38083.02
O31517,C11229,P20308,2025-02-20,7.0,0,414250.27
O31518,C10405,P20262,2026-05-18,4.0,0,87928.24
O31519,C11722,P20386,2025-09-16,4.0,10,210666.89
O31520,C10853,P20285,2025-06-27,1.0,20,42609.93
O31521,C11221,P20119,2026-06-27,6.0,20,56965.73
O31522,C10778,P20168,2025-12-22,2.0,0,36308.78
O31523,C11798,P20353,2025-11-14,7.0,0,458340.68
O31524,C11784,P20189,2025-12-30,1.0,0,43418.04
O31525,C10115,P20452,2025-02-24,6.0,5,196706.14
O31526,C11145,P20251,2025-06-05,1.0,15,8169.49
O31527,C11677,P20324,2025-02-13,1.0,15,17504.32
O31528,C10065,P20413,2026-06-26,3.0,0,161213.1
O31529,C11300,P20229,2025-11-18,5.0,0,189277.2
O31530,C10825,P20190,2025-01-14,2.0,0,101301.26
O31531,C10239,P20316,2025-12-23,3.0,5,51250.5
O31532,C10302,P20124,2026-04-28,6.0,15,380789.82
O31533,C11416,P20084,2025-12-25,5.0,10,142242.62
O31534,C11546,P20297,2025-11-14,1.0,10,48197.08
O31535,C10969,P20215,2025-03-16,4.0,10,186398.46
O31536,C10369,P20237,2025-07-13,7.0,0,107415.35
O31537,C10233,P20466,2025-12-29,3.0,0,67333.29
O31538,C10195,P20113,2025-04-06,2.0,0,126838.64
O31539,C10907,P20217,2025-02-09,2.0,10,134570.97
O31540,C11036,P20321,2026-02-01,5.0,15,19606.36
O31541,C11930,P20246,2025-04-17,3.0,10,91618.16
O31542,C10921,P20448,2025-01-17,1.0,0,4227.31
O31543,C10689,P20335,2026-06-11,5.0,10,81906.93
O31544,C10177,P20319,2026-05-14,6.0,0,26767.8
O31545,C10217,P20482,2026-06-09,2.0,0,6390.28
O31546,C11035,P20432,2025-02-12,6.0,5,276125.27
O31547,C11470,P20404,2025-12-16,3.0,5,200513.43
O31548,C10630,P20374,2025-01-30,4.0,15,31378.46
O31549,C10164,P20037,2026-03-17,6.0,10,137666.74
O31550,C11575,P20064,2026-06-26,7.0,0,183126.37
O31551,C10053,P20219,2026-03-31,1.0,0,8602.97
O31552,C10218,P20342,2025-04-04,7.0,0,100146.06
O31553,C11742,P20499,2025-10-22,2.0,0,73588.24
O31554,C10999,P20389,2025-03-30,7.0,0,413272.79
O31555,C10824,P20034,2026-05-18,3.0,10,13537.94
O31556,C11384,P20039,2025-08-02,4.0,0,85267.56
O31557,C10385,P20067,2026-02-26,2.0,15,78890.71
O31558,C10056,P20209,2026-06-10,4.0,5,204770.6
O31559,C10118,P20318,2025-07-11,2.0,0,15088.62
O31560,C10900,P20344,2025-08-12,5.0,5,85162.51
O31561,C11277,P20152,2026-01-22,7.0,10,297669.39
O31562,C10798,P20387,2026-04-19,5.0,5,186819.92
O31563,C10780,P20365,2025-07-22,5.0,0,207056.2
O31564,C11016,P20199,2026-03-23,3.0,15,25729.7
O31565,C10803,P20089,2025-03-09,5.0,0,25359.1
O31566,C10845,P20248,2025-04-02,3.0,15,67793.79
O31567,C11204,P20323,2025-06-27,1.0,0,4711.05
O31568,C11439,P20079,2025-01-03,5.0,10,98848.3
O31569,C11894,P20477,2025-04-13,3.0,5,133085.42
O31570,C11259,P20434,2025-09-30,2.0,5,33555.1
O31571,C10855,P20285,2026-06-18,3.0,0,159787.23
O31572,C10708,P20330,2025-04-26,6.0,0,383597.34
O31573,C11844,P20032,2026-04-09,3.0,10,10826.22
O31574,C11104,P20087,2025-04-14,7.0,15,245051.64
O31575,C11671,P20039,2025-09-16,6.0,5,121506.27
O31576,C10022,P20393,2025-11-04,2.0,5,54629.77
O31577,C11501,P20101,2026-01-02,7.0,0,208169.71
O31578,C10843,P20244,2025-10-29,3.0,10,67212.53
O31579,C11464,P20232,2025-01-27,7.0,0,323717.31
O31580,C11761,P20398,2026-05-23,2.0,0,42173.18
O31581,C11594,P20068,2026-06-11,7.0,10,418289.44
O31582,C11117,P20192,2025-12-31,6.0,5,146029.27
O31583,C10192,P20404,2025-10-25,4.0,0,281422.36
O31584,C11019,P20028,2025-12-27,5.0,0,323639.85
O31585,C11127,P20270,2026-05-19,6.0,10,207205.24
O31586,C10396,P20428,2025-01-30,1.0,0,32587.66
O31587,C11031,P20226,2026-03-15,3.0,15,157477.57
O31588,C10640,P20077,2025-12-06,7.0,0,445614.12
O31589,C11019,P20223,2025-05-06,2.0,0,33574.46
O31590,C10567,P20481,2026-01-01,5.0,10,148801.86
O31591,C10231,P20372,2026-03-19,7.0,5,87945.45
O31592,C10874,P20167,2025-09-20,3.0,0,91693.8
O31593,C10574,P20284,2025-08-10,5.0,5,293675.07
O31594,C10240,P20192,2025-01-02,4.0,0,102476.68
O31595,C10090,P20089,2026-01-29,3.0,10,13693.91
O31596,C10232,P20032,2025-11-02,7.0,5,26664.57
O31597,C10457,P20137,2025-05-26,2.0,10,51921.59
O31598,C10233,P20156,2026-06-14,4.0,10,269332.56
O31599,C10354,P20250,2026-06-12,3.0,10,106001.62
O31600,C11005,P20095,2025-11-04,5.0,10,305980.38
O31601,C11357,P20017,2025-12-06,7.0,10,240341.41
O31602,C10439,P20117,2025-12-18,4.0,5,85732.22
O31603,C11399,P20471,2025-07-28,2.0,5,63894.97
O31604,C11316,P20333,2025-07-24,3.0,0,201632.28
O31605,C10345,P20311,2025-01-15,5.0,10,232734.96
O31606,C10664,P20010,2026-03-04,7.0,10,133489.63
O31607,C11452,P20080,2026-04-21,5.0,0,76746.75
O31608,C10657,P20134,2025-10-25,6.0,15,309571.12
O31609,C10130,P20432,2025-04-04,4.0,10,174394.91
O31610,C10141,P20203,2025-04-17,7.0,5,156344.43
O31611,C10415,P20116,2026-02-23,3.0,0,91071.81
O31612,C11117,P20451,2025-10-05,6.0,5,228008.55
O31613,C10626,P20220,2025-05-08,5.0,10,11574.32
O31614,C10284,P20253,2026-04-04,4.0,0,191210.12
O31615,C11980,P20169,2025-02-07,1.0,5,44912.97
O31616,C11947,P20335,2025-07-17,7.0,20,101928.62
O31617,C11679,P20316,2025-12-23,5.0,10,80921.84
O31618,C10223,P20205,2025-01-07,4.0,5,244361.28
O31619,C10744,P20298,2025-11-28,1.0,5,28167.81
O31620,C10463,P20372,2026-06-03,7.0,0,92574.16
O31621,C11569,P20248,2025-07-13,4.0,20,85074.56
O31622,C11300,P20365,2025-11-12,5.0,15,175997.77
O31623,C11706,P20465,2025-01-01,1.0,10,30474.3
O31624,C11164,P20071,2025-03-03,7.0,0,521478.37
O31625,C10357,P20156,2025-12-09,4.0,0,299258.4
O31626,C11737,P20102,2025-01-18,3.0,0,191598.33
O31627,C11047,P20013,2026-01-06,1.0,5,57990.02
O31628,C11992,P20465,2025-08-23,4.0,0,135441.32
O31629,C11760,P20271,2025-03-10,3.0,10,184119.08
O31630,C11904,P20292,2026-03-23,1.0,5,4819.73
O31631,C11294,P20220,2025-01-08,4.0,0,10288.28
O31632,C10859,P20015,2026-04-07,5.0,10,261671.13
O31633,C10665,P20238,2025-11-07,1.0,0,1012.89
O31634,C11357,P20117,2025-05-14,1.0,15,19176.94
O31635,C11015,P20331,2026-01-20,7.0,5,407938.73
O31636,C10085,P20056,2025-02-25,3.0,0,162044.85
O31637,C10621,P20351,2025-12-26,6.0,0,318657.84
O31638,C11055,P20132,2025-04-24,7.0,20,414061.37
O31639,C11765,P20483,2025-03-29,6.0,10,203127.8
O31640,C10240,P20226,2025-05-18,4.0,5,234672.46
O31641,C11914,P20308,2025-04-18,5.0,0,295893.05
O31642,C10363,P20475,2026-05-15,3.0,10,33797.17
O31643,C10822,P20394,2026-06-19,1.0,0,37354.39
O31644,C11413,P20222,2025-05-24,6.0,20,314826.34
O31645,C11677,P20173,2025-02-25,3.0,20,97992.55
O31646,C10668,P20340,2025-01-06,3.0,10,68977.49
O31647,C11323,P20285,2026-06-26,7.0,20,298269.5
O31648,C11881,P20309,2026-03-23,3.0,0,6287.64
O31649,C11395,P20157,2026-01-20,1.0,0,2724.1
O31650,C10099,P20151,2025-11-03,7.0,0,226238.11
O31651,C10047,P20185,2025-10-29,2.0,0,99763.16
O31652,C10839,P20178,2026-02-09,3.0,20,24625.99
O31653,C10422,P20021,2026-05-25,2.0,0,21044.66
O31654,C11504,P20112,2025-03-14,6.0,15,121998.48
O31655,C11603,P20171,2025-09-22,5.0,10,287247.02
O31656,C10062,P20138,2025-08-15,7.0,5,151920.31
O31657,C11133,P20233,2025-07-12,6.0,0,80536.26
O31658,C11703,P20332,2026-01-09,7.0,0,9243.71
O31659,C11573,P20030,2025-01-10,5.0,0,319801.35
O31660,C11143,P20381,2025-10-29,5.0,5,337983.73
O31661,C11010,P20307,2025-12-25,7.0,5,470122.75
O31662,C10598,P20161,2025-02-21,6.0,10,99341.69
O31663,C11406,P20402,2025-04-09,4.0,10,113324.94
O31664,C10392,P20078,2025-01-13,1.0,5,48908.41
O31665,C10977,P20278,2026-01-25,2.0,0,82367.32
O31666,C11076,P20320,2025-12-23,4.0,15,33840.27
O31667,C10603,P20021,2025-01-11,2.0,0,21044.66
O31668,C11313,P20385,2025-03-22,7.0,0,270913.44
O31669,C10337,P20497,2025-09-18,1.0,10,7209.25
O31670,C10810,P20363,2025-01-06,7.0,15,57086.14
O31671,C11228,P20372,2026-04-03,3.0,15,33723.44
O31672,C11904,P20380,2026-01-08,7.0,0,27154.19
O31673,C11262,P20143,2026-04-26,6.0,5,266204.93
O31674,C11406,P20036,2025-08-10,4.0,0,202219.48
O31675,C11691,P20303,2025-03-22,7.0,20,393913.46
O31676,C10752,P20438,2026-05-30,1.0,0,17170.22
O31677,C11160,P20214,2025-03-01,6.0,0,341055.0
O31678,C11431,P20032,2025-08-09,4.0,15,13633.01
O31679,C11532,P20186,2025-12-15,7.0,20,51141.5
O31680,C11386,P20174,2025-08-16,5.0,10,221053.18
O31681,C11405,P20054,2025-10-17,7.0,0,224308.21
O31682,C10881,P20161,2025-10-20,4.0,5,69907.12
O31683,C11600,P20250,2025-07-12,3.0,15,100112.64
O31684,C10635,P20489,2026-04-19,3.0,10,18007.79
O31685,C10254,P20251,2025-09-14,2.0,0,19222.32
O31686,C11501,P20423,2026-05-21,4.0,0,133985.4
O31687,C11138,P20279,2026-01-23,7.0,15,397554.84
O31688,C10020,P20171,2026-02-02,5.0,5,303205.18
O31689,C10528,P20183,2026-01-01,7.0,10,138011.08
O31690,C11169,P20002,2025-10-17,3.0,5,26703.62
O31691,C11232,P20194,2025-11-05,2.0,5,11567.16
O31692,C11555,P20166,2025-10-05,7.0,20,143412.25
O31693,C10376,P20247,2026-04-09,5.0,0,96648.65
O31694,C11528,P20499,2025-07-08,5.0,10,165573.54
O31695,C11928,P20413,2025-06-27,7.0,0,376163.9
O31696,C10166,P20244,2026-06-12,5.0,0,124467.65
O31697,C11574,P20110,2026-01-10,1.0,10,48624.13
O31698,C11205,P20380,2026-03-30,3.0,15,9891.88
O31699,C10861,P20323,2025-08-05,1.0,10,4239.95
O31700,C10617,P20487,2025-02-11,1.0,0,19109.97
O31701,C10612,P20071,2025-07-13,3.0,0,223490.73
O31702,C11626,P20164,2025-11-23,4.0,15,234306.1
O31703,C11951,P20285,2026-01-08,6.0,0,319574.46
O31704,C11836,P20375,2026-04-10,2.0,15,29758.24
O31705,C11468,P20421,2025-06-12,7.0,0,457852.29
O31706,C11356,P20113,2025-10-03,6.0,15,323438.53
O31707,C10503,P20228,2025-12-30,6.0,15,154564.48
O31708,C10913,P20471,2026-04-25,6.0,0,201773.58
O31709,C10079,P20301,2026-04-05,6.0,10,321977.27
O31710,C10585,P20016,2025-09-22,3.0,0,87302.55
O31711,C11959,P20496,2026-06-23,6.0,0,100550.76
O31712,C11962,P20031,2026-01-21,2.0,5,6379.76
O31713,C10688,P20162,2025-03-26,7.0,10,97653.46
O31714,C10396,P20306,2025-11-12,4.0,0,183526.56
O31715,C11632,P20193,2025-08-31,3.0,10,161286.71
O31716,C11881,P20210,2026-04-14,6.0,0,200605.08
O31717,C11127,P20378,2025-12-08,5.0,0,53404.9
O31718,C10402,P20446,2025-06-26,7.0,10,430024.46
O31719,C10975,P20232,2025-05-10,3.0,5,131799.19
O31720,C10224,P20427,2025-03-24,4.0,10,73094.76
O31721,C10518,P20184,2025-12-26,6.0,10,150610.05
O31722,C10634,P20015,2025-03-29,1.0,15,49426.77
O31723,C10236,P20432,2026-06-16,3.0,5,138062.64
O31724,C11451,P20305,2026-04-16,7.0,0,300247.99
O31725,C10116,P20209,2026-05-13,7.0,10,339488.1
O31726,C11187,P20172,2026-05-22,5.0,10,250393.19
O31727,C10226,P20266,2025-12-20,7.0,5,284366.44
O31728,C10230,P20020,2026-02-20,3.0,10,163194.02
O31729,C10182,P20070,2025-02-20,1.0,0,30496.85
O31730,C11273,P20008,2025-03-04,3.0,0,56660.34
O31731,C11342,P20429,2025-03-30,5.0,10,32103.54
O31732,C11989,P20034,2025-07-09,4.0,0,20056.2
O31733,C10210,P20224,2025-12-14,5.0,5,57646.33
O31734,C11680,P20179,2026-06-22,4.0,5,69988.63
O31735,C11416,P20246,2025-06-25,5.0,5,161180.09
O31736,C11881,P20490,2025-12-30,2.0,10,117007.06
O31737,C10096,P20260,2026-04-28,3.0,0,210618.63
O31738,C10894,P20108,2025-04-29,7.0,20,226460.3
O31739,C11882,P20242,2025-06-18,3.0,10,2250.48
O31740,C10756,P20423,2025-05-27,1.0,5,31821.53
O31741,C11110,P20468,2026-03-13,2.0,0,19217.24
O31742,C10415,P20024,2026-03-15,1.0,0,29271.22
O31743,C10394,P20216,2025-07-08,3.0,10,174997.77
O31744,C10696,P20055,2025-06-09,1.0,0,28901.37
O31745,C11657,P20026,2026-02-06,4.0,0,217739.24
O31746,C10844,P20281,2025-01-18,2.0,5,67596.22
O31747,C11525,P20292,2025-05-20,7.0,10,31962.42
O31748,C10604,P20327,2025-04-25,5.0,10,31791.55
O31749,C10582,P20458,2025-11-24,4.0,10,140455.8
O31750,C11940,P20186,2025-08-13,6.0,15,46575.29
O31751,C10133,P20495,2026-03-15,5.0,0,374645.0
O31752,C10791,P20012,2026-01-21,1.0,10,49214.27
O31753,C10649,P20129,2026-06-05,3.0,0,47065.86
O31754,C11338,P20372,2025-09-10,4.0,5,50254.54
O31755,C11723,P20434,2025-04-08,2.0,10,31789.04
O31756,C10221,P20409,2025-03-12,5.0,0,83703.65
O31757,C10976,P20208,2026-03-23,6.0,5,229999.62
O31758,C11462,P20133,2025-03-31,4.0,15,214009.87
O31759,C11070,P20339,2026-03-06,7.0,0,418665.59
O31760,C11814,P20196,2025-08-07,7.0,5,292744.11
O31761,C11216,P20262,2025-04-17,3.0,15,56054.25
O31762,C11544,P20282,2026-04-21,2.0,5,46602.0
O31763,C11403,P20369,2026-03-30,2.0,10,43969.19
O31764,C10788,P20103,2026-06-28,5.0,15,111076.56
O31765,C10691,P20120,2025-05-06,4.0,0,112652.36
O31766,C11358,P20183,2025-05-27,4.0,0,87626.08
O31767,C10039,P20423,2025-10-07,2.0,10,60293.43
O31768,C11317,P20009,2025-01-24,7.0,10,193846.9
O31769,C10690,P20045,2025-04-30,1.0,0,63471.35
O31770,C10162,P20244,2025-10-24,2.0,0,49787.06
O31771,C11355,P20270,2025-03-23,3.0,5,109358.32
O31772,C11910,P20112,2026-03-24,4.0,15,81332.32
O31773,C11128,P20055,2026-04-15,7.0,5,192194.11
O31774,C10161,P20393,2026-02-27,5.0,15,122198.17
O31775,C11823,P20015,2026-06-29,4.0,20,186077.25
O31776,C11659,P20037,2025-01-24,7.0,10,160611.19
O31777,C11078,P20178,2025-03-02,2.0,10,18469.49
O31778,C11964,P20127,2025-03-25,3.0,5,95131.15
O31779,C11058,P20117,2025-08-13,1.0,0,22561.11
O31780,C10242,P20340,2025-07-05,7.0,10,160947.49
O31781,C10967,P20072,2026-01-10,7.0,5,433455.05
O31782,C10890,P20352,2025-03-13,4.0,5,186882.78
O31783,C10113,P20111,2025-03-15,2.0,10,37052.68
O31784,C11014,P20149,2025-12-07,6.0,5,347904.0
O31785,C10318,P20185,2025-06-02,2.0,10,89786.84
O31786,C10023,P20105,2025-04-06,2.0,5,106475.28
O31787,C11582,P20147,2026-03-21,3.0,0,100685.91
O31788,C10824,P20221,2025-04-20,2.0,5,103735.63
O31789,C11671,P20314,2026-04-03,7.0,20,364437.64
O31790,C11142,P20351,2025-02-20,2.0,15,90286.39
O31791,C10701,P20374,2026-01-12,2.0,0,18457.92
O31792,C11667,P20006,2025-03-14,4.0,5,139440.01
O31793,C11019,P20260,2025-07-31,2.0,15,119350.56
O31794,C11958,P20299,2026-03-08,3.0,0,58877.13
O31795,C11236,P20349,2025-06-17,6.0,0,380438.28
O31796,C11442,P20042,2025-11-27,4.0,0,235160.48
O31797,C11137,P20259,2026-05-09,7.0,10,196914.75
O31798,C11068,P20385,2025-05-23,6.0,5,220600.94
O31799,C10128,P20492,2026-03-21,2.0,0,44902.72
O31800,C10876,P20439,2026-01-29,1.0,10,12104.14
O31801,C10158,P20271,2026-05-27,6.0,0,409153.5
O31802,C11809,P20047,2025-11-24,3.0,10,52312.23
O31803,C10827,P20085,2025-09-16,1.0,5,8325.31
O31804,C11418,P20174,2026-03-13,3.0,5,140000.35
O31805,C11891,P20058,2025-12-15,7.0,0,495601.54
O31806,C10852,P20479,2026-05-30,1.0,10,60759.73
O31807,C10512,P20199,2026-03-25,2.0,5,19171.15
O31808,C11938,P20209,2026-02-03,1.0,5,51192.65
O31809,C10045,P20248,2025-08-02,7.0,10,167490.54
O31810,C11132,P20211,2026-06-30,6.0,10,380344.19
O31811,C10219,P20039,2025-10-16,1.0,0,21316.89
O31812,C10443,P20252,2025-09-16,3.0,0,216353.01
O31813,C11854,P20131,2025-09-15,2.0,0,51674.74
O31814,C10315,P20414,2026-01-23,3.0,10,55496.69
O31815,C10177,P20291,2026-06-29,2.0,10,48643.7
O31816,C10228,P20250,2025-09-22,6.0,10,212003.24
O31817,C11727,P20441,2025-11-09,5.0,10,150662.43
O31818,C11696,P20413,2025-02-09,4.0,15,182708.18
O31819,C11930,P20434,2025-07-29,6.0,5,100665.31
O31820,C10267,P20446,2025-09-29,7.0,0,477804.95
O31821,C10870,P20052,2025-05-16,6.0,15,303233.71
O31822,C10838,P20374,2025-03-01,4.0,0,36915.84
O31823,C11403,P20014,2026-05-25,3.0,5,55670.99
O31824,C10489,P20419,2026-05-30,6.0,0,64243.02
O31825,C10702,P20156,2025-01-15,2.0,15,127184.82
O31826,C10687,P20442,2025-09-12,1.0,5,10010.95
O31827,C11314,P20030,2026-06-19,6.0,0,383761.62
O31828,C10996,P20090,2025-08-23,4.0,10,86432.22
O31829,C10357,P20391,2025-05-11,6.0,0,3013.8
O31830,C11681,P20167,2025-01-17,3.0,15,77939.73
O31831,C11768,P20351,2025-07-04,3.0,5,151362.47
O31832,C10872,P20069,2026-01-26,3.0,10,47472.53
O31833,C11974,P20163,2026-02-27,2.0,0,143210.34
O31834,C10204,P20242,2026-03-18,7.0,15,4959.38
O31835,C11237,P20495,2025-01-12,7.0,15,445827.55
O31836,C10552,P20383,2026-06-04,6.0,10,4361.58
O31837,C11811,P20052,2025-03-21,3.0,15,151616.85
O31838,C10323,P20142,2025-10-29,5.0,0,238506.85
O31839,C10594,P20063,2025-08-04,1.0,15,54911.43
O31840,C10181,P20292,2025-09-05,7.0,10,31962.42
O31841,C10499,P20091,2026-06-25,3.0,15,42732.49
O31842,C11344,P20152,2025-09-29,7.0,10,297669.39
O31843,C10083,P20424,2025-05-13,2.0,0,45910.48
O31844,C10303,P20157,2025-01-05,1.0,10,2451.69
O31845,C10262,P20309,2026-06-26,1.0,0,2095.88
O31846,C10784,P20365,2025-05-21,4.0,10,149080.46
O31847,C11224,P20150,2026-04-28,3.0,5,21980.48
O31848,C11264,P20328,2025-11-01,3.0,0,150599.52
O31849,C10914,P20271,2025-12-11,6.0,20,327322.8
O31850,C10692,P20369,2025-09-27,2.0,15,41526.46
O31851,C10944,P20069,2025-04-18,5.0,15,74725.28
O31852,C10683,P20116,2026-04-19,6.0,10,163929.26
O31853,C11319,P20192,2025-03-23,5.0,10,115286.26
O31854,C11536,P20004,2025-03-25,4.0,10,50503.36
O31855,C10689,P20075,2025-10-17,7.0,0,150917.55
O31856,C11905,P20402,2025-03-12,7.0,15,187300.94
O31857,C10396,P20298,2025-06-24,5.0,15,126013.9
O31858,C11773,P20241,2026-04-08,7.0,10,388046.55
O31859,C11162,P20030,2026-01-30,2.0,15,108732.46
O31860,C10839,P20143,2025-04-01,7.0,10,294226.51
O31861,C10878,P20326,2026-04-14,4.0,5,84998.51
O31862,C10823,P20183,2026-03-10,3.0,20,52575.65
O31863,C11153,P20437,2025-09-06,5.0,5,277378.62
O31864,C10049,P20016,2025-08-29,2.0,10,52381.53
O31865,C11700,P20111,2026-05-11,2.0,5,39111.16
O31866,C10789,P20360,2025-12-06,3.0,10,53750.6
O31867,C10293,P20201,2026-04-16,7.0,10,240935.75
O31868,C11652,P20107,2026-04-08,2.0,10,22133.43
O31869,C10536,P20379,2025-10-02,4.0,5,213267.89
O31870,C10311,P20162,2025-01-15,4.0,0,62002.2
O31871,C10537,P20283,2025-02-10,6.0,10,385695.81
O31872,C11927,P20269,2025-07-27,1.0,15,16184.21
O31873,C10639,P20484,2025-03-01,3.0,0,172286.37
O31874,C10234,P20155,2025-12-31,7.0,0,485084.32
O31875,C11233,P20073,2025-08-28,2.0,0,84957.2
O31876,C10605,P20197,2025-06-09,5.0,15,82679.71
O31877,C10094,P20243,2026-02-01,6.0,10,185856.01
O31878,C10327,P20086,2026-05-15,4.0,20,42053.98
O31879,C10225,P20287,2025-07-28,3.0,10,166315.17
O31880,C10967,P20259,2025-05-13,7.0,5,207854.46
O31881,C10890,P20286,2026-01-16,3.0,10,119328.5
O31882,C11816,P20149,2026-03-09,7.0,0,427250.53
O31883,C10011,P20355,2026-01-24,4.0,5,128908.2
O31884,C11353,P20390,2026-03-08,1.0,5,29033.49
O31885,C11036,P20476,2025-10-01,3.0,0,69054.15
O31886,C10035,P20416,2025-12-17,2.0,5,103101.85
O31887,C10447,P20426,2025-05-14,5.0,0,135460.0
O31888,C11476,P20485,2025-03-07,5.0,0,100685.75
O31889,C11764,P20190,2025-07-24,4.0,0,202602.52
O31890,C11244,P20217,2025-10-25,3.0,10,201856.46
O31891,C10441,P20416,2025-04-27,5.0,0,271320.65
O31892,C10653,P20355,2025-09-24,3.0,0,101769.63
O31893,C11559,P20086,2025-05-29,4.0,0,52567.48
O31894,C10595,P20216,2025-07-13,1.0,10,58332.59
O31895,C10229,P20423,2025-06-28,5.0,10,150733.58
O31896,C11959,P20320,2025-05-28,2.0,15,16920.13
O31897,C10344,P20118,2026-04-10,6.0,15,239818.37
O31898,C11104,P20414,2025-01-05,4.0,0,82217.32
O31899,C11377,P20447,2026-06-10,6.0,0,383572.44
O31900,C11420,P20370,2025-10-07,1.0,0,66709.21
O31901,C11314,P20480,2026-05-14,2.0,20,75587.2
O31902,C11479,P20415,2026-03-12,6.0,10,308321.21
O31903,C11867,P20087,2025-08-04,2.0,0,82370.3
O31904,C11695,P20040,2026-05-30,5.0,0,172404.4
O31905,C10989,P20161,2025-05-17,3.0,5,52430.34
O31906,C11152,P20191,2025-10-07,4.0,0,6178.16
O31907,C11726,P20025,2025-05-12,2.0,15,37067.84
O31908,C10909,P20420,2026-01-28,5.0,10,292532.22
O31909,C11567,P20152,2026-04-26,1.0,10,42524.2
O31910,C11922,P20095,2026-05-28,7.0,5,452171.01
O31911,C11383,P20442,2026-02-23,2.0,0,21075.68
O31912,C10527,P20423,2025-07-21,1.0,10,30146.72
O31913,C11337,P20046,2026-04-07,4.0,10,31800.64
O31914,C10075,P20461,2025-07-21,5.0,5,195472.09
O31915,C11570,P20138,2025-06-01,1.0,5,21702.9
O31916,C11895,P20471,2025-08-10,3.0,15,85753.77
O31917,C10196,P20466,2025-03-20,6.0,0,134666.58
O31918,C11867,P20288,2025-07-19,1.0,5,28122.23
O31919,C10029,P20353,2025-04-09,1.0,0,65477.24
O31920,C10706,P20164,2025-08-01,5.0,10,310111.02
O31921,C11021,P20412,2025-05-23,5.0,0,34952.9
O31922,C10016,P20400,2026-01-24,2.0,10,92939.56
O31923,C11447,P20016,2026-01-09,6.0,0,174605.1
O31924,C11613,P20018,2025-02-21,1.0,0,64243.28
O31925,C10805,P20136,2025-05-15,1.0,10,860.09
O31926,C11617,P20490,2026-02-15,5.0,10,292517.64
O31927,C11429,P20464,2026-04-15,7.0,15,13821.61
O31928,C10940,P20247,2025-04-22,3.0,5,55089.73
O31929,C11660,P20248,2026-06-09,7.0,5,176795.57
O31930,C11555,P20331,2025-02-13,5.0,10,276048.76
O31931,C10967,P20198,2026-02-01,3.0,0,210204.45
O31932,C11638,P20001,2025-09-18,6.0,0,57424.92
O31933,C11928,P20190,2026-06-29,7.0,0,354554.41
O31934,C11101,P20381,2026-01-23,5.0,0,355772.35
O31935,C10229,P20460,2026-04-21,6.0,0,79857.0
O31936,C10962,P20294,2026-02-14,4.0,15,30319.84
O31937,C11321,P20476,2025-01-16,1.0,15,19565.34
O31938,C11534,P20045,2025-04-12,6.0,15,323703.88
O31939,C10715,P20442,2025-07-05,3.0,20,25290.82
O31940,C10984,P20337,2025-01-25,4.0,5,96472.54
O31941,C11990,P20385,2025-03-13,3.0,0,116105.76
O31942,C10573,P20032,2025-01-18,2.0,10,7217.48
O31943,C11562,P20392,2025-11-28,2.0,15,108444.7
O31944,C11607,P20118,2025-04-07,1.0,5,44672.05
O31945,C10615,P20296,2025-01-12,4.0,5,135186.18
O31946,C10326,P20184,2025-01-11,4.0,0,111563.0
O31947,C11387,P20191,2025-06-12,2.0,5,2934.63
O31948,C11693,P20235,2025-10-10,1.0,5,51052.01
O31949,C10875,P20238,2025-08-29,6.0,5,5773.47
O31950,C10359,P20216,2025-02-14,2.0,15,110183.78
O31951,C11730,P20074,2025-09-12,4.0,0,155568.32
O31952,C11811,P20111,2025-03-08,3.0,20,49403.57
O31953,C10324,P20103,2025-02-11,7.0,0,182949.62
O31954,C11722,P20359,2026-01-19,4.0,15,34396.1
O31955,C11350,P20074,2025-08-22,1.0,5,36947.48
O31956,C11649,P20420,2026-04-30,4.0,10,234025.78
O31957,C11849,P20473,2025-02-08,5.0,0,112786.15
O31958,C10165,P20252,2025-01-11,4.0,10,259623.61
O31959,C11597,P20114,2026-02-13,5.0,15,152495.44
O31960,C11628,P20379,2025-04-18,2.0,0,112246.26
O31961,C10798,P20313,2025-04-04,6.0,0,97330.32
O31962,C10455,P20330,2025-03-25,5.0,0,319664.45
O31963,C11993,P20339,2025-02-27,4.0,0,239237.48
O31964,C11177,P20238,2025-10-20,6.0,0,6077.34
O31965,C11761,P20173,2025-01-16,7.0,10,257230.45
O31966,C11151,P20079,2026-04-22,6.0,0,131797.74
O31967,C10193,P20464,2025-06-14,4.0,10,8362.66
O31968,C10627,P20386,2026-03-13,4.0,15,198963.17
O31969,C11798,P20093,2026-02-07,7.0,10,50064.97
O31970,C10530,P20452,2026-01-21,1.0,0,34509.85
O31971,C11034,P20050,2025-05-18,2.0,10,132469.67
O31972,C10092,P20285,2026-06-15,5.0,5,252996.45
O31973,C10139,P20223,2025-10-20,3.0,0,50361.69
O31974,C10481,P20081,2026-04-20,5.0,0,100555.4
O31975,C10449,P20266,2026-04-07,4.0,15,145390.36
O31976,C11357,P20155,2026-01-08,3.0,10,187103.95
O31977,C10869,P20373,2025-06-11,3.0,0,60683.61
O31978,C10340,P20233,2025-02-13,5.0,5,63757.87
O31979,C11985,P20399,2025-03-24,7.0,0,208864.18
O31980,C11076,P20316,2026-06-23,5.0,20,71930.52
O31981,C11731,P20236,2026-06-03,5.0,20,292010.36
O31982,C10466,P20159,2026-02-15,5.0,0,117399.7
O31983,C10718,P20405,2025-12-07,7.0,5,338370.15
O31984,C10799,P20316,2025-03-30,7.0,10,113290.57
O31985,C10475,P20251,2025-08-18,2.0,5,18261.2
O31986,C10401,P20314,2025-01-18,1.0,0,65078.15
O31987,C11463,P20425,2025-10-08,1.0,10,48447.44
O31988,C11902,P20430,2026-02-26,5.0,0,280356.3
O31989,C10605,P20301,2025-12-04,1.0,10,53662.88
O31990,C10932,P20380,2025-09-23,5.0,5,18426.06
O31991,C10997,P20282,2025-12-21,5.0,10,110373.16
O31992,C10922,P20102,2025-12-26,5.0,10,287397.5
O31993,C10821,P20051,2025-08-05,6.0,5,200235.98
O31994,C10657,P20420,2025-11-17,2.0,10,117012.89
O31995,C10598,P20052,2025-07-31,4.0,5,225938.84
O31996,C11533,P20209,2025-07-22,1.0,0,53887.0
O31997,C11177,P20307,2025-06-02,1.0,0,70695.15
O31998,C10514,P20131,2026-03-05,2.0,0,51674.74
O31999,C11527,P20270,2025-10-14,2.0,0,76742.68
O32000,C11878,P20433,2025-11-17,5.0,10,62819.91
O32001,C11925,P20205,2026-03-12,5.0,5,305451.6
O32002,C11796,P20489,2026-05-11,6.0,0,40017.3
O32003,C11700,P20219,2025-05-29,6.0,15,43875.15
O32004,C11030,P20257,2026-06-26,4.0,10,6309.97
O32005,C10500,P20185,2026-04-27,1.0,5,47387.5
O32006,C11685,P20145,2025-11-22,2.0,0,146558.66
O32007,C10717,P20496,2025-01-29,4.0,0,67033.84
O32008,C11142,P20178,2025-09-16,1.0,5,9747.79
O32009,C11509,P20482,2025-03-16,4.0,15,10863.48
O32010,C10601,P20014,2026-05-13,4.0,0,78134.72
O32011,C10666,P20246,2026-02-20,7.0,10,213775.7
O32012,C11975,P20187,2025-12-06,5.0,20,286238.84
O32013,C11703,P20337,2025-11-04,4.0,10,91395.04
O32014,C10468,P20259,2025-08-29,5.0,5,148467.47
O32015,C10161,P20354,2025-09-10,1.0,10,16684.04
O32016,C10270,P20040,2025-08-08,6.0,15,175852.49
O32017,C11080,P20089,2026-02-01,1.0,10,4564.64
O32018,C10228,P20125,2025-12-02,5.0,15,144226.64
O32019,C10849,P20450,2025-01-29,6.0,5,243977.33
O32020,C10149,P20418,2026-05-09,7.0,15,228077.9
O32021,C11070,P20474,2026-05-17,3.0,20,82305.96
O32022,C11168,P20351,2025-06-03,6.0,5,302724.95
O32023,C11774,P20009,2025-08-19,4.0,10,110769.66
O32024,C11808,P20350,2025-04-12,1.0,10,5621.85
O32025,C10632,P20084,2025-06-26,7.0,10,199139.66
O32026,C11364,P20021,2025-08-20,4.0,15,35775.92
O32027,C10413,P20477,2025-01-12,7.0,0,326876.48
O32028,C11756,P20281,2025-07-05,6.0,10,192115.58
O32029,C10520,P20358,2025-09-23,3.0,10,79220.7
O32030,C11368,P20378,2025-05-15,4.0,10,38451.53
O32031,C10387,P20172,2025-01-31,3.0,10,150235.91
O32032,C11497,P20025,2026-04-01,2.0,0,43609.22
O32033,C10275,P20393,2025-09-16,3.0,5,81944.65
O32034,C10353,P20103,2025-04-14,1.0,15,22215.31
O32035,C11090,P20190,2026-03-07,6.0,15,258318.21
O32036,C11103,P20236,2026-01-17,5.0,0,365012.95
O32037,C10598,P20410,2026-04-14,5.0,10,86726.97
O32038,C11660,P20313,2026-05-28,4.0,15,55153.85
O32039,C11226,P20037,2025-07-26,6.0,10,137666.74
O32040,C11686,P20272,2026-03-23,7.0,10,371408.18
O32041,C10558,P20293,2025-03-30,2.0,0,11705.6
O32042,C10113,P20332,2025-07-14,4.0,10,4753.91
O32043,C11115,P20152,2026-02-18,3.0,10,127572.6
O32044,C10141,P20282,2025-05-02,5.0,10,110373.16
O32045,C11313,P20020,2026-04-07,3.0,10,163194.02
O32046,C11925,P20137,2025-04-26,5.0,5,137015.32
O32047,C10730,P20471,2025-07-15,5.0,20,134515.72
O32048,C10589,P20359,2025-02-05,5.0,10,45524.25
O32049,C10411,P20029,2025-03-08,6.0,10,129086.95
O32050,C10377,P20031,2025-10-08,7.0,15,19978.73
O32051,C11408,P20019,2026-04-24,7.0,15,335113.16
O32052,C11870,P20148,2025-01-11,7.0,15,218736.16
O32053,C11176,P20471,2025-11-18,1.0,10,30266.04
O32054,C11859,P20491,2025-08-28,6.0,5,214258.61
O32055,C10751,P20283,2025-03-01,3.0,0,214275.45
O32056,C10627,P20350,2025-06-14,7.0,0,43725.5
O32057,C11343,P20341,2025-07-08,6.0,5,302100.57
O32058,C11393,P20300,2026-05-02,7.0,10,165282.08
O32059,C11630,P20163,2025-04-02,4.0,0,286420.68
O32060,C10995,P20113,2025-10-16,2.0,15,107812.84
O32061,C11584,P20455,2026-05-24,4.0,10,154175.62
O32062,C10703,P20150,2025-03-16,6.0,5,43960.96
O32063,C10462,P20330,2026-03-04,3.0,5,182208.74
O32064,C10012,P20255,2026-01-20,2.0,0,12434.44
O32065,C11180,P20087,2025-02-22,4.0,15,140029.51
O32066,C11708,P20399,2025-06-24,2.0,0,59675.48
O32067,C10477,P20350,2026-04-19,3.0,10,16865.55
O32068,C10939,P20098,2025-12-27,5.0,10,290663.5
O32069,C10401,P20397,2025-09-27,3.0,10,199774.65
O32070,C10808,P20132,2026-02-11,7.0,5,491697.87
O32071,C10177,P20466,2025-05-04,1.0,0,22444.43
O32072,C11365,P20312,2026-01-11,2.0,0,112455.56
O32073,C10057,P20407,2026-01-27,3.0,5,15529.39
O32074,C11879,P20097,2025-07-01,5.0,10,180459.81
O32075,C11876,P20098,2025-02-05,5.0,5,306811.48
O32076,C10448,P20290,2025-07-31,3.0,0,164493.39
O32077,C10203,P20356,2025-05-14,4.0,0,277837.2
O32078,C11721,P20227,2026-05-06,3.0,10,63612.62
O32079,C11657,P20145,2026-03-14,5.0,5,348076.82
O32080,C10738,P20156,2025-02-15,3.0,0,224443.8
O32081,C10202,P20270,2026-02-05,1.0,10,34534.21
O32082,C11354,P20162,2026-05-03,4.0,0,62002.2
O32083,C10363,P20112,2026-03-08,3.0,5,68175.62
O32084,C10892,P20331,2026-03-04,5.0,0,306720.85
O32085,C10454,P20185,2026-06-01,3.0,15,127198.03
O32086,C10356,P20205,2026-04-07,7.0,0,450139.2
O32087,C10216,P20097,2025-06-30,3.0,5,114291.21
O32088,C10972,P20377,2025-05-25,2.0,20,98695.86
O32089,C10555,P20055,2025-09-22,3.0,0,86704.11
O32090,C10887,P20450,2026-02-10,1.0,10,38522.74
O32091,C10023,P20482,2026-04-29,5.0,0,15975.7
O32092,C10155,P20117,2026-04-27,6.0,0,135366.66
O32093,C11210,P20093,2025-08-25,2.0,10,14304.28
O32094,C10249,P20293,2026-06-09,6.0,15,29849.28
O32095,C10749,P20452,2025-12-05,3.0,5,98353.07
O32096,C10805,P20204,2025-09-25,7.0,10,244013.93
O32097,C10134,P20282,2025-09-23,4.0,10,88298.53
O32098,C10321,P20189,2026-06-12,1.0,5,41247.14
O32099,C10390,P20476,2025-04-02,1.0,10,20716.24
O32100,C10434,P20323,2025-09-05,7.0,0,32977.35
O32101,C11046,P20084,2025-01-19,1.0,5,30029.0
O32102,C10873,P20458,2026-01-25,7.0,5,259453.08
O32103,C11624,P20180,2026-01-23,2.0,15,37552.15
O32104,C11689,P20274,2025-04-05,7.0,0,496434.82
O32105,C11149,P20181,2026-03-06,7.0,10,436879.3
O32106,C11103,P20447,2025-02-06,3.0,0,191786.22
O32107,C10858,P20181,2026-01-28,1.0,0,69345.92
O32108,C11992,P20283,2025-10-18,3.0,10,192847.9
O32109,C10051,P20287,2025-10-30,4.0,10,221753.56
O32110,C11752,P20475,2026-02-05,7.0,5,83241.18
O32111,C10176,P20106,2025-12-10,3.0,0,180636.78
O32112,C10870,P20129,2026-06-02,6.0,15,80011.96
O32113,C10253,P20262,2026-01-12,3.0,0,65946.18
O32114,C10966,P20011,2025-06-14,3.0,10,28314.52
O32115,C11270,P20162,2025-01-13,7.0,10,97653.46
O32116,C10739,P20487,2025-01-25,5.0,10,85994.86
O32117,C11130,P20468,2025-05-03,6.0,15,49003.96
O32118,C11217,P20447,2025-05-09,2.0,10,115071.73
O32119,C11340,P20181,2025-11-05,7.0,0,485421.44
O32120,C10302,P20213,2026-03-12,3.0,5,102078.82
O32121,C10548,P20469,2025-07-01,1.0,5,46587.95
O32122,C11978,P20274,2025-02-12,7.0,0,496434.82
O32123,C10716,P20021,2026-02-08,5.0,15,44719.9
O32124,C11958,P20275,2025-09-20,3.0,0,13726.74
O32125,C10779,P20260,2025-03-11,5.0,10,315927.95
O32126,C10268,P20333,2025-10-19,2.0,10,120979.37
O32127,C11194,P20466,2025-08-02,7.0,15,133544.36
O32128,C11010,P20116,2025-05-27,5.0,10,136607.72
O32129,C10551,P20413,2025-01-25,1.0,10,48363.93
O32130,C11479,P20025,2025-11-19,3.0,0,65413.83
O32131,C11675,P20440,2025-04-19,1.0,10,58506.84
O32132,C11316,P20333,2025-09-08,7.0,0,470475.32
O32133,C11588,P20254,2026-04-27,7.0,15,342186.7
O32134,C11823,P20447,2025-06-24,4.0,0,255714.96
O32135,C11825,P20411,2025-12-13,5.0,0,329318.05
O32136,C11165,P20444,2025-06-19,5.0,5,290994.97
O32137,C11170,P20211,2025-01-02,5.0,10,316953.5
O32138,C11449,P20305,2025-12-28,6.0,10,231619.88
O32139,C10314,P20321,2025-10-23,7.0,0,32292.82
O32140,C10184,P20422,2025-07-21,7.0,0,220853.01
O32141,C11688,P20339,2025-10-16,2.0,0,119618.74
O32142,C10713,P20436,2025-03-03,6.0,5,424495.42
O32143,C10128,P20257,2026-05-17,1.0,5,1665.13
O32144,C11311,P20168,2025-05-06,7.0,5,120726.69
O32145,C11847,P20337,2025-02-18,4.0,10,91395.04
O32146,C11277,P20021,2025-06-28,2.0,5,19992.43
O32147,C11802,P20086,2026-05-08,2.0,15,22341.18
O32148,C10700,P20015,2026-03-09,3.0,0,174447.42
O32149,C10386,P20050,2025-10-29,7.0,10,463643.84
O32150,C11254,P20487,2025-06-18,4.0,10,68795.89
O32151,C10271,P20304,2025-09-26,7.0,0,357517.65
O32152,C11795,P20487,2025-12-30,5.0,5,90772.36
O32153,C10811,P20416,2025-04-10,6.0,5,309305.54
O32154,C10415,P20305,2025-08-03,5.0,0,214462.85
O32155,C10198,P20196,2025-04-07,7.0,5,292744.11
O32156,C11347,P20364,2025-12-03,3.0,5,128506.27
O32157,C11080,P20301,2025-12-25,6.0,0,357752.52
O32158,C10831,P20288,2025-10-17,5.0,5,140611.16
O32159,C11227,P20388,2026-01-31,1.0,5,45775.33
O32160,C11807,P20245,2025-12-26,5.0,0,21101.9
O32161,C11645,P20449,2025-12-13,7.0,0,56698.81
O32162,C10628,P20353,2025-05-04,6.0,10,353577.1
O32163,C10604,P20455,2026-06-22,1.0,10,38543.9
O32164,C11162,P20201,2026-02-26,3.0,15,97521.61
O32165,C11446,P20193,2025-12-02,3.0,0,179207.46
O32166,C11839,P20336,2026-05-18,1.0,0,2719.47
O32167,C11081,P20146,2025-02-26,6.0,0,85582.68
O32168,C11586,P20310,2025-03-17,6.0,5,229141.37
O32169,C11010,P20127,2026-04-11,5.0,10,150207.08
O32170,C10071,P20175,2025-10-12,3.0,5,59185.84
O32171,C10911,P20134,2026-01-21,3.0,10,163890.59
O32172,C11938,P20066,2025-09-16,1.0,10,23813.86
O32173,C10594,P20393,2026-04-22,3.0,20,69006.02
O32174,C11396,P20452,2025-01-11,7.0,0,241568.95
O32175,C11641,P20365,2025-09-17,5.0,0,207056.2
O32176,C10600,P20279,2026-01-28,3.0,0,200447.82
O32177,C10514,P20246,2026-01-04,1.0,0,33932.65
O32178,C11896,P20363,2025-07-03,5.0,15,40775.82
O32179,C10084,P20237,2025-01-16,4.0,0,61380.2
O32180,C10994,P20171,2026-05-21,1.0,10,57449.4
O32181,C11067,P20051,2025-03-27,4.0,0,140516.48
O32182,C11690,P20328,2025-01-10,3.0,0,150599.52
O32183,C10839,P20359,2026-04-22,5.0,0,50582.5
O32184,C11958,P20153,2025-06-13,3.0,0,49116.36
O32185,C10606,P20080,2025-01-24,5.0,10,69072.08
O32186,C10810,P20419,2025-11-08,2.0,20,17131.47
O32187,C10133,P20145,2025-08-26,3.0,10,197854.19
O32188,C11419,P20274,2026-04-07,3.0,5,202119.89
O32189,C11089,P20155,2026-04-07,3.0,0,207893.28
O32190,C10290,P20399,2025-08-26,6.0,15,152172.47
O32191,C10376,P20337,2025-01-22,1.0,0,25387.51
O32192,C10769,P20363,2025-06-29,6.0,15,48930.98
O32193,C10467,P20325,2026-05-14,5.0,5,38240.35
O32194,C11922,P20336,2026-04-20,5.0,0,13597.35
O32195,C11237,P20143,2025-12-05,5.0,5,221837.44
O32196,C11172,P20298,2026-06-15,1.0,20,23720.26
O32197,C11597,P20494,2025-06-11,5.0,0,162855.95
O32198,C10471,P20034,2025-03-02,6.0,0,30084.3
O32199,C10149,P20304,2025-03-26,7.0,0,357517.65
O32200,C10088,P20467,2026-05-05,6.0,10,376622.08
O32201,C11348,P20392,2025-01-05,7.0,0,446537.0
O32202,C11919,P20239,2025-03-17,3.0,10,15997.55
O32203,C10396,P20138,2025-09-10,4.0,15,77673.54
O32204,C10790,P20254,2025-01-07,7.0,15,342186.7
O32205,C11428,P20005,2026-04-18,2.0,0,49660.8
O32206,C11106,P20372,2025-05-18,5.0,10,59511.96
O32207,C11665,P20176,2025-12-24,1.0,0,44601.3
O32208,C11310,P20373,2025-06-12,7.0,10,127435.58
O32209,C11406,P20410,2025-11-14,1.0,15,16381.76
O32210,C10865,P20214,2026-04-03,5.0,5,270001.88
O32211,C11816,P20364,2025-09-10,4.0,15,153305.73
O32212,C11294,P20023,2025-07-20,6.0,15,341890.38
O32213,C11316,P20318,2026-06-16,5.0,0,37721.55
O32214,C11477,P20013,2025-06-14,1.0,10,54937.92
O32215,C11739,P20393,2025-08-20,2.0,0,57505.02
O32216,C10024,P20241,2025-11-24,4.0,5,234059.82
O32217,C10956,P20276,2025-08-26,5.0,0,349228.0
O32218,C11887,P20092,2025-04-30,7.0,15,230820.14
O32219,C10311,P20108,2025-09-07,2.0,5,76834.75
O32220,C11485,P20441,2025-12-02,5.0,10,150662.43
O32221,C11232,P20229,2025-10-11,4.0,10,136279.58
O32222,C11816,P20152,2025-07-17,1.0,10,42524.2
O32223,C11741,P20108,2026-02-20,6.0,10,218372.44
O32224,C10664,P20289,2026-01-30,7.0,0,236124.84
O32225,C10438,P20404,2025-05-31,6.0,10,379920.19
O32226,C11562,P20444,2025-09-22,4.0,5,232795.98
O32227,C10706,P20176,2025-08-08,3.0,10,120423.51
O32228,C11360,P20320,2025-08-04,6.0,0,59718.12
O32229,C10422,P20286,2025-11-11,5.0,0,220978.7
O32230,C11774,P20364,2025-08-04,2.0,15,76652.86
O32231,C10321,P20329,2025-12-01,2.0,0,20519.02
O32232,C11521,P20365,2025-12-25,7.0,5,275384.75
O32233,C10587,P20241,2025-06-10,6.0,0,369568.14
O32234,C10947,P20145,2026-05-26,4.0,0,293117.32
O32235,C11187,P20356,2025-06-06,7.0,0,486215.1
O32236,C11835,P20014,2025-06-11,4.0,10,70321.25
O32237,C11565,P20275,2025-02-11,4.0,15,15556.97
O32238,C11189,P20071,2025-06-29,2.0,0,148993.82
O32239,C10849,P20315,2025-10-30,1.0,0,71701.48
O32240,C11722,P20195,2025-11-26,2.0,10,38499.91
O32241,C11590,P20353,2026-03-05,1.0,5,62203.38
O32242,C11319,P20300,2025-12-16,7.0,15,156099.74
O32243,C10042,P20416,2025-04-30,7.0,5,360856.46
O32244,C11948,P20367,2025-03-16,7.0,5,344817.13
O32245,C11309,P20011,2025-05-03,4.0,5,39850.07
O32246,C10939,P20106,2025-07-01,3.0,10,162573.1
O32247,C10387,P20258,2025-09-14,2.0,10,25925.24
O32248,C11162,P20474,2025-09-26,4.0,0,137176.6
O32249,C11211,P20381,2026-05-08,2.0,0,142308.94
O32250,C10910,P20196,2025-06-29,4.0,15,149673.68
O32251,C10716,P20145,2025-05-29,2.0,15,124574.86
O32252,C10431,P20465,2026-06-02,5.0,0,169301.65
O32253,C10554,P20220,2025-05-28,2.0,15,4372.52
O32254,C11886,P20350,2025-01-09,5.0,10,28109.25
O32255,C11440,P20424,2025-06-27,1.0,5,21807.48
O32256,C10800,P20471,2026-01-30,2.0,0,67257.86
O32257,C10426,P20174,2025-11-27,1.0,10,44210.64
O32258,C11440,P20216,2025-02-25,3.0,0,194441.97
O32259,C10026,P20093,2025-07-26,6.0,10,42912.83
O32260,C11395,P20260,2025-04-15,6.0,0,421237.26
O32261,C10385,P20422,2025-12-21,5.0,10,141976.94
O32262,C10056,P20063,2026-05-04,2.0,0,129203.36
O32263,C11277,P20029,2026-05-18,6.0,0,143429.94
O32264,C10634,P20275,2025-02-19,1.0,0,4575.58
O32265,C10106,P20347,2025-03-28,6.0,0,83400.72
O32266,C11154,P20285,2025-10-30,6.0,5,303595.74
O32267,C10849,P20484,2025-01-01,4.0,0,229715.16
O32268,C10670,P20419,2026-01-16,6.0,20,51394.42
O32269,C10376,P20372,2025-12-28,1.0,10,11902.39
O32270,C10743,P20070,2026-01-16,6.0,10,164682.99
O32271,C10967,P20379,2025-06-11,2.0,0,112246.26
O32272,C10308,P20279,2025-01-19,6.0,5,380850.86
O32273,C10091,P20231,2025-08-31,3.0,0,146751.72
O32274,C11417,P20302,2025-05-09,6.0,10,253819.66
O32275,C11558,P20255,2025-06-25,5.0,0,31086.1
O32276,C10802,P20172,2026-02-13,4.0,10,200314.55
O32277,C10110,P20432,2025-03-25,7.0,5,322146.15
O32278,C11585,P20180,2026-01-11,1.0,20,17671.6
O32279,C11665,P20264,2025-08-10,6.0,0,51969.06
O32280,C10585,P20183,2025-11-21,6.0,0,131439.12
O32281,C10340,P20322,2026-03-27,2.0,10,114160.34
O32282,C11589,P20205,2026-02-20,7.0,20,360111.36
O32283,C10979,P20424,2026-03-21,2.0,10,41319.43
O32284,C10356,P20249,2025-11-21,5.0,0,265047.3
O32285,C11916,P20213,2026-06-07,7.0,5,238183.91
O32286,C10168,P20159,2025-06-15,4.0,15,79831.8
O32287,C10557,P20500,2025-08-26,1.0,0,39457.46
O32288,C11476,P20432,2025-01-13,1.0,0,48443.03
O32289,C10905,P20100,2025-09-14,1.0,15,924.94
O32290,C10105,P20317,2026-05-29,5.0,15,281483.32
O32291,C10150,P20112,2025-07-29,5.0,10,107645.72
O32292,C10146,P20308,2026-04-29,6.0,20,284057.33
O32293,C10716,P20166,2025-12-31,4.0,0,102437.32
O32294,C10874,P20475,2025-08-13,1.0,5,11891.6
O32295,C10299,P20036,2025-07-13,1.0,10,45499.38
O32296,C11191,P20112,2025-07-15,6.0,10,129174.86
O32297,C11737,P20087,2026-02-04,4.0,10,148266.54
O32298,C10646,P20183,2025-02-26,7.0,15,130343.79
O32299,C10723,P20085,2025-08-01,4.0,5,33301.22
O32300,C11072,P20269,2025-10-06,4.0,0,76161.0
O32301,C10638,P20165,2026-01-15,2.0,5,7239.65
O32302,C10239,P20303,2025-04-27,4.0,10,253230.08
O32303,C11031,P20090,2026-03-27,3.0,0,72026.85
O32304,C10464,P20488,2026-02-14,5.0,15,262793.9
O32305,C10453,P20455,2026-01-02,4.0,0,171306.24
O32306,C10784,P20238,2025-04-23,2.0,0,2025.78
O32307,C10897,P20487,2025-06-13,7.0,5,127081.3
O32308,C10371,P20022,2025-01-04,3.0,10,14871.71
O32309,C11573,P20167,2025-01-23,2.0,0,61129.2
O32310,C10487,P20215,2025-04-02,2.0,10,93199.23
O32311,C11235,P20058,2026-04-14,6.0,5,403561.25
O32312,C10165,P20030,2025-06-04,2.0,0,127920.54
O32313,C11149,P20402,2025-07-26,2.0,0,62958.3
O32314,C11361,P20106,2025-03-22,1.0,10,54191.03
O32315,C10192,P20402,2026-04-28,5.0,5,149525.96
O32316,C10730,P20494,2026-02-11,6.0,15,166113.07
O32317,C10214,P20330,2025-04-13,6.0,5,364417.47
O32318,C10574,P20167,2025-08-28,1.0,0,30564.6
O32319,C11352,P20350,2025-09-22,3.0,0,18739.5
O32320,C10957,P20154,2025-02-02,1.0,0,47171.85
O32321,C10381,P20327,2025-02-04,6.0,10,38149.87
O32322,C10673,P20007,2025-09-06,3.0,10,5804.84
O32323,C11602,P20197,2025-02-19,6.0,10,105051.87
O32324,C10798,P20321,2025-10-07,4.0,0,18453.04
O32325,C10239,P20046,2025-06-01,3.0,0,26500.53
O32326,C11556,P20018,2026-06-21,6.0,0,385459.68
O32327,C10700,P20397,2025-08-18,1.0,0,73990.61
O32328,C11106,P20153,2025-10-15,6.0,5,93321.08
O32329,C11387,P20488,2026-01-30,1.0,20,49467.09
O32330,C10505,P20264,2026-03-29,3.0,10,23386.08
O32331,C10202,P20074,2025-02-02,1.0,10,35002.87
O32332,C10920,P20416,2025-12-29,3.0,0,162792.39
O32333,C11528,P20145,2025-04-21,2.0,0,146558.66
O32334,C11668,P20102,2025-05-01,5.0,0,319330.55
O32335,C10037,P20335,2025-01-16,7.0,0,127410.78
O32336,C10644,P20335,2026-06-07,3.0,10,49144.16
O32337,C11613,P20121,2025-04-08,7.0,0,111405.49
O32338,C11625,P20176,2025-04-26,7.0,15,265377.74
O32339,C11997,P20063,2026-04-16,2.0,20,103362.69
O32340,C11426,P20296,2026-03-15,2.0,0,71150.62
O32341,C10765,P20499,2025-10-08,2.0,10,66229.42
O32342,C11880,P20084,2025-12-15,7.0,10,199139.66
O32343,C10706,P20015,2025-08-20,2.0,0,116298.28
O32344,C11200,P20355,2025-04-21,3.0,15,86504.19
O32345,C10545,P20134,2025-12-18,7.0,0,424901.54
O32346,C11594,P20478,2025-01-12,7.0,10,143920.1
O32347,C11491,P20121,2026-05-03,1.0,0,15915.07
O32348,C11225,P20319,2026-06-17,2.0,5,8476.47
O32349,C10540,P20392,2025-10-12,4.0,5,242405.8
O32350,C11571,P20479,2026-06-29,2.0,15,114768.38
O32351,C11017,P20128,2026-01-27,1.0,0,63591.02
O32352,C11661,P20368,2025-06-19,1.0,0,62857.48
O32353,C10394,P20367,2025-03-18,5.0,5,246297.95
O32354,C10833,P20288,2025-10-24,5.0,0,148011.75
O32355,C11066,P20301,2025-11-26,7.0,10,375640.15
O32356,C10597,P20378,2025-03-04,2.0,10,19225.76
O32357,C10393,P20180,2025-09-27,2.0,15,37552.15
O32358,C10700,P20463,2025-08-04,6.0,10,180973.93
O32359,C11647,P20082,2025-07-09,7.0,15,77237.01
O32360,C11807,P20013,2025-03-16,6.0,10,329627.5
O32361,C10441,P20024,2026-05-25,5.0,15,124402.68
O32362,C11861,P20168,2025-04-03,2.0,0,36308.78
O32363,C11641,P20270,2025-02-22,6.0,5,218716.64
O32364,C11530,P20476,2026-05-11,4.0,20,73657.76
O32365,C10918,P20459,2025-04-04,3.0,10,146473.76
O32366,C10320,P20070,2025-08-17,5.0,15,129611.61
O32367,C10553,P20318,2025-09-07,5.0,0,37721.55
O32368,C11239,P20376,2026-01-26,1.0,15,7011.62
O32369,C11095,P20089,2025-07-01,2.0,10,9129.28
O32370,C10568,P20189,2025-09-24,5.0,0,217090.2
O32371,C10919,P20257,2025-10-08,5.0,0,8763.85
O32372,C10236,P20217,2025-03-24,6.0,0,448569.9
O32373,C11305,P20450,2025-07-05,4.0,15,145530.34
O32374,C10987,P20382,2026-06-15,7.0,10,336569.06
O32375,C11641,P20032,2025-12-14,2.0,15,6816.51
O32376,C11926,P20141,2026-02-27,3.0,5,86658.35
O32377,C11911,P20161,2026-03-30,4.0,15,62548.47
O32378,C11186,P20032,2025-09-24,3.0,5,11427.67
O32379,C11215,P20312,2026-05-22,1.0,0,56227.78
O32380,C11033,P20152,2025-05-22,5.0,0,236245.55
O32381,C10060,P20347,2025-11-12,6.0,20,66720.58
O32382,C10893,P20260,2025-08-20,4.0,0,280824.84
O32383,C11841,P20216,2025-10-24,3.0,0,194441.97
O32384,C10225,P20279,2025-01-22,2.0,0,133631.88
O32385,C11843,P20285,2026-01-19,1.0,0,53262.41
O32386,C10700,P20098,2025-05-06,7.0,15,384321.75
O32387,C10582,P20405,2025-04-13,1.0,5,48338.59
O32388,C11829,P20030,2025-04-20,5.0,10,287821.21
O32389,C11311,P20090,2026-04-17,5.0,15,102038.04
O32390,C10994,P20148,2025-03-06,3.0,5,104772.78
O32391,C10169,P20144,2026-04-17,3.0,15,23765.41
O32392,C11086,P20067,2025-03-17,1.0,0,46406.3
O32393,C11373,P20433,2025-01-19,3.0,20,33503.95
O32394,C11466,P20357,2026-01-19,5.0,0,248007.55
O32395,C10014,P20058,2025-07-09,1.0,10,63720.2
O32396,C10164,P20488,2025-12-26,1.0,10,55650.47
O32397,C11444,P20428,2026-03-28,7.0,0,228113.62
O32398,C10757,P20281,2025-03-20,2.0,5,67596.22
O32399,C11871,P20279,2025-06-21,2.0,0,133631.88
O32400,C11544,P20236,2025-07-31,3.0,0,219007.77
O32401,C11690,P20443,2026-03-21,3.0,10,174709.41
O32402,C11572,P20385,2025-05-29,5.0,20,154807.68
O32403,C11584,P20353,2025-01-10,5.0,10,294647.58
O32404,C11621,P20399,2026-06-26,2.0,5,56691.71
O32405,C11052,P20128,2025-02-24,1.0,0,63591.02
O32406,C11732,P20337,2025-06-29,4.0,0,101550.04
O32407,C10446,P20482,2026-01-16,6.0,5,18212.3
O32408,C11232,P20209,2026-02-26,6.0,20,258657.6
O32409,C11494,P20436,2026-03-27,7.0,15,443113.64
O32410,C10716,P20186,2025-04-03,4.0,0,36529.64
O32411,C10976,P20169,2026-06-04,7.0,5,314390.79
O32412,C10819,P20172,2026-02-17,3.0,10,150235.91
O32413,C10104,P20260,2026-01-29,6.0,10,379113.53
O32414,C10742,P20205,2025-11-27,7.0,10,405125.28
O32415,C10426,P20452,2026-03-09,6.0,10,186353.19
O32416,C11125,P20135,2025-06-12,4.0,0,96189.92
O32417,C11565,P20046,2025-02-09,7.0,15,52559.38
O32418,C10639,P20009,2025-03-26,4.0,0,123077.4
O32419,C10850,P20471,2025-04-01,2.0,5,63894.97
O32420,C11546,P20161,2026-04-29,1.0,15,15637.12
O32421,C11130,P20289,2026-01-20,5.0,5,160227.57
O32422,C11703,P20340,2025-07-12,2.0,0,51094.44
O32423,C10769,P20388,2025-09-10,6.0,0,289107.36
O32424,C11831,P20321,2025-09-01,5.0,10,20759.67
O32425,C10277,P20106,2025-09-27,2.0,0,120424.52
O32426,C11089,P20290,2025-01-19,2.0,5,104179.15
O32427,C11807,P20475,2025-02-09,4.0,0,50069.88
O32428,C10900,P20341,2026-05-31,5.0,15,225250.42
O32429,C10188,P20088,2025-02-02,2.0,0,25191.14
O32430,C11341,P20463,2026-03-26,4.0,10,120649.28
O32431,C11940,P20483,2026-06-23,3.0,5,107206.34
O32432,C11162,P20192,2025-11-15,5.0,10,115286.26
O32433,C11367,P20153,2025-05-04,7.0,0,114604.84
O32434,C10105,P20311,2026-01-07,2.0,10,93093.98
O32435,C10546,P20137,2025-12-17,6.0,10,155764.78
O32436,C10380,P20273,2025-11-19,3.0,0,110127.75
O32437,C10110,P20149,2026-05-03,4.0,15,207521.69
O32438,C11968,P20188,2026-03-27,2.0,15,110428.89
O32439,C10545,P20141,2025-12-19,6.0,0,182438.64
O32440,C10354,P20131,2025-04-26,4.0,10,93014.53
O32441,C10743,P20452,2025-01-13,4.0,10,124235.46
O32442,C10317,P20004,2025-11-16,7.0,0,98200.97
O32443,C11290,P20491,2025-06-14,6.0,0,225535.38
O32444,C11718,P20476,2025-03-26,4.0,20,73657.76
O32445,C11876,P20263,2025-09-05,5.0,10,190244.52
O32446,C11089,P20026,2026-03-08,7.0,15,323887.12
O32447,C10333,P20459,2026-04-24,3.0,10,146473.76
O32448,C11537,P20024,2026-01-03,7.0,0,204898.54
O32449,C11157,P20491,2025-12-23,3.0,0,112767.69
O32450,C10592,P20266,2026-02-12,1.0,10,38485.68
O32451,C10783,P20229,2025-12-11,7.0,10,238489.27
O32452,C11777,P20269,2025-06-28,7.0,0,133281.75
O32453,C10540,P20125,2026-03-01,2.0,10,61084.22
O32454,C10735,P20172,2026-06-25,7.0,15,331075.43
O32455,C11559,P20234,2026-03-19,4.0,10,139087.01
O32456,C11520,P20295,2025-11-02,2.0,0,130530.38
O32457,C10621,P20403,2026-01-02,3.0,0,70296.78
O32458,C10619,P20435,2025-02-05,3.0,20,114676.1
O32459,C11681,P20275,2026-04-08,4.0,15,15556.97
O32460,C11393,P20076,2025-05-26,5.0,0,194677.7
O32461,C11890,P20308,2025-05-26,6.0,15,301810.91
O32462,C10909,P20214,2026-01-15,4.0,0,227370.0
O32463,C11934,P20431,2025-06-17,4.0,0,4963.8
O32464,C11675,P20485,2025-10-02,1.0,0,20137.15
O32465,C11820,P20376,2025-03-28,6.0,0,49493.76
O32466,C11834,P20158,2025-06-03,7.0,15,106495.72
O32467,C10992,P20302,2026-05-12,5.0,10,211516.38
O32468,C10099,P20204,2025-11-11,2.0,0,77464.74
O32469,C10317,P20477,2025-10-01,6.0,15,238152.86
O32470,C10123,P20149,2025-09-19,5.0,15,259402.11
O32471,C11344,P20075,2026-05-02,4.0,0,86238.6
O32472,C10799,P20380,2026-03-30,4.0,10,13965.01
O32473,C11617,P20229,2026-03-19,4.0,10,136279.58
O32474,C11519,P20304,2025-09-19,4.0,10,183866.22
O32475,C10457,P20062,2026-06-27,4.0,10,166926.38
O32476,C10522,P20058,2025-04-15,6.0,0,424801.32
O32477,C10520,P20274,2025-12-16,7.0,0,496434.82
O32478,C10917,P20108,2026-03-14,6.0,15,206240.63
O32479,C10717,P20187,2025-06-18,7.0,15,425780.27
O32480,C10315,P20475,2025-12-09,6.0,0,75104.82
O32481,C11970,P20229,2025-08-18,5.0,0,189277.2
O32482,C10709,P20048,2025-01-23,4.0,15,211309.46
O32483,C10710,P20319,2025-10-08,3.0,5,12714.7
O32484,C11566,P20268,2026-06-03,6.0,0,444033.36
O32485,C11503,P20215,2025-09-10,3.0,0,155332.05
O32486,C11937,P20290,2026-02-08,1.0,5,52089.57
O32487,C11995,P20254,2025-05-13,2.0,5,109269.7
O32488,C11044,P20445,2025-10-01,6.0,10,398508.17
O32489,C10560,P20358,2025-08-20,3.0,0,88023.0
O32490,C10969,P20087,2026-06-29,1.0,20,32948.12
O32491,C11154,P20181,2025-03-20,5.0,15,294720.16
O32492,C11317,P20025,2025-02-04,2.0,15,37067.84
O32493,C11921,P20446,2026-05-10,7.0,15,406134.21
O32494,C11156,P20388,2025-04-20,4.0,10,173464.42
O32495,C10356,P20222,2025-11-17,6.0,0,393532.92
O32496,C11078,P20478,2025-11-24,6.0,0,137066.76
O32497,C10890,P20397,2026-01-19,4.0,0,295962.44
O32498,C10793,P20426,2025-12-30,7.0,0,189644.0
O32499,C11411,P20049,2025-08-20,5.0,5,135546.71
O32500,C10265,P20334,2026-02-18,2.0,20,3939.42
O32501,C10982,P20440,2025-10-21,6.0,5,370543.32
O32502,C11239,P20175,2025-06-23,3.0,5,59185.84
O32503,C11484,P20392,2026-01-27,7.0,10,401883.3
O32504,C11482,P20311,2025-04-12,2.0,0,103437.76
O32505,C10802,P20472,2025-10-20,1.0,15,35429.93
O32506,C10043,P20274,2025-03-26,7.0,5,471613.08
O32507,C11610,P20035,2025-07-20,6.0,0,147289.8
O32508,C10862,P20217,2026-06-25,5.0,15,317737.01
O32509,C11302,P20209,2025-10-24,7.0,10,339488.1
O32510,C11862,P20160,2025-02-25,3.0,5,85826.95
O32511,C11778,P20408,2026-04-17,2.0,10,65558.11
O32512,C11154,P20007,2025-01-16,7.0,10,13544.62
O32513,C10350,P20269,2025-03-07,2.0,0,38080.5
O32514,C11730,P20126,2026-04-17,3.0,15,48868.25
O32515,C11568,P20475,2025-01-23,1.0,20,10013.98
O32516,C11130,P20368,2026-05-01,1.0,10,56571.73
O32517,C10912,P20325,2026-02-19,7.0,10,50718.78
O32518,C11740,P20356,2025-11-01,2.0,15,118080.81
O32519,C10001,P20090,2025-06-26,4.0,5,91234.01
O32520,C11781,P20042,2025-07-14,3.0,20,141096.29
O32521,C10584,P20365,2025-01-13,6.0,10,223620.7
O32522,C10432,P20159,2025-06-15,7.0,5,156141.6
O32523,C11330,P20202,2025-05-30,1.0,10,50714.74
O32524,C11933,P20366,2025-12-07,6.0,5,220547.08
O32525,C11551,P20282,2025-06-23,1.0,0,24527.37
O32526,C10053,P20470,2025-06-16,1.0,10,3814.35
O32527,C10940,P20332,2025-04-07,5.0,10,5942.38
O32528,C10520,P20288,2026-02-08,7.0,10,186494.8
O32529,C11354,P20091,2025-03-18,6.0,0,100547.04
O32530,C11582,P20481,2025-08-25,4.0,5,125654.9
O32531,C11349,P20125,2025-10-18,1.0,10,30542.11
O32532,C11138,P20126,2025-05-16,4.0,20,61324.86
O32533,C10147,P20052,2026-01-02,2.0,15,101077.9
O32534,C11190,P20404,2025-09-05,2.0,15,119604.5
O32535,C11403,P20103,2025-08-02,5.0,0,130678.3
O32536,C11163,P20361,2025-03-11,4.0,15,148637.12
O32537,C10629,P20424,2025-11-25,3.0,0,68865.72
O32538,C10299,P20187,2025-01-16,5.0,0,357798.55
O32539,C11300,P20205,2026-05-02,1.0,0,64305.6
O32540,C11940,P20014,2025-06-23,2.0,15,33207.26
O32541,C10789,P20428,2025-10-01,7.0,0,228113.62
O32542,C10850,P20104,2026-06-08,2.0,0,5861.14
O32543,C11849,P20117,2025-08-07,3.0,0,67683.33
O32544,C10178,P20470,2026-05-28,5.0,10,19071.76
O32545,C10842,P20466,2026-02-03,4.0,15,76311.06
O32546,C11378,P20304,2025-04-21,7.0,5,339641.77
O32547,C11178,P20093,2026-04-09,2.0,5,15098.96
O32548,C11950,P20427,2025-04-03,1.0,0,20304.1
O32549,C11225,P20144,2026-03-27,3.0,0,27959.31
O32550,C10878,P20110,2026-01-31,3.0,0,162080.43
O32551,C11139,P20163,2026-04-24,6.0,5,408149.47
O32552,C11695,P20053,2025-11-12,3.0,10,81951.32
O32553,C11578,P20418,2025-12-19,1.0,0,38332.42
O32554,C10759,P20003,2025-08-27,3.0,15,138129.9
O32555,C11092,P20068,2025-04-14,4.0,20,212464.48
O32556,C11469,P20246,2025-01-29,6.0,0,203595.9
O32557,C10445,P20389,2025-03-30,4.0,0,236155.88
O32558,C11350,P20138,2026-01-10,7.0,10,143924.51
O32559,C11870,P20308,2026-02-01,5.0,0,295893.05
O32560,C10708,P20413,2025-12-30,5.0,5,255254.08
O32561,C10602,P20352,2025-05-27,7.0,5,327044.87
O32562,C11647,P20287,2025-11-10,7.0,15,366509.35
O32563,C11904,P20066,2026-03-28,4.0,10,95255.42
O32564,C11383,P20460,2026-05-21,1.0,0,13309.5
O32565,C10145,P20347,2026-05-01,6.0,0,83400.72
O32566,C10275,P20325,2025-04-11,5.0,0,40253.0
O32567,C10509,P20421,2025-04-17,3.0,0,196222.41
O32568,C11203,P20155,2025-10-18,7.0,5,460830.1
O32569,C10753,P20087,2025-12-15,4.0,15,140029.51
O32570,C11862,P20033,2025-08-15,2.0,0,93753.76
O32571,C11855,P20068,2025-02-19,1.0,5,63075.39
O32572,C10477,P20187,2025-06-07,1.0,0,71559.71
O32573,C11867,P20192,2025-11-24,4.0,0,102476.68
O32574,C12000,P20213,2025-03-18,2.0,20,57307.41
O32575,C11438,P20088,2026-03-30,1.0,0,12595.57
O32576,C11177,P20428,2025-11-06,6.0,0,195525.96
O32577,C11128,P20351,2025-11-23,5.0,0,265548.2
O32578,C11099,P20108,2026-05-23,6.0,5,230504.24
O32579,C11152,P20240,2025-04-17,2.0,15,48239.51
O32580,C11735,P20216,2025-08-29,6.0,0,388883.94
O32581,C10666,P20177,2026-03-11,3.0,5,105009.05
O32582,C10568,P20053,2025-01-28,7.0,0,212466.38
O32583,C11814,P20330,2025-09-06,7.0,10,402777.21
O32584,C11369,P20049,2025-12-30,5.0,10,128412.68
O32585,C10531,P20369,2026-06-17,2.0,10,43969.19
O32586,C10159,P20114,2026-04-17,4.0,5,136348.86
O32587,C11562,P20450,2026-06-23,1.0,15,36382.58
O32588,C11450,P20095,2026-02-17,5.0,5,322979.29
O32589,C10681,P20447,2025-06-14,4.0,5,242929.21
O32590,C10023,P20025,2025-02-17,2.0,10,39248.3
O32591,C11071,P20132,2026-04-29,3.0,5,210727.66
O32592,C10525,P20179,2025-06-07,1.0,0,18418.06
O32593,C10729,P20395,2025-05-31,1.0,0,880.17
O32594,C11858,P20145,2025-08-13,5.0,0,366396.65
O32595,C11730,P20364,2025-09-17,4.0,5,171341.7
O32596,C10144,P20450,2026-01-22,7.0,10,269659.15
O32597,C11609,P20198,2025-09-13,2.0,0,140136.3
O32598,C10668,P20457,2025-03-02,2.0,10,35594.91
O32599,C11613,P20325,2026-01-31,4.0,15,27372.04
O32600,C11443,P20084,2026-02-01,1.0,0,31609.47
O32601,C10681,P20157,2025-06-11,4.0,0,10896.4
O32602,C10973,P20085,2026-01-15,6.0,15,44693.75
O32603,C10799,P20457,2026-03-19,7.0,10,124582.18
O32604,C10085,P20476,2025-12-15,2.0,0,46036.1
O32605,C10416,P20253,2025-01-31,4.0,5,181649.61
O32606,C10694,P20375,2025-03-12,1.0,10,15754.36
O32607,C10482,P20072,2026-02-01,5.0,10,293315.44
O32608,C10456,P20223,2026-03-14,6.0,10,90651.04
O32609,C10827,P20276,2025-01-02,1.0,10,62861.04
O32610,C10297,P20283,2025-05-15,3.0,10,192847.9
O32611,C11136,P20264,2025-05-26,3.0,0,25984.53
O32612,C11986,P20246,2025-06-28,4.0,10,122157.54
O32613,C11254,P20341,2025-09-21,7.0,20,296800.56
O32614,C11120,P20061,2025-11-07,7.0,5,197349.59
O32615,C10950,P20412,2025-07-23,1.0,10,6291.52
O32616,C10680,P20471,2025-01-30,1.0,0,33628.93
O32617,C10378,P20454,2025-02-28,2.0,0,65022.84
O32618,C11180,P20259,2025-01-09,5.0,15,132839.32
O32619,C10421,P20453,2025-11-20,6.0,0,179640.96
O32620,C10105,P20457,2025-06-16,1.0,0,19774.95
O32621,C11729,P20007,2025-12-03,6.0,5,12254.66
O32622,C10330,P20188,2026-01-14,4.0,5,246841.05
O32623,C10439,P20004,2025-08-30,2.0,10,25251.68
O32624,C11156,P20231,2025-06-09,7.0,0,342420.68
O32625,C11891,P20133,2025-08-23,6.0,0,377664.48
O32626,C10382,P20395,2026-03-29,6.0,5,5016.97
O32627,C10138,P20125,2025-07-18,6.0,5,193433.38
O32628,C10943,P20015,2026-04-22,6.0,10,314005.36
O32629,C10843,P20448,2025-02-02,6.0,10,22827.47
O32630,C10270,P20482,2026-02-12,7.0,5,21247.68
O32631,C11574,P20013,2025-03-30,2.0,0,122084.26
O32632,C10396,P20118,2025-08-09,4.0,10,169283.56
O32633,C11581,P20240,2025-03-10,6.0,0,170257.08
O32634,C10913,P20263,2025-10-21,6.0,0,253659.36
O32635,C10464,P20360,2025-08-25,4.0,10,71667.47
O32636,C11699,P20006,2025-06-09,1.0,0,36694.74
O32637,C10450,P20440,2025-10-17,1.0,5,61757.22
O32638,C11355,P20320,2026-06-17,7.0,0,69671.14
O32639,C11277,P20231,2025-12-01,2.0,5,92942.76
O32640,C11705,P20434,2026-05-17,2.0,0,35321.16
O32641,C11987,P20030,2025-09-03,5.0,20,255841.08
O32642,C11309,P20022,2025-11-19,2.0,5,10465.28
O32643,C11298,P20409,2025-11-25,7.0,10,105466.6
O32644,C10020,P20156,2025-12-05,4.0,15,254369.64
O32645,C10239,P20118,2025-06-20,6.0,10,253925.33
O32646,C11294,P20340,2025-04-20,4.0,10,91969.99
O32647,C10418,P20423,2025-01-10,7.0,10,211027.0
O32648,C11969,P20451,2025-07-21,5.0,5,190007.12
O32649,C11334,P20389,2025-09-14,3.0,15,150549.37
O32650,C11055,P20193,2025-09-19,7.0,0,418150.74
O32651,C11850,P20399,2026-03-06,7.0,15,177534.55
O32652,C11128,P20346,2026-05-22,3.0,10,38205.11
O32653,C11706,P20195,2025-03-07,4.0,15,72722.06
O32654,C10186,P20168,2025-02-04,3.0,0,54463.17
O32655,C11152,P20377,2026-05-06,7.0,15,367025.21
O32656,C11234,P20489,2025-09-11,7.0,0,46686.85
O32657,C11438,P20239,2025-01-17,3.0,10,15997.55
O32658,C11305,P20362,2025-09-18,7.0,5,358748.55
O32659,C11983,P20482,2025-09-13,5.0,10,14378.13
O32660,C10253,P20244,2026-02-28,7.0,10,156829.24
O32661,C10019,P20069,2026-05-16,7.0,0,123076.94
O32662,C10712,P20095,2025-10-13,6.0,5,387575.15
O32663,C11756,P20499,2025-01-07,2.0,0,73588.24
O32664,C11160,P20077,2026-05-12,2.0,10,114586.49
O32665,C10223,P20171,2025-07-18,3.0,10,172348.21
O32666,C10003,P20001,2026-02-22,1.0,0,9570.82
O32667,C11987,P20406,2025-02-21,5.0,5,43656.73
O32668,C11260,P20062,2025-08-31,6.0,10,250389.58
O32669,C10854,P20207,2025-08-07,6.0,0,163026.42
O32670,C11489,P20154,2026-06-02,3.0,20,113212.44
O32671,C10228,P20274,2025-04-19,1.0,5,67373.3
O32672,C10913,P20048,2025-12-17,1.0,0,62149.84
O32673,C11678,P20137,2025-03-07,6.0,0,173071.98
O32674,C10499,P20001,2025-01-10,5.0,5,45461.4
O32675,C10521,P20235,2025-07-21,2.0,5,102104.02
O32676,C10702,P20393,2025-08-02,6.0,0,172515.06
O32677,C11886,P20256,2025-03-09,7.0,0,26706.82
O32678,C10917,P20407,2025-11-23,6.0,10,29424.11
O32679,C11996,P20107,2025-02-19,7.0,10,77467.0
O32680,C11701,P20173,2025-01-17,4.0,0,163320.92
O32681,C11163,P20130,2026-06-07,1.0,10,64279.4
O32682,C11300,P20398,2025-11-02,4.0,20,67477.09
O32683,C10291,P20294,2026-01-27,4.0,20,28536.32
O32684,C11077,P20040,2025-05-04,5.0,15,146543.74
O32685,C11711,P20447,2026-05-19,6.0,15,326036.57
O32686,C11134,P20338,2025-08-13,2.0,0,77371.66
O32687,C10715,P20016,2025-11-14,7.0,0,203705.95
O32688,C10948,P20127,2026-04-18,7.0,5,221972.68
O32689,C10648,P20373,2026-06-25,5.0,10,91025.42
O32690,C11028,P20349,2025-12-24,1.0,15,53895.42
O32691,C11691,P20492,2026-04-28,2.0,0,44902.72
O32692,C10684,P20203,2026-03-05,6.0,5,134009.51
O32693,C11960,P20134,2026-05-12,3.0,10,163890.59
O32694,C10870,P20259,2026-04-17,2.0,5,59386.99
O32695,C11071,P20014,2025-10-27,7.0,5,129898.97
O32696,C10094,P20066,2025-03-25,5.0,0,132299.2
O32697,C10940,P20480,2026-01-12,5.0,20,188968.0
O32698,C10560,P20351,2025-11-09,4.0,5,201816.63
O32699,C11776,P20459,2025-11-16,6.0,5,309222.38
O32700,C11883,P20342,2025-07-23,3.0,0,42919.74
O32701,C10213,P20195,2025-12-21,6.0,5,121916.39
O32702,C10436,P20114,2025-10-21,2.0,0,71762.56
O32703,C10852,P20159,2026-05-19,3.0,0,70439.82
O32704,C10508,P20161,2025-05-25,6.0,0,110379.66
O32705,C10836,P20254,2026-06-23,4.0,0,230041.48
O32706,C10651,P20472,2025-01-17,3.0,10,112542.13
O32707,C10205,P20385,2025-02-08,3.0,5,110300.47
O32708,C10381,P20428,2025-05-10,2.0,15,55399.02
O32709,C11097,P20015,2025-04-25,3.0,0,174447.42
O32710,C11540,P20037,2026-03-26,4.0,0,101975.36
O32711,C11100,P20155,2025-02-14,1.0,15,58903.1
O32712,C11865,P20486,2025-08-04,1.0,0,60565.99
O32713,C10077,P20432,2026-02-19,5.0,0,242215.15
O32714,C10816,P20027,2025-09-22,1.0,0,62780.25
O32715,C10768,P20492,2026-03-16,2.0,15,38167.31
O32716,C10410,P20012,2026-01-16,5.0,15,232400.71
O32717,C11638,P20067,2025-10-28,1.0,0,46406.3
O32718,C10106,P20030,2025-06-20,1.0,10,57564.24
O32719,C11869,P20096,2026-02-10,5.0,5,265214.4
O32720,C10551,P20215,2025-12-21,2.0,15,88021.5
O32721,C11500,P20194,2025-06-10,5.0,0,30439.9
O32722,C10826,P20135,2025-01-26,7.0,15,143082.51
O32723,C11299,P20290,2025-03-24,7.0,0,383817.91
O32724,C10088,P20032,2025-06-22,2.0,5,7618.45
O32725,C11747,P20373,2025-03-11,2.0,0,40455.74
O32726,C10881,P20039,2025-01-06,6.0,10,115111.21
O32727,C11101,P20352,2025-07-14,4.0,10,177046.85
O32728,C11101,P20427,2026-06-09,1.0,5,19288.89
O32729,C11466,P20427,2025-03-04,6.0,10,109642.14
O32730,C10540,P20206,2025-01-13,1.0,10,31658.21
O32731,C10245,P20387,2025-07-24,6.0,10,212384.75
O32732,C10578,P20430,2025-02-09,3.0,0,168213.78
O32733,C11802,P20416,2025-06-14,7.0,5,360856.46
O32734,C11406,P20043,2025-01-31,5.0,0,281682.25
O32735,C10982,P20484,2026-06-13,6.0,5,327344.1
O32736,C10717,P20337,2026-02-02,7.0,10,159941.31
O32737,C11594,P20496,2026-04-04,4.0,10,60330.46
O32738,C11737,P20259,2025-08-11,1.0,10,28130.68
O32739,C11761,P20249,2025-03-19,3.0,0,159028.38
O32740,C10142,P20074,2026-03-04,4.0,10,140011.49
O32741,C10893,P20373,2026-03-01,2.0,5,38432.95
O32742,C11392,P20319,2026-01-22,1.0,15,3792.1
O32743,C11108,P20367,2025-08-27,7.0,0,362965.4
O32744,C11167,P20296,2025-03-31,6.0,10,192106.67
O32745,C10352,P20274,2026-01-20,5.0,10,319136.67
O32746,C10545,P20323,2025-05-19,4.0,15,16017.57
O32747,C10913,P20359,2026-06-08,7.0,5,67274.72
O32748,C10152,P20190,2025-09-01,3.0,5,144354.3
O32749,C11182,P20138,2026-05-20,5.0,5,108514.51
O32750,C11470,P20436,2026-02-26,2.0,0,148945.76
O32751,C10653,P20457,2025-07-01,5.0,10,88987.28
O32752,C10958,P20302,2025-07-14,7.0,15,279671.66
O32753,C10763,P20311,2025-02-22,7.0,0,362032.16
O32754,C11327,P20430,2025-06-28,3.0,10,151392.4
O32755,C10624,P20331,2025-10-20,2.0,15,104285.09
O32756,C10656,P20444,2026-01-10,3.0,0,183786.3
O32757,C10450,P20353,2025-02-28,7.0,5,435423.65
O32758,C10721,P20484,2025-02-23,1.0,15,48814.47
O32759,C11248,P20282,2025-09-02,3.0,15,62544.79
O32760,C10043,P20411,2025-05-29,5.0,5,312852.15
O32761,C10264,P20166,2026-01-03,7.0,0,179265.31
O32762,C11780,P20278,2025-01-16,1.0,0,41183.66
O32763,C11027,P20026,2025-06-25,1.0,10,48991.33
O32764,C11661,P20470,2026-06-24,4.0,0,16952.68
O32765,C11292,P20453,2026-02-10,5.0,0,149700.8
O32766,C10596,P20419,2026-04-12,5.0,10,48182.26
O32767,C11040,P20450,2025-05-09,2.0,10,77045.47
O32768,C11358,P20483,2025-08-11,3.0,15,95921.46
O32769,C11488,P20073,2025-09-01,6.0,0,254871.6
O32770,C11083,P20115,2026-03-02,3.0,0,150991.98
O32771,C11013,P20051,2025-12-20,5.0,15,149298.76
O32772,C10177,P20369,2025-11-22,3.0,10,65953.79
O32773,C10063,P20402,2025-01-03,5.0,15,133786.39
O32774,C10958,P20171,2026-04-24,7.0,20,357462.95
O32775,C11003,P20268,2025-03-22,1.0,15,62904.73
O32776,C10561,P20003,2025-02-13,3.0,5,154380.48
O32777,C11331,P20210,2025-06-04,7.0,0,234039.26
O32778,C11270,P20376,2026-06-20,3.0,10,22272.19
O32779,C11313,P20486,2025-04-09,5.0,10,272546.96
O32780,C11822,P20391,2026-02-01,7.0,0,3516.1
O32781,C10955,P20481,2025-06-20,5.0,10,148801.86
O32782,C11356,P20390,2025-05-28,2.0,0,61123.14
O32783,C11551,P20338,2025-05-03,3.0,10,104451.74
O32784,C10850,P20301,2025-04-22,4.0,0,238501.68
O32785,C11279,P20383,2025-05-10,5.0,5,3836.58
O32786,C10604,P20342,2025-03-09,4.0,15,48642.37
O32787,C11534,P20115,2026-06-29,1.0,0,50330.66
O32788,C11815,P20167,2025-10-13,1.0,5,29036.37
O32789,C11742,P20435,2025-01-05,4.0,0,191126.84
O32790,C10606,P20265,2025-04-28,6.0,15,233733.46
O32791,C11761,P20227,2025-08-18,1.0,15,20026.2
O32792,C11837,P20151,2025-06-09,4.0,15,109887.08
O32793,C10830,P20268,2025-10-21,2.0,15,125809.45
O32794,C11487,P20116,2025-07-05,2.0,10,54643.09
O32795,C11223,P20088,2025-08-12,1.0,0,12595.57
O32796,C11295,P20318,2025-06-01,7.0,0,52810.17
O32797,C10746,P20242,2025-05-20,4.0,5,3167.34
O32798,C10558,P20360,2026-01-02,4.0,10,71667.47
O32799,C10064,P20329,2025-05-08,4.0,10,36934.24
O32800,C11254,P20333,2025-12-17,6.0,0,403264.56
O32801,C10942,P20040,2025-05-27,1.0,0,34480.88
O32802,C11976,P20182,2025-10-12,6.0,5,99806.32
O32803,C10249,P20490,2026-04-14,4.0,0,260015.68
O32804,C11270,P20209,2025-08-06,5.0,10,242491.5
O32805,C10940,P20391,2026-03-12,4.0,10,1808.28
O32806,C11611,P20273,2025-05-25,5.0,10,165191.62
O32807,C10157,P20119,2025-10-04,2.0,0,23735.72
O32808,C10735,P20382,2025-03-01,5.0,20,213694.64
O32809,C11726,P20434,2026-01-10,2.0,0,35321.16
O32810,C10985,P20024,2026-02-08,1.0,0,29271.22
O32811,C11588,P20258,2025-04-24,7.0,10,90738.33
O32812,C11974,P20483,2026-05-10,7.0,0,263313.82
O32813,C11112,P20092,2025-12-02,6.0,0,232759.8
O32814,C11337,P20467,2025-10-12,6.0,0,418468.98
O32815,C11875,P20161,2025-05-09,2.0,10,33113.9
O32816,C11090,P20149,2025-11-11,2.0,15,103760.84
O32817,C10662,P20117,2025-03-12,4.0,10,81220.0
O32818,C11044,P20458,2025-12-11,3.0,10,105341.85
O32819,C10033,P20053,2025-04-08,2.0,0,60704.68
O32820,C11864,P20302,2025-10-27,5.0,0,235018.2
O32821,C11817,P20045,2025-06-25,1.0,0,63471.35
O32822,C10558,P20265,2025-03-16,6.0,15,233733.46
O32823,C10073,P20486,2025-05-23,5.0,0,302829.95
O32824,C11890,P20262,2025-01-23,6.0,20,105513.89
O32825,C10825,P20307,2025-06-30,1.0,0,70695.15
O32826,C11367,P20234,2025-02-14,5.0,10,173858.76
O32827,C11157,P20375,2026-04-14,6.0,15,89274.73
O32828,C11079,P20035,2025-04-02,2.0,5,46641.77
O32829,C10061,P20338,2025-09-26,3.0,10,104451.74
O32830,C11881,P20437,2025-02-03,2.0,5,110951.45
O32831,C11544,P20403,2025-12-30,7.0,0,164025.82
O32832,C10272,P20197,2025-05-13,6.0,0,116724.3
O32833,C10246,P20025,2026-01-17,4.0,15,74135.67
O32834,C11200,P20395,2025-10-04,5.0,0,4400.85
O32835,C10628,P20202,2025-06-05,3.0,0,169049.13
O32836,C11341,P20273,2026-01-22,5.0,20,146837.0
O32837,C11807,P20036,2026-06-19,4.0,0,202219.48
O32838,C10705,P20474,2025-07-19,4.0,5,130317.77
O32839,C10662,P20223,2025-10-02,4.0,20,53719.14
O32840,C11155,P20352,2026-05-16,6.0,5,280324.18
O32841,C11126,P20277,2026-04-04,2.0,5,7738.51
O32842,C10310,P20018,2025-02-19,6.0,15,327640.73
O32843,C11806,P20188,2026-06-16,2.0,0,129916.34
O32844,C11316,P20402,2025-04-02,3.0,0,94437.45
O32845,C11746,P20257,2026-04-01,4.0,5,6660.53
O32846,C10495,P20142,2025-12-05,7.0,10,300518.63
O32847,C11385,P20136,2025-02-22,2.0,0,1911.32
O32848,C10338,P20450,2026-05-11,1.0,5,40662.89
O32849,C10579,P20307,2025-01-04,7.0,0,494866.05
O32850,C10010,P20079,2025-10-08,1.0,0,21966.29
O32851,C10049,P20444,2025-10-17,2.0,10,110271.78
O32852,C11511,P20418,2025-03-14,7.0,0,268326.94
O32853,C10623,P20292,2025-05-17,7.0,10,31962.42
O32854,C11345,P20062,2026-01-28,3.0,5,132150.05
O32855,C10731,P20129,2025-07-27,5.0,0,78443.1
O32856,C11593,P20499,2025-09-17,6.0,0,220764.72
O32857,C10795,P20341,2025-09-20,4.0,0,212000.4
O32858,C10971,P20298,2026-05-20,2.0,0,59300.66
O32859,C11649,P20257,2025-07-22,3.0,10,4732.48
O32860,C10133,P20480,2025-12-13,7.0,10,297624.6
O32861,C11607,P20212,2025-02-21,6.0,0,133994.7
O32862,C10083,P20054,2025-12-22,5.0,10,144198.14
O32863,C10057,P20175,2026-06-03,3.0,20,49840.7
O32864,C10376,P20100,2025-12-29,5.0,0,5440.85
O32865,C10349,P20039,2025-02-14,1.0,5,20251.05
O32866,C10271,P20414,2026-01-13,6.0,10,110993.38
O32867,C11507,P20263,2026-02-16,6.0,0,253659.36
O32868,C10111,P20150,2025-05-22,5.0,10,34706.02
O32869,C10869,P20121,2025-09-15,1.0,20,12732.06
O32870,C10887,P20178,2025-02-06,4.0,0,41043.32
O32871,C10076,P20301,2025-02-14,2.0,15,101363.21
O32872,C11182,P20330,2025-02-15,7.0,5,425153.72
O32873,C11556,P20120,2025-10-28,1.0,0,28163.09
O32874,C11957,P20072,2025-10-15,3.0,5,185766.45
O32875,C11667,P20219,2025-09-26,5.0,0,43014.85
O32876,C10329,P20394,2025-03-03,6.0,5,212920.02
O32877,C10122,P20398,2025-08-30,3.0,0,63259.77
O32878,C10041,P20302,2025-12-20,6.0,10,253819.66
O32879,C11191,P20123,2025-03-12,1.0,5,67290.78
O32880,C10922,P20244,2026-02-17,6.0,5,141893.12
O32881,C10642,P20374,2025-03-02,7.0,0,64602.72
O32882,C11047,P20075,2026-03-28,6.0,5,122890.0
O32883,C10279,P20006,2026-01-28,7.0,0,256863.18
O32884,C10763,P20021,2026-06-13,6.0,10,56820.58
O32885,C10469,P20190,2025-11-01,6.0,0,303903.78
O32886,C11424,P20225,2025-07-10,7.0,10,31164.34
O32887,C10009,P20403,2025-03-19,7.0,0,164025.82
O32888,C10013,P20103,2026-06-09,3.0,10,70566.28
O32889,C10924,P20344,2025-10-28,5.0,5,85162.51
O32890,C10923,P20466,2025-01-17,2.0,5,42644.42
O32891,C11843,P20099,2026-03-10,3.0,10,140968.08
O32892,C11856,P20500,2025-02-12,4.0,5,149938.35
O32893,C11076,P20318,2025-03-09,5.0,15,32063.32
O32894,C11233,P20363,2026-01-15,5.0,10,43174.4
O32895,C11574,P20485,2025-07-31,7.0,5,133912.05
O32896,C11636,P20083,2025-07-22,4.0,15,25310.82
O32897,C11729,P20181,2025-04-19,7.0,15,412608.22
O32898,C11426,P20152,2025-10-11,7.0,5,314206.58
O32899,C11215,P20056,2025-08-13,1.0,0,54014.95
O32900,C11075,P20190,2025-04-28,4.0,10,182342.27
O32901,C11417,P20418,2025-12-06,1.0,5,36415.8
O32902,C10653,P20022,2025-10-08,2.0,5,10465.28
O32903,C11704,P20068,2026-05-06,1.0,10,59755.63
O32904,C11847,P20185,2025-01-19,7.0,10,314253.95
O32905,C10621,P20010,2025-06-24,2.0,10,38139.89
O32906,C11743,P20066,2026-04-14,2.0,10,47627.71
O32907,C11963,P20264,2025-05-22,6.0,0,51969.06
O32908,C11324,P20225,2026-04-08,6.0,0,29680.32
O32909,C11646,P20123,2025-10-25,4.0,10,254996.64
O32910,C10196,P20038,2026-04-15,7.0,5,91212.06
O32911,C10417,P20491,2026-01-08,2.0,10,67660.61
O32912,C10664,P20123,2026-04-13,7.0,0,495826.8
O32913,C11444,P20318,2026-03-14,1.0,0,7544.31
O32914,C11779,P20156,2026-03-19,3.0,10,201999.42
O32915,C11664,P20394,2026-04-01,6.0,5,212920.02
O32916,C11641,P20301,2025-09-05,5.0,0,298127.1
O32917,C11546,P20321,2025-05-22,5.0,5,21912.98
O32918,C11380,P20482,2026-02-06,1.0,0,3195.14
O32919,C10148,P20067,2025-08-10,6.0,0,278437.8
O32920,C11001,P20393,2025-07-03,3.0,0,86257.53
O32921,C11389,P20133,2025-12-30,7.0,10,396547.7
O32922,C10364,P20362,2025-07-07,2.0,15,91710.16
O32923,C11995,P20394,2025-04-23,6.0,0,224126.34
O32924,C11676,P20140,2025-06-30,1.0,0,38050.78
O32925,C11726,P20082,2025-07-18,7.0,10,81780.36
O32926,C10402,P20058,2025-03-11,2.0,15,120360.37
O32927,C10606,P20149,2026-04-30,6.0,0,366214.74
O32928,C11516,P20405,2026-02-03,4.0,5,193354.37
O32929,C10229,P20449,2025-01-10,3.0,0,24299.49
O32930,C11599,P20131,2025-01-03,5.0,0,129186.85
O32931,C11876,P20069,2026-04-23,1.0,10,15824.18
O32932,C10537,P20345,2025-03-08,5.0,20,44091.16
O32933,C10268,P20250,2025-04-07,7.0,10,247337.12
O32934,C11429,P20320,2026-06-15,2.0,20,15924.83
O32935,C11817,P20177,2025-11-14,2.0,5,70006.03
O32936,C11035,P20072,2025-04-08,4.0,15,221616.11
O32937,C11344,P20017,2025-02-26,2.0,0,76298.86
O32938,C11737,P20329,2025-04-17,2.0,0,20519.02
O32939,C10126,P20160,2025-03-29,7.0,10,189722.74
O32940,C10306,P20070,2026-01-06,5.0,5,144860.04
O32941,C11726,P20113,2026-01-10,5.0,0,317096.6
O32942,C11535,P20232,2025-02-21,1.0,10,41620.8
O32943,C11113,P20021,2025-02-10,1.0,0,10522.33
O32944,C11379,P20135,2025-04-01,2.0,10,43285.46
O32945,C10628,P20263,2025-02-08,6.0,0,253659.36
O32946,C11376,P20111,2025-01-13,3.0,10,55579.01
O32947,C10689,P20487,2025-04-14,1.0,0,19109.97
O32948,C11038,P20246,2025-02-12,2.0,5,64472.04
O32949,C11281,P20283,2025-07-28,6.0,0,428550.9
O32950,C11233,P20008,2026-04-21,6.0,10,101988.61
O32951,C10281,P20457,2025-04-19,5.0,10,88987.28
O32952,C10443,P20284,2025-08-02,6.0,0,370957.98
O32953,C11864,P20207,2026-02-13,4.0,0,108684.28
O32954,C10837,P20194,2025-03-18,5.0,0,30439.9
O32955,C10389,P20455,2025-04-05,5.0,10,192719.52
O32956,C10617,P20047,2025-09-26,4.0,5,73624.62
O32957,C11507,P20466,2025-12-27,7.0,0,157111.01
O32958,C10147,P20342,2026-06-14,7.0,10,90131.45
O32959,C11303,P20242,2025-06-11,5.0,15,3542.42
O32960,C10521,P20010,2026-04-10,1.0,0,21188.83
O32961,C10630,P20370,2025-07-06,5.0,5,316868.75
O32962,C11630,P20289,2025-02-21,4.0,10,121435.63
O32963,C10434,P20391,2026-05-03,2.0,10,904.14
O32964,C10144,P20131,2026-06-15,2.0,0,51674.74
O32965,C10289,P20270,2026-01-31,2.0,0,76742.68
O32966,C11410,P20428,2025-04-02,7.0,0,228113.62
O32967,C10014,P20302,2025-12-23,4.0,10,169213.1
O32968,C10257,P20061,2025-05-24,4.0,10,106835.87
O32969,C11370,P20164,2025-07-18,1.0,0,68913.56
O32970,C11722,P20013,2025-11-19,4.0,0,244168.52
O32971,C11369,P20272,2025-11-28,6.0,0,353722.08
O32972,C11424,P20208,2025-09-21,2.0,15,68596.38
O32973,C11231,P20246,2025-08-05,4.0,0,135730.6
O32974,C10858,P20133,2026-03-10,3.0,5,179390.63
O32975,C10943,P20244,2026-04-05,7.0,10,156829.24
O32976,C11196,P20473,2026-05-18,5.0,15,95868.23
O32977,C10464,P20294,2026-04-14,1.0,10,8025.84
O32978,C10270,P20486,2026-01-01,2.0,0,121131.98
O32979,C11245,P20434,2025-08-27,6.0,15,90068.96
O32980,C11176,P20038,2026-01-31,6.0,10,74066.94
O32981,C10623,P20359,2026-01-30,2.0,10,18209.7
O32982,C11207,P20056,2025-03-16,6.0,0,324089.7
O32983,C11423,P20319,2025-04-08,3.0,0,13383.9
O32984,C11875,P20376,2026-01-18,1.0,10,7424.06
O32985,C10072,P20048,2026-01-05,7.0,15,369791.55
O32986,C11442,P20105,2025-10-12,5.0,10,252178.29
O32987,C11922,P20474,2025-09-13,1.0,15,29150.03
O32988,C11307,P20059,2025-11-05,1.0,5,18089.43
O32989,C10074,P20077,2025-06-25,7.0,0,445614.12
O32990,C10355,P20428,2025-08-16,2.0,10,58657.79
O32991,C11751,P20499,2025-12-13,4.0,10,132458.83
O32992,C10497,P20218,2025-12-08,5.0,10,144838.44
O32993,C11352,P20383,2025-08-27,1.0,15,686.54
O32994,C10988,P20055,2025-12-16,3.0,5,82368.9
O32995,C11559,P20055,2026-03-31,7.0,0,202309.59
O32996,C10580,P20129,2026-03-17,2.0,15,26670.65
O32997,C10910,P20392,2026-05-30,4.0,0,255164.0
O32998,C11471,P20383,2025-03-22,4.0,10,2907.72
O32999,C10373,P20388,2025-12-27,2.0,15,81913.75
O33000,C10362,P20085,2025-10-15,1.0,0,8763.48
O33001,C10093,P20214,2025-01-08,7.0,15,338212.88
O33002,C11345,P20115,2025-03-28,6.0,0,301983.96
O33003,C10324,P20437,2025-10-13,2.0,10,105111.9
O33004,C10384,P20314,2026-02-03,6.0,0,390468.9
O33005,C10575,P20293,2025-03-15,4.0,10,21070.08
O33006,C10736,P20049,2026-03-15,4.0,10,102730.14
O33007,C10737,P20067,2025-05-03,3.0,5,132257.96
O33008,C11905,P20275,2026-01-12,3.0,10,12354.07
O33009,C10346,P20129,2025-05-23,4.0,15,53341.31
O33010,C11873,P20029,2025-06-07,3.0,10,64543.47
O33011,C11127,P20343,2026-03-06,3.0,20,135287.28
O33012,C11239,P20033,2026-03-24,3.0,5,133599.11
O33013,C11216,P20119,2026-02-14,4.0,5,45097.87
O33014,C11696,P20180,2026-01-06,1.0,0,22089.5
O33015,C11908,P20425,2025-04-19,1.0,20,43064.39
O33016,C10719,P20151,2025-02-05,7.0,0,226238.11
O33017,C10781,P20133,2025-03-31,5.0,5,298984.38
O33018,C11020,P20327,2026-02-19,3.0,0,21194.37
O33019,C11218,P20185,2025-10-23,1.0,5,47387.5
O33020,C11404,P20134,2025-02-15,5.0,15,257975.93
O33021,C11427,P20177,2026-05-03,2.0,5,70006.03
O33022,C10664,P20022,2025-06-19,3.0,15,14045.5
O33023,C11773,P20241,2025-05-26,1.0,5,58514.96
O33024,C10600,P20077,2026-02-24,1.0,15,54110.29
O33025,C10011,P20204,2025-01-03,6.0,5,220774.51
O33026,C10187,P20004,2025-09-20,1.0,0,14028.71
O33027,C10726,P20328,2025-11-17,6.0,5,286139.09
O33028,C11039,P20448,2025-09-03,5.0,5,20079.72
O33029,C10778,P20165,2026-04-22,6.0,0,22862.04
O33030,C11321,P20415,2025-09-16,2.0,0,114193.04
O33031,C10411,P20421,2025-04-03,7.0,0,457852.29
O33032,C10956,P20128,2026-06-17,3.0,0,190773.06
O33033,C10585,P20045,2025-12-05,1.0,10,57124.22
O33034,C11076,P20218,2025-09-17,7.0,5,214039.03
O33035,C11664,P20235,2025-08-25,4.0,10,193460.26
O33036,C11052,P20136,2025-05-21,3.0,20,2293.58
O33037,C10577,P20168,2026-04-25,4.0,5,68986.68
O33038,C11041,P20481,2025-12-16,7.0,5,219896.08
O33039,C11375,P20237,2025-05-10,5.0,0,76725.25
O33040,C11452,P20093,2026-06-21,1.0,5,7549.48
O33041,C11674,P20005,2025-01-11,3.0,10,67042.08
O33042,C11855,P20156,2025-09-14,3.0,0,224443.8
O33043,C11253,P20245,2026-01-04,1.0,0,4220.38
O33044,C11790,P20360,2026-01-29,7.0,5,132385.74
O33045,C10989,P20081,2026-02-23,2.0,15,34188.84
O33046,C11234,P20247,2025-01-19,5.0,10,86983.78
O33047,C11455,P20343,2025-04-20,1.0,20,45095.76
O33048,C11318,P20493,2026-03-13,6.0,15,102530.2
O33049,C10743,P20137,2026-05-20,3.0,0,86535.99
O33050,C11777,P20386,2025-02-03,2.0,0,117037.16
O33051,C11606,P20063,2025-10-15,3.0,5,184114.79
O33052,C11128,P20480,2025-09-12,4.0,5,179519.6
O33053,C10204,P20307,2025-05-14,3.0,5,201481.18
O33054,C11077,P20116,2026-05-14,5.0,0,151786.35
O33055,C10974,P20113,2026-02-01,1.0,0,63419.32
O33056,C10940,P20031,2026-05-02,3.0,0,10073.31
O33057,C11399,P20007,2025-08-01,6.0,15,10964.69
O33058,C11866,P20414,2025-12-16,4.0,15,69884.72
O33059,C11078,P20442,2025-01-19,4.0,0,42151.36
O33060,C11300,P20003,2025-04-29,1.0,0,54168.59
O33061,C11359,P20307,2025-10-29,4.0,0,282780.6
O33062,C11055,P20243,2025-10-12,7.0,15,204785.79
O33063,C11159,P20056,2025-08-15,1.0,20,43211.96
O33064,C11082,P20073,2026-05-22,5.0,0,212393.0
O33065,C10105,P20010,2026-05-16,1.0,0,21188.83
O33066,C11290,P20061,2025-07-31,2.0,5,56385.6
O33067,C11546,P20494,2025-12-22,4.0,5,123770.52
O33068,C11520,P20050,2026-05-02,4.0,10,264939.34
O33069,C10253,P20122,2025-11-17,6.0,5,297972.52
O33070,C10295,P20175,2025-08-11,3.0,20,49840.7
O33071,C10668,P20474,2025-07-10,2.0,0,68588.3
O33072,C11182,P20001,2026-05-15,7.0,10,60296.17
O33073,C10549,P20478,2026-05-10,3.0,0,68533.38
O33074,C10631,P20441,2025-08-25,1.0,5,31806.51
O33075,C11091,P20038,2025-01-22,5.0,10,61722.45
O33076,C11778,P20190,2025-11-23,6.0,15,258318.21
O33077,C10299,P20079,2026-06-29,4.0,10,79078.64
O33078,C11487,P20345,2025-05-07,7.0,10,69443.58
O33079,C11749,P20454,2025-12-31,7.0,10,204821.95
O33080,C11844,P20338,2025-02-13,5.0,0,193429.15
O33081,C10101,P20449,2026-06-03,1.0,10,7289.85
O33082,C11080,P20190,2025-05-08,1.0,10,45585.57
O33083,C10332,P20184,2025-05-10,2.0,5,52992.42
O33084,C10836,P20067,2026-06-13,3.0,5,132257.96
O33085,C11775,P20017,2025-11-17,4.0,10,137337.95
O33086,C10393,P20383,2025-07-05,7.0,15,4805.82
O33087,C11767,P20368,2025-12-14,4.0,0,251429.92
O33088,C10874,P20392,2026-04-26,7.0,15,379556.45
O33089,C10381,P20316,2025-12-27,5.0,15,76426.18
O33090,C10092,P20497,2025-10-14,2.0,0,16020.56
O33091,C11815,P20296,2025-07-01,6.0,10,192106.67
O33092,C10447,P20209,2026-03-27,1.0,0,53887.0
O33093,C10109,P20345,2025-04-07,2.0,0,22045.58
O33094,C10317,P20446,2025-11-10,4.0,10,245728.26
O33095,C11192,P20041,2026-06-30,6.0,15,182637.73
O33096,C11836,P20396,2025-01-21,3.0,0,111177.81
O33097,C11944,P20477,2026-05-12,5.0,15,198460.72
O33098,C11459,P20473,2026-02-07,1.0,5,21429.37
O33099,C10442,P20115,2025-05-04,1.0,15,42781.06
O33100,C10218,P20100,2025-04-29,1.0,15,924.94
O33101,C11246,P20373,2026-04-22,3.0,15,51581.07
O33102,C10673,P20438,2025-04-13,4.0,10,61812.79
O33103,C11552,P20345,2025-11-29,4.0,15,37477.49
O33104,C10278,P20349,2026-04-04,2.0,0,126812.76
O33105,C11009,P20139,2025-05-10,6.0,0,18561.36
O33106,C10569,P20316,2025-05-14,7.0,0,125878.41
O33107,C11598,P20324,2025-06-06,2.0,10,37067.98
O33108,C11010,P20334,2026-03-01,4.0,0,9848.56
O33109,C10875,P20302,2026-03-11,1.0,0,47003.64
O33110,C10466,P20294,2026-01-24,3.0,15,22739.88
O33111,C10839,P20445,2025-11-14,4.0,10,265672.12
O33112,C10754,P20017,2026-05-20,3.0,15,97281.05
O33113,C11626,P20322,2025-07-09,5.0,0,317112.05
O33114,C11608,P20456,2026-02-15,1.0,5,432.36
O33115,C10838,P20292,2025-02-21,5.0,0,25367.0
O33116,C10030,P20074,2026-03-22,4.0,0,155568.32
O33117,C10359,P20263,2026-03-20,2.0,0,84553.12
O33118,C11943,P20484,2026-01-17,4.0,5,218229.4
O33119,C11312,P20016,2026-01-09,5.0,0,145504.25
O33120,C10086,P20014,2026-01-10,3.0,10,52740.94
O33121,C11258,P20336,2026-01-24,6.0,5,15500.98
O33122,C10747,P20281,2026-04-24,6.0,0,213461.76
O33123,C10313,P20361,2026-02-08,4.0,10,157380.48
O33124,C10365,P20004,2026-04-13,7.0,10,88380.87
O33125,C11801,P20413,2026-05-20,2.0,15,91354.09
O33126,C11823,P20127,2025-03-24,5.0,5,158551.91
O33127,C11863,P20312,2025-11-15,4.0,20,179928.9
O33128,C10905,P20006,2025-03-08,5.0,15,155952.64
O33129,C11293,P20129,2026-02-18,5.0,10,70598.79
O33130,C10698,P20423,2026-03-29,1.0,5,31821.53
O33131,C10131,P20385,2025-07-17,6.0,0,232211.52
O33132,C10803,P20371,2025-09-16,7.0,10,77485.78
O33133,C10789,P20232,2025-10-25,6.0,10,249724.78
O33134,C11856,P20447,2025-10-07,3.0,15,163018.29
O33135,C10351,P20313,2025-10-27,7.0,10,102196.84
O33136,C10180,P20195,2025-05-09,1.0,20,17111.07
O33137,C11826,P20065,2026-05-13,6.0,15,250603.14
O33138,C11504,P20321,2026-03-14,5.0,20,18453.04
O33139,C11913,P20103,2025-10-19,2.0,0,52271.32
O33140,C11187,P20277,2025-07-26,2.0,0,8145.8
O33141,C11807,P20493,2025-10-21,1.0,10,18093.56
O33142,C11912,P20158,2025-01-29,2.0,10,32217.19
O33143,C11120,P20224,2025-06-28,5.0,0,60680.35
O33144,C10774,P20289,2025-02-10,7.0,10,212512.36
O33145,C10510,P20432,2026-04-15,4.0,10,174394.91
O33146,C10365,P20278,2025-07-11,5.0,0,205918.3
O33147,C10981,P20478,2025-12-10,6.0,5,130213.42
O33148,C10353,P20182,2025-10-05,4.0,15,59533.59
O33149,C10800,P20366,2025-12-21,2.0,5,73515.69
O33150,C11460,P20004,2026-06-13,7.0,10,88380.87
O33151,C11107,P20215,2025-03-27,3.0,0,155332.05
O33152,C11249,P20439,2025-11-13,3.0,10,36312.44
O33153,C10412,P20428,2025-12-03,5.0,15,138497.56
O33154,C10735,P20217,2025-05-25,5.0,5,355117.84
O33155,C10981,P20396,2025-11-11,2.0,0,74118.54
O33156,C10118,P20209,2025-08-13,3.0,10,145494.9
O33157,C10482,P20463,2026-02-27,3.0,15,85459.91
O33158,C10192,P20074,2025-02-23,5.0,0,194460.4
O33159,C10591,P20227,2025-03-09,6.0,5,134293.31
O33160,C10590,P20375,2025-11-30,3.0,0,52514.55
O33161,C10659,P20500,2025-03-18,5.0,5,187422.93
O33162,C10107,P20436,2026-06-23,1.0,5,70749.24
O33163,C10382,P20093,2025-06-04,3.0,15,20264.39
O33164,C10783,P20460,2025-03-13,4.0,5,50576.1
O33165,C10390,P20065,2026-05-16,7.0,10,309568.58
O33166,C10244,P20321,2026-03-23,2.0,15,7842.54
O33167,C10585,P20010,2025-12-25,7.0,0,148321.81
O33168,C10869,P20402,2025-10-04,5.0,10,141656.18
O33169,C10468,P20303,2025-11-09,3.0,10,189922.56
O33170,C10866,P20322,2025-04-15,3.0,0,190267.23
O33171,C10934,P20305,2025-04-05,6.0,0,257355.42
O33172,C11562,P20456,2025-08-07,5.0,5,2161.82
O33173,C11234,P20278,2025-05-08,4.0,5,156497.91
O33174,C10604,P20086,2025-07-19,3.0,0,39425.61
O33175,C11661,P20026,2025-11-28,1.0,20,43547.85
O33176,C11015,P20218,2025-10-19,2.0,5,61154.01
O33177,C11971,P20393,2025-03-07,5.0,15,122198.17
O33178,C11097,P20405,2026-02-08,3.0,0,152648.19
O33179,C11659,P20095,2025-05-26,7.0,15,404574.06
O33180,C11333,P20244,2026-06-14,6.0,10,134425.06
O33181,C11720,P20447,2026-02-06,6.0,15,326036.57
O33182,C11723,P20107,2025-05-05,2.0,5,23363.06
O33183,C11734,P20390,2026-05-29,5.0,5,145167.46
O33184,C11614,P20248,2025-11-28,5.0,10,119636.1
O33185,C10860,P20014,2026-04-25,5.0,10,87901.56
O33186,C11210,P20161,2026-02-02,4.0,15,62548.47
O33187,C11880,P20071,2025-01-30,1.0,0,74496.91
O33188,C11277,P20152,2025-02-25,6.0,15,240970.46
O33189,C10013,P20457,2025-05-12,5.0,15,84043.54
O33190,C10299,P20075,2025-08-19,4.0,10,77614.74
O33191,C11100,P20376,2026-01-30,5.0,0,41244.8
O33192,C11075,P20215,2025-06-01,5.0,15,220053.74
O33193,C10787,P20368,2026-05-17,4.0,5,238858.42
O33194,C10149,P20051,2026-05-21,1.0,15,29859.75
O33195,C11755,P20386,2026-01-21,2.0,15,99481.59
O33196,C10122,P20143,2026-06-17,6.0,0,280215.72
O33197,C11235,P20419,2026-03-24,3.0,10,28909.36
O33198,C11304,P20036,2025-05-06,7.0,5,336189.89
O33199,C10538,P20500,2026-05-04,5.0,15,167694.2
O33200,C11709,P20374,2026-03-22,1.0,0,9228.96
O33201,C11180,P20476,2026-04-15,6.0,0,138108.3
O33202,C11262,P20167,2025-12-15,3.0,15,77939.73
O33203,C10376,P20236,2026-05-23,5.0,0,365012.95
O33204,C10082,P20260,2026-04-02,7.0,10,442299.12
O33205,C10492,P20192,2026-01-20,3.0,0,76857.51
O33206,C10356,P20202,2026-03-24,4.0,10,202858.96
O33207,C10925,P20262,2025-04-25,7.0,10,138486.98
O33208,C11297,P20185,2026-03-28,6.0,5,284325.01
O33209,C11604,P20158,2025-04-29,1.0,20,14318.75
O33210,C11068,P20246,2025-04-03,1.0,0,33932.65
O33211,C11005,P20110,2026-06-05,6.0,5,307952.82
O33212,C11597,P20099,2026-06-22,2.0,5,99199.76
O33213,C10123,P20241,2026-03-09,2.0,10,110870.44
O33214,C11373,P20491,2025-05-25,3.0,5,107129.31
O33215,C10708,P20202,2025-03-09,4.0,0,225398.84
O33216,C10330,P20122,2025-05-11,3.0,15,133303.49
O33217,C11433,P20117,2025-10-08,5.0,5,107165.27
O33218,C10991,P20096,2026-05-28,1.0,0,55834.61
O33219,C10323,P20234,2025-01-01,3.0,5,110110.55
O33220,C11135,P20490,2026-03-08,3.0,0,195011.76
O33221,C10770,P20067,2026-01-26,6.0,0,278437.8
O33222,C11113,P20376,2025-09-23,7.0,0,57742.72
O33223,C10433,P20218,2026-02-03,1.0,0,32186.32
O33224,C10710,P20015,2025-09-13,1.0,0,58149.14
O33225,C10794,P20273,2026-01-30,2.0,5,69747.58
O33226,C10712,P20219,2025-06-23,2.0,10,15485.35
O33227,C11123,P20274,2025-02-14,1.0,10,63827.33
O33228,C10539,P20371,2025-05-21,7.0,0,86095.31
O33229,C10601,P20147,2026-06-23,3.0,15,85583.02
O33230,C11170,P20332,2025-02-19,5.0,15,5612.25
O33231,C11718,P20344,2025-03-02,3.0,20,43029.48
O33232,C10257,P20453,2025-08-31,7.0,5,199102.06
O33233,C11213,P20152,2025-09-26,5.0,10,212621.0
O33234,C11264,P20347,2025-05-20,1.0,0,13900.12
O33235,C10871,P20304,2025-06-06,6.0,15,260477.14
O33236,C10899,P20414,2025-10-03,5.0,0,102771.65
O33237,C11527,P20015,2025-01-31,2.0,0,116298.28
O33238,C11732,P20431,2025-01-08,6.0,5,7073.42
O33239,C10809,P20379,2025-02-02,7.0,10,353575.72
O33240,C10677,P20486,2026-03-28,1.0,10,54509.39
O33241,C11843,P20383,2026-03-25,7.0,0,5653.9
O33242,C10271,P20428,2025-02-06,4.0,5,123833.11
O33243,C11544,P20354,2025-02-03,5.0,15,78785.74
O33244,C10550,P20411,2026-03-31,5.0,15,279920.34
O33245,C11138,P20084,2026-03-20,7.0,10,199139.66
O33246,C11363,P20192,2025-08-25,6.0,10,138343.52
O33247,C10568,P20041,2025-07-31,4.0,0,143245.28
O33248,C11967,P20352,2025-05-20,4.0,0,196718.72
O33249,C10986,P20324,2025-12-27,1.0,0,20593.32
O33250,C10359,P20261,2025-10-31,6.0,5,196321.45
O33251,C11674,P20309,2025-10-23,3.0,10,5658.88
O33252,C11638,P20378,2025-06-01,4.0,5,40587.72
O33253,C11358,P20136,2025-08-11,7.0,0,6689.62
O33254,C11713,P20278,2025-07-15,5.0,5,195622.38
O33255,C11193,P20106,2025-10-26,4.0,0,240849.04
O33256,C11363,P20007,2026-06-13,7.0,10,13544.62
O33257,C10798,P20406,2026-05-03,1.0,0,9190.89
O33258,C11285,P20302,2025-07-30,1.0,5,44653.46
O33259,C10887,P20030,2025-08-20,5.0,10,287821.21
O33260,C11759,P20126,2026-01-02,5.0,0,95820.1
O33261,C11223,P20357,2026-04-26,5.0,0,248007.55
O33262,C10211,P20400,2025-06-28,3.0,10,139409.34
O33263,C10287,P20079,2026-04-29,5.0,0,109831.45
O33264,C11716,P20389,2026-05-10,6.0,10,318810.44
O33265,C11786,P20067,2025-01-16,1.0,10,41765.67
O33266,C10743,P20023,2026-04-11,1.0,0,67037.33
O33267,C11496,P20189,2026-02-06,4.0,5,164988.55
O33268,C11506,P20074,2025-10-21,5.0,15,165291.34
O33269,C11047,P20005,2025-06-20,3.0,5,70766.64
O33270,C11584,P20407,2025-02-01,6.0,20,26154.77
O33271,C11133,P20463,2025-09-20,2.0,0,67027.38
O33272,C10296,P20082,2025-08-03,4.0,10,46731.64
O33273,C10006,P20025,2025-07-08,6.0,10,117744.89
O33274,C10550,P20264,2025-09-18,7.0,15,51535.98
O33275,C10681,P20479,2025-07-01,3.0,0,202532.43
O33276,C11892,P20405,2026-05-20,5.0,0,254413.65
O33277,C10795,P20002,2025-12-08,3.0,0,28109.07
O33278,C10203,P20278,2025-01-22,2.0,15,70012.22
O33279,C10325,P20328,2025-03-15,6.0,5,286139.09
O33280,C10825,P20343,2025-06-15,3.0,15,143742.73
O33281,C11809,P20224,2025-08-22,7.0,0,84952.49
O33282,C10244,P20072,2026-01-10,2.0,0,130362.42
O33283,C10327,P20068,2026-03-09,2.0,0,132790.3
O33284,C10987,P20320,2025-11-30,6.0,10,53746.31
O33285,C11071,P20094,2026-06-24,2.0,15,95977.38
O33286,C10761,P20019,2025-02-04,6.0,5,321032.78
O33287,C11615,P20128,2026-03-20,3.0,15,162157.1
O33288,C11646,P20343,2025-08-19,7.0,0,394587.9
O33289,C11037,P20082,2025-11-14,5.0,10,58414.55
O33290,C10907,P20254,2025-12-09,1.0,10,51759.33
O33291,C11404,P20437,2026-03-06,1.0,0,58395.5
O33292,C10365,P20221,2026-04-11,3.0,0,163793.1
O33293,C11626,P20343,2025-03-20,5.0,5,267756.08
O33294,C11366,P20097,2026-03-25,1.0,0,40102.18
O33295,C11884,P20052,2025-10-09,7.0,15,353772.66
O33296,C11816,P20175,2025-02-26,2.0,20,33227.14
O33297,C11245,P20338,2025-07-10,3.0,10,104451.74
O33298,C10073,P20182,2026-04-08,3.0,10,47276.68
O33299,C11770,P20428,2025-02-11,4.0,0,130350.64
O33300,C11796,P20353,2026-05-01,4.0,0,261908.96
O33301,C11649,P20391,2025-06-22,4.0,15,1707.82
O33302,C11070,P20115,2025-09-07,6.0,10,271785.56
O33303,C11528,P20348,2026-05-25,5.0,10,173748.87
O33304,C10274,P20001,2026-05-17,3.0,10,25841.21
O33305,C11579,P20063,2025-07-12,4.0,5,245486.38
O33306,C10208,P20248,2025-06-14,3.0,0,79757.4
O33307,C11953,P20231,2025-03-31,2.0,10,88051.03
O33308,C11885,P20226,2025-02-27,4.0,5,234672.46
O33309,C11639,P20423,2025-09-20,3.0,15,85415.69
O33310,C10124,P20019,2025-08-31,5.0,5,267527.32
O33311,C11034,P20031,2025-08-07,6.0,0,20146.62
O33312,C11353,P20333,2025-01-09,7.0,0,470475.32
O33313,C11211,P20121,2026-03-06,5.0,10,71617.82
O33314,C10543,P20024,2025-01-13,5.0,10,131720.49
O33315,C11692,P20325,2025-08-13,7.0,5,53536.49
O33316,C10060,P20471,2025-03-08,4.0,5,127789.93
O33317,C11785,P20211,2026-05-18,5.0,5,334562.02
O33318,C10899,P20449,2025-07-03,6.0,0,48598.98
O33319,C10886,P20161,2025-07-27,1.0,5,17476.78
O33320,C11975,P20255,2026-06-12,6.0,0,37303.32
O33321,C10782,P20059,2025-10-27,2.0,5,36178.87
O33322,C10442,P20114,2025-08-29,6.0,5,204523.3
O33323,C11241,P20417,2026-03-31,3.0,0,2556.54
O33324,C10911,P20160,2026-06-14,1.0,5,28608.98
O33325,C11026,P20443,2025-09-01,4.0,5,245887.32
O33326,C11560,P20220,2025-08-26,3.0,0,7716.21
O33327,C11742,P20357,2025-09-03,7.0,20,277768.46
O33328,C10832,P20169,2025-12-11,6.0,0,283660.86
O33329,C11008,P20012,2026-04-29,3.0,10,147642.8
O33330,C11735,P20457,2025-11-06,5.0,0,98874.75
O33331,C11380,P20242,2025-10-11,3.0,15,2125.45
O33332,C10626,P20375,2025-02-07,3.0,15,44637.37
O33333,C11816,P20139,2025-02-01,6.0,5,17633.29
O33334,C11691,P20097,2025-08-31,2.0,15,68173.71
O33335,C11189,P20147,2025-10-19,7.0,0,234933.79
O33336,C10998,P20182,2025-10-19,6.0,0,105059.28
O33337,C10734,P20057,2026-01-17,4.0,0,164798.36
O33338,C10091,P20042,2025-05-18,7.0,0,411530.84
O33339,C10167,P20354,2025-07-19,1.0,5,17610.93
O33340,C10959,P20199,2025-12-01,5.0,5,47927.88
O33341,C10207,P20031,2026-03-23,2.0,5,6379.76
O33342,C11306,P20180,2025-12-14,1.0,10,19880.55
O33343,C11089,P20002,2025-10-05,1.0,0,9369.69
O33344,C11912,P20467,2026-06-16,7.0,0,488213.81
O33345,C10516,P20422,2026-02-03,2.0,5,59945.82
O33346,C11181,P20288,2026-01-26,5.0,5,140611.16
O33347,C11785,P20138,2025-01-10,4.0,0,91380.64
O33348,C11793,P20105,2025-02-28,2.0,0,112079.24
O33349,C10747,P20392,2025-03-29,2.0,5,121202.9
O33350,C10306,P20218,2026-04-04,2.0,0,64372.64
O33351,C11902,P20222,2025-04-14,5.0,15,278752.49
O33352,C10395,P20331,2025-04-14,2.0,0,122688.34
O33353,C11098,P20105,2025-09-11,2.0,0,112079.24
O33354,C10187,P20404,2025-12-01,3.0,5,200513.43
O33355,C11598,P20404,2026-04-08,3.0,20,168853.42
O33356,C11361,P20127,2025-10-28,3.0,10,90124.24
O33357,C11700,P20265,2025-12-07,3.0,5,130615.76
O33358,C11592,P20200,2026-05-07,2.0,0,119730.72
O33359,C10623,P20252,2025-03-25,7.0,5,479582.51
O33360,C10730,P20015,2025-09-16,3.0,0,174447.42
O33361,C10240,P20226,2025-12-26,1.0,10,55580.32
O33362,C10533,P20472,2025-03-28,7.0,10,262598.3
O33363,C10141,P20353,2026-03-04,4.0,0,261908.96
O33364,C11289,P20105,2026-01-02,3.0,0,168118.86
O33365,C10139,P20233,2025-12-09,5.0,10,60402.19
O33366,C10459,P20493,2025-12-13,4.0,10,72374.26
O33367,C10070,P20319,2025-04-06,6.0,15,22752.63
O33368,C10385,P20488,2025-09-12,6.0,0,371003.16
O33369,C10630,P20219,2025-05-16,1.0,10,7742.67
O33370,C10198,P20277,2025-09-05,4.0,0,16291.6
O33371,C10205,P20261,2026-05-14,4.0,0,137769.44
O33372,C11750,P20381,2026-05-01,1.0,10,64039.02
O33373,C10568,P20419,2026-02-06,6.0,15,54606.57
O33374,C11823,P20341,2026-02-16,3.0,0,159000.3
O33375,C10982,P20452,2026-03-24,1.0,10,31058.86
O33376,C10805,P20369,2025-09-04,5.0,10,109922.99
O33377,C11711,P20432,2026-02-25,1.0,0,48443.03
O33378,C10859,P20336,2025-05-04,2.0,15,4623.1
O33379,C10882,P20479,2025-09-17,6.0,5,384811.62
O33380,C10974,P20474,2025-06-18,2.0,10,61729.47
O33381,C10640,P20190,2025-04-21,6.0,5,288708.59
O33382,C11455,P20372,2025-10-17,6.0,5,75381.82
O33383,C11914,P20419,2025-01-13,4.0,15,36404.38
O33384,C10325,P20198,2025-09-20,3.0,0,210204.45
O33385,C10442,P20353,2025-01-23,3.0,0,196431.72
O33386,C10804,P20277,2025-07-19,6.0,15,20771.79
O33387,C10288,P20336,2025-08-30,6.0,15,13869.3
O33388,C10226,P20495,2025-08-27,2.0,5,142365.1
O33389,C11088,P20039,2025-10-30,5.0,0,106584.45
O33390,C10967,P20162,2025-06-14,1.0,10,13950.5
O33391,C10938,P20490,2025-06-25,6.0,0,390023.52
O33392,C10560,P20121,2025-01-29,6.0,5,90715.9
O33393,C10714,P20380,2026-06-19,1.0,0,3879.17
O33394,C10498,P20399,2025-10-21,1.0,10,26853.97
O33395,C10849,P20262,2026-04-22,5.0,0,109910.3
O33396,C10926,P20450,2026-01-18,5.0,10,192613.68
O33397,C11941,P20216,2025-10-23,1.0,10,58332.59
O33398,C10060,P20312,2025-11-30,6.0,5,320498.35
O33399,C11421,P20049,2025-09-05,6.0,0,171216.9
O33400,C10257,P20092,2025-08-29,1.0,0,38793.3
O33401,C10577,P20129,2025-04-16,6.0,0,94131.72
O33402,C10239,P20321,2025-05-03,5.0,5,21912.98
O33403,C11825,P20028,2025-02-04,1.0,10,58255.17
O33404,C10038,P20356,2026-02-20,5.0,0,347296.5
O33405,C10025,P20148,2025-11-23,6.0,10,198516.85
O33406,C10410,P20432,2025-10-22,6.0,10,261592.36
O33407,C10461,P20328,2026-03-08,4.0,5,190759.39
O33408,C11595,P20065,2025-12-13,2.0,0,98275.74
O33409,C10988,P20218,2025-02-06,2.0,15,54716.74
O33410,C11441,P20051,2026-05-27,7.0,10,221313.46
O33411,C10357,P20427,2026-06-19,5.0,20,81216.4
O33412,C10383,P20305,2025-01-18,1.0,5,40747.94
O33413,C11833,P20409,2025-01-27,2.0,15,28459.24
O33414,C11182,P20074,2026-06-20,6.0,0,233352.48
O33415,C10569,P20460,2025-01-29,3.0,5,37932.07
O33416,C11457,P20425,2025-04-27,1.0,5,51138.97
O33417,C11072,P20199,2025-05-12,5.0,5,47927.88
O33418,C11352,P20192,2025-10-16,6.0,10,138343.52
O33419,C10433,P20189,2025-08-24,6.0,0,260508.24
O33420,C11455,P20012,2025-02-11,3.0,15,139440.43
O33421,C10056,P20239,2025-06-09,5.0,10,26662.59
O33422,C10577,P20360,2025-05-05,7.0,15,118450.4
O33423,C10268,P20081,2025-09-17,1.0,0,20111.08
O33424,C10069,P20453,2025-10-03,6.0,10,161676.86
O33425,C11752,P20383,2025-08-01,7.0,5,5371.2
O33426,C10902,P20270,2026-04-18,4.0,5,145811.09
O33427,C11625,P20290,2026-03-07,6.0,10,296088.1
O33428,C11473,P20048,2025-03-21,4.0,0,248599.36
O33429,C10793,P20317,2025-08-16,4.0,0,264925.48
O33430,C10257,P20209,2025-04-05,1.0,10,48498.3
O33431,C10672,P20035,2026-02-28,1.0,5,23320.88
O33432,C10490,P20119,2026-05-31,3.0,0,35603.58
O33433,C10746,P20065,2025-06-14,6.0,5,280085.86
O33434,C11667,P20315,2026-03-02,1.0,5,68116.41
O33435,C10049,P20242,2025-02-11,1.0,10,750.16
O33436,C11683,P20498,2026-02-07,3.0,0,132006.39
O33437,C10316,P20036,2026-02-20,3.0,10,136498.15
O33438,C10413,P20463,2025-10-27,6.0,10,180973.93
O33439,C10434,P20252,2025-02-24,7.0,10,454341.32
O33440,C11026,P20403,2025-12-02,5.0,15,99587.1
O33441,C11865,P20243,2026-03-06,2.0,5,65393.78
O33442,C11976,P20042,2025-11-30,6.0,0,352740.72
O33443,C11169,P20069,2026-02-10,2.0,0,35164.84
O33444,C11980,P20403,2025-01-30,5.0,0,117161.3
O33445,C11390,P20107,2026-06-19,4.0,0,49185.4
O33446,C10420,P20039,2026-06-01,7.0,15,126835.5
O33447,C11597,P20069,2025-08-09,6.0,15,89670.34
O33448,C11809,P20180,2026-05-09,1.0,5,20985.02
O33449,C11585,P20012,2025-09-10,3.0,0,164047.56
O33450,C10844,P20339,2025-11-17,6.0,0,358856.22
O33451,C11468,P20431,2025-02-08,3.0,15,3164.42
O33452,C10916,P20204,2026-04-10,4.0,15,131690.06
O33453,C10434,P20036,2026-02-15,3.0,0,151664.61
O33454,C10643,P20126,2026-02-16,4.0,10,68990.47
O33455,C11579,P20063,2026-05-07,7.0,0,452211.76
O33456,C10057,P20332,2026-03-14,5.0,0,6602.65
O33457,C11586,P20082,2026-04-24,4.0,0,51924.04
O33458,C10964,P20497,2025-03-13,2.0,10,14418.5
O33459,C10977,P20307,2025-08-08,6.0,0,424170.9
O33460,C11202,P20496,2025-01-04,4.0,0,67033.84
O33461,C11317,P20299,2025-10-17,6.0,0,117754.26
O33462,C10046,P20034,2026-01-15,5.0,0,25070.25
O33463,C11194,P20240,2025-12-21,7.0,10,178769.93
O33464,C11295,P20097,2025-03-21,4.0,0,160408.72
O33465,C10417,P20049,2025-03-07,5.0,15,121278.64
O33466,C10848,P20146,2025-05-16,2.0,0,28527.56
O33467,C10139,P20125,2026-02-03,7.0,0,237549.76
O33468,C10247,P20189,2025-12-13,1.0,0,43418.04
O33469,C11172,P20057,2025-02-28,5.0,0,205997.95
O33470,C10230,P20349,2026-06-03,1.0,0,63406.38
O33471,C10792,P20109,2025-08-25,5.0,0,73195.35
O33472,C10637,P20005,2025-03-20,7.0,15,147740.88
O33473,C11728,P20473,2025-04-25,4.0,10,81206.03
O33474,C10374,P20024,2026-04-07,1.0,15,24880.54
O33475,C11104,P20221,2025-05-06,7.0,0,382183.9
O33476,C11630,P20448,2026-05-15,5.0,5,20079.72
O33477,C10738,P20315,2025-04-12,6.0,0,430208.88
O33478,C11089,P20294,2025-06-23,5.0,10,40129.2
O33479,C10088,P20417,2026-03-28,1.0,20,681.74
O33480,C11112,P20010,2025-04-02,6.0,15,108063.03
O33481,C10713,P20165,2026-01-20,7.0,0,26672.38
O33482,C11750,P20481,2025-07-24,5.0,0,165335.4
O33483,C11228,P20215,2025-12-29,1.0,0,51777.35
O33484,C11937,P20126,2026-05-13,2.0,0,38328.04
O33485,C11406,P20267,2026-06-21,3.0,0,178385.64
O33486,C10601,P20280,2025-08-22,2.0,0,39850.5
O33487,C11500,P20088,2025-01-16,1.0,0,12595.57
O33488,C11597,P20455,2025-05-21,4.0,5,162740.93
O33489,C11807,P20114,2026-02-24,4.0,5,136348.86
O33490,C11630,P20021,2026-04-01,3.0,10,28410.29
O33491,C11843,P20148,2025-10-27,1.0,0,36762.38
O33492,C10539,P20245,2025-12-05,6.0,0,25322.28
O33493,C10214,P20266,2025-10-30,5.0,10,192428.42
O33494,C10074,P20217,2025-03-17,2.0,10,134570.97
O33495,C10061,P20431,2025-11-12,6.0,0,7445.7
O33496,C10698,P20484,2026-05-15,7.0,15,341701.3
O33497,C11567,P20240,2025-03-16,2.0,0,56752.36
O33498,C11243,P20431,2026-01-01,3.0,5,3536.71
O33499,C10012,P20399,2026-06-30,3.0,5,85037.56
O33500,C10814,P20428,2026-01-31,7.0,0,228113.62
O33501,C11439,P20232,2025-08-19,3.0,10,124862.39
O33502,C10032,P20232,2025-01-28,7.0,5,307531.44
O33503,C11184,P20242,2026-04-20,6.0,0,5001.06
O33504,C11001,P20190,2025-10-22,6.0,15,258318.21
O33505,C10237,P20390,2026-03-03,3.0,0,91684.71
O33506,C11763,P20229,2025-04-01,6.0,10,204419.38
O33507,C11205,P20066,2025-04-25,3.0,0,79379.52
O33508,C11853,P20460,2025-06-08,6.0,5,75864.15
O33509,C10558,P20378,2025-09-15,3.0,0,32042.94
O33510,C11365,P20388,2026-01-08,5.0,10,216830.52
O33511,C11482,P20279,2025-03-31,5.0,10,300671.73
O33512,C11104,P20269,2025-10-25,7.0,0,133281.75
O33513,C10647,P20209,2025-01-31,2.0,0,107774.0
O33514,C11796,P20415,2025-12-24,7.0,15,339724.29
O33515,C10987,P20016,2026-04-15,2.0,15,49471.44
O33516,C10820,P20297,2025-05-08,7.0,5,356122.86
O33517,C11783,P20474,2025-09-27,3.0,5,97738.33
O33518,C10473,P20220,2026-05-13,2.0,15,4372.52
O33519,C11695,P20257,2026-02-17,6.0,0,10516.62
O33520,C11739,P20367,2025-07-28,3.0,10,140000.94
O33521,C10112,P20268,2025-11-02,5.0,5,351526.41
O33522,C11316,P20229,2025-07-10,4.0,10,136279.58
O33523,C11974,P20119,2025-12-23,5.0,0,59339.3
O33524,C11846,P20440,2026-04-02,1.0,10,58506.84
O33525,C11655,P20178,2026-03-25,5.0,10,46173.74
O33526,C10383,P20020,2025-03-09,1.0,15,51375.9
O33527,C10017,P20450,2026-04-12,2.0,10,77045.47
O33528,C10493,P20036,2025-12-26,5.0,15,214858.2
O33529,C11355,P20335,2026-01-22,4.0,15,61885.24
O33530,C10926,P20422,2025-05-08,6.0,5,179837.45
O33531,C11763,P20406,2026-04-30,5.0,0,45954.45
O33532,C11897,P20108,2025-09-01,6.0,10,218372.44
O33533,C11510,P20189,2025-01-19,5.0,15,184526.67
O33534,C11430,P20178,2026-01-31,5.0,0,51304.15
O33535,C10117,P20096,2025-08-17,6.0,10,301506.89
O33536,C11579,P20315,2026-01-03,6.0,0,430208.88
O33537,C10880,P20020,2025-02-27,3.0,0,181326.69
O33538,C10115,P20164,2025-10-08,5.0,10,310111.02
O33539,C11819,P20382,2025-04-12,5.0,10,240406.47
O33540,C11573,P20097,2025-02-17,4.0,10,144367.85
O33541,C10814,P20143,2025-02-28,6.0,15,238183.36
O33542,C11649,P20062,2025-06-10,6.0,0,278210.64
O33543,C11571,P20242,2025-04-13,1.0,0,833.51
O33544,C10644,P20238,2026-02-16,1.0,15,860.96
O33545,C11360,P20131,2025-07-02,6.0,5,147273.01
O33546,C10336,P20093,2026-02-21,4.0,0,31787.28
O33547,C10922,P20495,2025-04-26,2.0,10,134872.2
O33548,C11913,P20091,2026-02-03,5.0,15,71220.82
O33549,C11764,P20133,2026-03-13,2.0,10,113299.34
O33550,C10147,P20123,2025-11-14,4.0,10,254996.64
O33551,C10122,P20440,2025-09-07,2.0,0,130015.2
O33552,C10081,P20415,2026-03-23,1.0,0,57096.52
O33553,C10685,P20342,2026-05-12,3.0,15,36481.78
O33554,C11690,P20419,2025-12-09,2.0,10,19272.91
O33555,C10662,P20118,2026-03-03,3.0,0,141069.63
O33556,C10375,P20455,2025-08-28,2.0,5,81370.46
O33557,C11594,P20198,2025-02-28,4.0,10,252245.34
O33558,C10063,P20282,2026-06-11,3.0,0,73582.11
O33559,C10504,P20374,2025-07-22,2.0,10,16612.13
O33560,C10668,P20001,2026-04-11,4.0,0,38283.28
O33561,C10449,P20211,2025-10-23,7.0,0,493038.77
O33562,C11452,P20263,2025-10-14,7.0,10,266342.33
O33563,C10868,P20420,2025-03-14,6.0,0,390042.96
O33564,C11451,P20332,2026-06-07,7.0,0,9243.71
O33565,C11445,P20212,2025-12-03,1.0,15,18982.58
O33566,C11346,P20087,2025-11-14,5.0,10,185333.18
O33567,C11937,P20153,2025-07-22,4.0,5,62214.06
O33568,C10680,P20350,2025-08-19,4.0,0,24986.0
O33569,C11190,P20187,2025-02-26,1.0,0,71559.71
O33570,C11621,P20061,2026-02-24,3.0,10,80126.9
O33571,C11981,P20285,2025-10-07,2.0,0,106524.82
O33572,C11673,P20095,2025-11-01,3.0,5,193787.57
O33573,C10461,P20274,2026-04-11,4.0,5,269493.19
O33574,C10459,P20041,2025-06-23,6.0,5,204124.52
O33575,C11213,P20147,2025-09-23,7.0,0,234933.79
O33576,C10464,P20246,2025-09-04,2.0,0,67865.3
O33577,C10912,P20132,2025-03-19,7.0,20,414061.37
O33578,C10379,P20449,2025-09-10,7.0,20,45359.05
O33579,C11026,P20297,2026-04-20,5.0,5,254373.47
O33580,C11642,P20123,2025-06-25,7.0,10,446244.12
O33581,C10364,P20143,2026-02-25,5.0,10,210161.79
O33582,C10072,P20182,2026-04-06,2.0,0,35019.76
O33583,C11451,P20192,2025-09-11,4.0,0,102476.68
O33584,C10638,P20456,2026-06-04,6.0,0,2730.72
O33585,C11194,P20399,2025-04-17,1.0,10,26853.97
O33586,C11229,P20207,2025-06-20,7.0,10,171177.74
O33587,C11849,P20434,2025-02-27,6.0,15,90068.96
O33588,C10337,P20231,2025-12-03,7.0,10,308178.61
O33589,C11496,P20022,2025-12-08,7.0,15,32772.84
O33590,C10195,P20402,2025-10-17,3.0,15,80271.83
O33591,C11694,P20080,2025-03-25,6.0,15,78281.68
O33592,C11012,P20130,2025-04-27,6.0,0,428529.3
O33593,C10653,P20292,2026-06-18,3.0,0,15220.2
O33594,C11299,P20276,2025-08-07,1.0,10,62861.04
O33595,C10007,P20400,2025-04-12,1.0,10,46469.78
O33596,C10905,P20323,2026-04-01,5.0,5,22377.49
O33597,C10979,P20376,2026-06-10,7.0,15,49081.31
O33598,C10566,P20414,2025-09-23,1.0,20,16443.46
O33599,C10616,P20055,2025-10-14,2.0,10,52022.47
O33600,C11878,P20066,2025-05-21,5.0,5,125684.24
O33601,C11874,P20227,2026-02-10,4.0,15,80104.78
O33602,C10573,P20026,2025-10-20,5.0,0,272174.05
O33603,C10599,P20441,2025-01-31,7.0,0,234363.78
O33604,C10770,P20253,2025-06-20,6.0,15,243792.9
O33605,C11202,P20197,2025-12-21,6.0,10,105051.87
O33606,C10242,P20130,2025-07-24,5.0,5,339252.36
O33607,C11227,P20243,2026-04-23,3.0,15,87765.34
O33608,C11567,P20312,2025-10-18,7.0,5,373914.74
O33609,C11825,P20212,2025-04-21,1.0,10,20099.21
O33610,C11486,P20190,2025-03-09,6.0,10,273513.4
O33611,C11104,P20290,2026-01-08,6.0,0,328986.78
O33612,C11547,P20226,2025-07-15,2.0,0,123511.82
O33613,C11441,P20246,2025-05-06,7.0,15,201899.27
O33614,C10766,P20056,2025-09-19,1.0,0,54014.95
O33615,C10384,P20055,2025-06-04,7.0,0,202309.59
O33616,C10391,P20276,2025-04-18,6.0,5,398119.92
O33617,C10896,P20306,2026-02-27,3.0,0,137644.92
O33618,C11823,P20409,2025-02-04,6.0,15,85377.72
O33619,C10688,P20340,2025-02-13,1.0,0,25547.22
O33620,C11150,P20153,2026-02-20,2.0,10,29469.82
O33621,C11518,P20053,2025-10-12,1.0,0,30352.34
O33622,C10047,P20398,2026-03-23,7.0,15,125465.21
O33623,C11742,P20444,2026-06-02,7.0,10,385951.23
O33624,C11500,P20111,2025-01-27,3.0,5,58666.74
O33625,C11973,P20492,2025-08-15,2.0,20,35922.18
O33626,C10619,P20427,2026-03-01,1.0,0,20304.1
O33627,C10464,P20491,2026-01-03,3.0,10,101490.92
O33628,C11811,P20446,2025-11-06,3.0,20,163818.84
O33629,C11873,P20487,2025-04-15,5.0,10,85994.86
O33630,C10123,P20204,2025-01-18,6.0,10,209154.8
O33631,C11498,P20112,2025-07-24,7.0,0,167448.89
O33632,C10134,P20325,2025-02-12,2.0,0,16101.2
O33633,C11643,P20447,2025-03-30,2.0,0,127857.48
O33634,C11841,P20258,2025-06-06,6.0,20,69133.97
O33635,C10841,P20438,2025-09-23,7.0,20,96153.23
O33636,C11586,P20016,2025-05-14,7.0,0,203705.95
O33637,C10849,P20439,2026-04-09,1.0,0,13449.05
O33638,C10607,P20350,2025-05-12,5.0,0,31232.5
O33639,C11804,P20495,2025-02-03,2.0,0,149858.0
O33640,C10023,P20427,2025-03-24,3.0,5,57866.68
O33641,C10566,P20445,2025-05-12,2.0,10,132836.06
O33642,C11910,P20166,2026-03-04,5.0,15,108839.65
O33643,C10766,P20301,2025-07-23,6.0,10,321977.27
O33644,C10965,P20382,2025-12-02,4.0,10,192325.18
O33645,C10235,P20435,2026-05-12,6.0,10,258021.23
O33646,C10996,P20426,2026-03-18,3.0,10,73148.4
O33647,C11083,P20280,2025-09-15,2.0,5,37857.98
O33648,C11188,P20371,2025-10-19,6.0,0,73795.98
O33649,C11795,P20158,2025-05-05,3.0,0,53695.32
O33650,C10826,P20421,2025-06-24,7.0,10,412067.06
O33651,C10216,P20249,2026-05-07,1.0,20,42407.57
O33652,C11207,P20379,2025-03-21,3.0,10,151532.45
O33653,C11593,P20181,2025-11-01,2.0,15,117888.06
O33654,C10657,P20191,2026-05-25,1.0,0,1544.54
O33655,C10935,P20487,2025-12-10,1.0,10,17198.97
O33656,C11114,P20139,2025-04-01,1.0,15,2629.53
O33657,C11988,P20078,2025-06-18,4.0,10,185337.14
O33658,C10311,P20407,2025-11-30,4.0,15,18526.29
O33659,C10557,P20373,2025-08-24,1.0,10,18205.08
O33660,C10972,P20336,2026-02-03,6.0,0,16316.82
O33661,C10257,P20050,2026-04-22,6.0,0,441565.56
O33662,C10533,P20085,2026-06-19,6.0,10,47322.79
O33663,C11557,P20183,2025-03-29,2.0,15,37241.08
O33664,C10052,P20183,2025-09-10,1.0,0,21906.52
O33665,C11362,P20004,2025-12-24,6.0,10,75755.03
O33666,C11195,P20481,2025-02-27,1.0,10,29760.37
O33667,C11972,P20438,2026-02-03,3.0,0,51510.66
O33668,C11091,P20317,2026-06-05,6.0,0,397388.22
O33669,C11649,P20111,2026-06-09,3.0,5,58666.74
O33670,C10300,P20334,2026-02-21,3.0,0,7386.42
O33671,C10672,P20339,2026-01-28,6.0,0,358856.22
O33672,C10778,P20251,2025-08-10,5.0,0,48055.8
O33673,C10832,P20133,2025-11-25,3.0,0,188832.24
O33674,C10232,P20100,2026-01-07,6.0,10,5876.12
O33675,C10975,P20479,2026-05-26,7.0,10,425318.1
O33676,C11861,P20493,2025-06-02,3.0,10,54280.69
O33677,C11092,P20402,2026-04-25,2.0,5,59810.38
O33678,C11530,P20172,2025-01-20,4.0,20,178057.38
O33679,C10028,P20287,2025-08-16,4.0,15,209433.91
O33680,C11973,P20119,2025-12-12,4.0,20,37977.15
O33681,C11652,P20350,2025-01-19,7.0,5,41539.22
O33682,C11075,P20405,2026-03-20,5.0,15,216251.6
O33683,C11717,P20175,2026-01-03,1.0,10,18690.26
O33684,C11284,P20030,2025-05-27,3.0,0,191880.81
O33685,C10591,P20055,2026-05-19,7.0,0,202309.59
O33686,C10785,P20361,2026-03-06,2.0,10,78690.24
O33687,C10620,P20196,2026-03-16,5.0,0,220108.35
O33688,C11987,P20453,2025-07-17,7.0,0,209581.12
O33689,C10586,P20041,2025-10-14,4.0,5,136083.02
O33690,C11711,P20173,2026-01-04,5.0,10,183736.04
O33691,C11002,P20330,2025-08-28,7.0,15,380400.7
O33692,C10184,P20219,2025-10-14,2.0,10,15485.35
O33693,C11047,P20208,2026-01-30,6.0,10,217894.37
O33694,C11810,P20158,2026-06-02,5.0,0,89492.2
O33695,C10129,P20333,2025-03-01,4.0,10,241958.74
O33696,C10291,P20228,2026-06-29,1.0,5,28791.42
O33697,C11856,P20085,2025-10-30,7.0,15,52142.71
O33698,C10501,P20173,2025-09-01,4.0,5,155154.87
O33699,C10186,P20245,2025-07-26,7.0,5,28065.53
O33700,C10479,P20360,2026-01-10,4.0,5,75648.99
O33701,C11595,P20173,2025-10-10,4.0,15,138822.78
O33702,C10492,P20335,2026-04-23,7.0,20,101928.62
O33703,C10513,P20212,2025-01-22,5.0,0,111662.25
O33704,C11667,P20084,2025-12-15,2.0,5,60057.99
O33705,C11091,P20173,2026-05-04,4.0,10,146988.83
O33706,C11829,P20183,2025-09-15,6.0,15,111723.25
O33707,C10467,P20443,2025-02-16,5.0,5,307359.15
O33708,C10285,P20133,2025-01-27,2.0,0,125888.16
O33709,C10601,P20380,2025-01-27,1.0,5,3685.21
O33710,C11441,P20288,2026-02-01,4.0,10,106568.46
O33711,C11124,P20262,2025-05-25,3.0,5,62648.87
O33712,C10189,P20350,2026-06-06,5.0,0,31232.5
O33713,C10989,P20282,2025-05-01,6.0,0,147164.22
O33714,C10890,P20293,2026-04-07,1.0,10,5267.52
O33715,C11882,P20269,2026-01-17,1.0,20,15232.2
O33716,C10388,P20349,2026-02-22,1.0,15,53895.42
O33717,C10241,P20197,2025-11-23,5.0,10,87543.22
O33718,C11806,P20025,2026-01-26,2.0,15,37067.84
O33719,C11755,P20141,2025-10-24,3.0,0,91219.32
O33720,C10417,P20472,2025-03-25,6.0,10,225084.26
O33721,C11942,P20223,2025-05-26,2.0,0,33574.46
O33722,C10176,P20020,2025-06-20,4.0,10,217592.03
O33723,C10387,P20247,2025-11-30,3.0,20,46391.35
O33724,C11495,P20328,2026-02-28,2.0,15,85339.73
O33725,C10853,P20444,2025-11-05,4.0,5,232795.98
O33726,C11257,P20201,2026-06-10,7.0,10,240935.75
O33727,C10663,P20405,2025-12-13,3.0,15,129750.96
O33728,C10452,P20115,2025-10-29,5.0,0,251653.3
O33729,C10277,P20383,2025-12-13,6.0,10,4361.58
O33730,C11253,P20189,2026-02-12,7.0,0,303926.28
O33731,C11195,P20468,2025-05-13,6.0,15,49003.96
O33732,C11759,P20463,2025-04-16,4.0,0,134054.76
O33733,C10213,P20026,2025-06-20,2.0,0,108869.62
O33734,C11306,P20054,2025-09-07,3.0,10,86518.88
O33735,C10041,P20170,2026-06-28,4.0,0,192545.76
O33736,C11146,P20395,2025-09-19,4.0,0,3520.68
O33737,C11251,P20421,2026-05-09,5.0,10,294333.62
O33738,C10294,P20489,2025-09-01,4.0,15,22676.47
O33739,C10600,P20381,2026-03-27,3.0,0,213463.41
O33740,C11291,P20011,2025-10-17,1.0,15,8913.83
O33741,C10541,P20027,2025-09-20,3.0,15,160089.64
O33742,C11783,P20350,2025-11-10,3.0,10,16865.55
O33743,C11852,P20083,2025-03-26,5.0,10,33499.62
O33744,C10451,P20290,2026-02-19,5.0,0,274155.65
O33745,C11473,P20038,2025-11-25,6.0,5,78181.77
O33746,C11780,P20445,2025-02-14,7.0,0,516584.67
O33747,C11085,P20087,2025-11-29,6.0,0,247110.9
O33748,C11526,P20437,2026-04-10,4.0,5,221902.9
O33749,C11171,P20321,2025-07-19,6.0,5,26295.58
O33750,C11710,P20387,2025-07-20,5.0,10,176987.3
O33751,C11969,P20451,2025-11-25,4.0,10,144005.4
O33752,C10790,P20156,2025-08-28,1.0,15,63592.41
O33753,C10334,P20398,2025-12-25,2.0,0,42173.18
O33754,C11905,P20308,2025-12-26,5.0,0,295893.05
O33755,C11977,P20286,2026-01-13,7.0,5,293901.67
O33756,C10891,P20186,2026-01-20,5.0,0,45662.05
O33757,C11166,P20182,2026-04-10,1.0,10,15758.89
O33758,C10044,P20453,2025-08-10,7.0,5,199102.06
O33759,C10144,P20369,2025-12-31,5.0,5,116029.82
O33760,C11889,P20143,2025-03-13,6.0,5,266204.93
O33761,C10333,P20422,2025-08-28,6.0,5,179837.45
O33762,C10998,P20206,2026-05-19,6.0,5,200502.0
O33763,C11521,P20142,2026-02-18,1.0,0,47701.37
O33764,C11420,P20185,2025-05-07,4.0,0,199526.32
O33765,C10055,P20443,2026-05-02,5.0,5,307359.15
O33766,C11331,P20241,2026-06-11,5.0,0,307973.45
O33767,C10870,P20008,2025-09-05,6.0,10,101988.61
O33768,C11447,P20072,2026-04-27,4.0,0,260724.84
O33769,C11441,P20403,2025-11-08,5.0,0,117161.3
O33770,C11697,P20288,2026-03-20,3.0,0,88807.05
O33771,C10797,P20095,2025-10-10,1.0,5,64595.86
O33772,C10325,P20157,2025-01-02,2.0,0,5448.2
O33773,C11734,P20041,2025-03-15,3.0,0,107433.96
O33774,C11695,P20331,2025-03-05,7.0,0,429409.19
O33775,C10080,P20301,2025-12-13,2.0,0,119250.84
O33776,C11055,P20269,2025-11-20,3.0,15,48552.64
O33777,C10985,P20155,2025-08-27,3.0,15,176709.29
O33778,C11136,P20275,2026-02-01,7.0,0,32029.06
O33779,C10558,P20154,2025-12-03,7.0,0,330202.95
O33780,C10865,P20053,2025-12-07,3.0,10,81951.32
O33781,C10717,P20179,2025-10-06,1.0,15,15655.35
O33782,C11588,P20421,2025-12-19,2.0,20,104651.95
O33783,C11674,P20240,2026-04-08,4.0,0,113504.72
O33784,C10472,P20137,2026-04-07,4.0,5,109612.25
O33785,C10074,P20255,2025-10-20,6.0,10,33572.99
O33786,C11577,P20476,2026-02-11,5.0,15,97826.71
O33787,C11503,P20224,2025-06-11,1.0,0,12136.07
O33788,C10589,P20180,2026-05-18,6.0,10,119283.3
O33789,C11411,P20182,2026-03-24,6.0,0,105059.28
O33790,C11723,P20259,2026-03-31,1.0,0,31256.31
O33791,C11906,P20243,2025-09-22,1.0,5,32696.89
O33792,C10564,P20096,2025-05-12,3.0,0,167503.83
O33793,C11954,P20197,2025-04-30,1.0,10,17508.64
O33794,C11457,P20392,2025-08-07,4.0,10,229647.6
O33795,C11436,P20014,2026-02-21,1.0,15,16603.63
O33796,C10467,P20120,2026-05-20,7.0,5,187284.55
O33797,C10599,P20387,2025-10-27,3.0,0,117991.53
O33798,C11645,P20408,2025-04-19,2.0,0,72842.34
O33799,C10992,P20269,2025-08-26,6.0,5,108529.42
O33800,C11933,P20171,2025-10-20,1.0,10,57449.4
O33801,C10737,P20413,2025-07-06,7.0,5,357355.7
O33802,C10994,P20072,2025-02-05,7.0,5,433455.05
O33803,C10248,P20179,2025-09-13,6.0,5,104982.94
O33804,C11605,P20170,2026-03-11,2.0,0,96272.88
O33805,C11144,P20159,2025-01-08,5.0,10,105659.73
O33806,C10067,P20447,2025-06-27,3.0,5,182196.91
O33807,C10573,P20154,2025-08-30,6.0,15,240576.43
O33808,C11980,P20402,2025-02-10,1.0,10,28331.24
O33809,C11351,P20082,2025-12-23,5.0,0,64905.05
O33810,C11944,P20057,2025-04-23,5.0,5,195698.05
O33811,C10703,P20007,2025-06-15,2.0,10,3869.89
O33812,C10470,P20112,2026-05-19,6.0,0,143527.62
O33813,C10493,P20486,2025-03-19,6.0,10,327056.35
O33814,C11725,P20048,2025-07-15,4.0,0,248599.36
O33815,C10663,P20080,2026-02-06,4.0,5,58327.53
O33816,C10286,P20375,2025-03-05,4.0,15,59516.49
O33817,C11980,P20376,2026-03-01,6.0,10,44544.38
O33818,C11938,P20316,2025-02-11,6.0,5,102500.99
O33819,C11632,P20033,2026-01-08,4.0,0,187507.52
O33820,C10312,P20115,2025-11-02,3.0,0,150991.98
O33821,C10309,P20384,2025-07-28,7.0,10,361368.5
O33822,C10775,P20003,2026-04-12,7.0,5,360221.12
O33823,C11121,P20486,2025-10-31,7.0,5,402763.83
O33824,C10965,P20004,2026-01-27,1.0,15,11924.4
O33825,C11137,P20356,2025-06-02,1.0,0,69459.3
O33826,C11661,P20260,2025-12-28,3.0,5,200087.7
O33827,C10456,P20042,2025-09-21,2.0,10,105822.22
O33828,C11487,P20009,2025-08-04,7.0,5,204616.18
O33829,C11972,P20488,2026-06-27,7.0,5,411195.17
O33830,C10132,P20307,2026-06-08,1.0,0,70695.15
O33831,C10930,P20145,2025-07-13,6.0,15,373724.58
O33832,C10965,P20401,2025-01-27,5.0,5,290534.18
O33833,C10929,P20097,2025-02-15,6.0,5,228582.43
O33834,C10121,P20276,2025-02-27,1.0,10,62861.04
O33835,C11221,P20142,2025-01-13,3.0,0,143104.11
O33836,C11830,P20278,2025-02-18,2.0,10,74130.59
O33837,C11506,P20436,2025-04-04,1.0,5,70749.24
O33838,C10634,P20027,2026-03-27,3.0,10,169506.68
O33839,C11818,P20043,2026-01-14,5.0,10,253514.02
O33840,C10897,P20131,2025-01-10,4.0,15,87847.06
O33841,C10772,P20216,2026-05-31,5.0,5,307866.45
O33842,C11063,P20094,2025-08-12,5.0,15,239943.44
O33843,C10566,P20008,2026-01-16,7.0,0,132207.46
O33844,C10512,P20086,2026-06-25,2.0,10,23655.37
O33845,C11498,P20345,2025-10-29,1.0,0,11022.79
O33846,C11185,P20138,2025-07-22,4.0,0,91380.64
O33847,C10289,P20369,2025-07-15,3.0,0,73281.99
O33848,C10200,P20413,2025-11-18,4.0,0,214950.8
O33849,C11812,P20424,2026-02-22,1.0,0,22955.24
O33850,C10528,P20246,2025-12-08,2.0,10,61078.77
O33851,C10917,P20449,2026-01-24,1.0,0,8099.83
O33852,C11709,P20500,2025-01-09,3.0,10,106535.14
O33853,C11527,P20021,2026-06-16,4.0,0,42089.32
O33854,C11272,P20487,2025-05-29,5.0,0,95549.85
O33855,C11407,P20408,2026-01-18,1.0,5,34600.11
O33856,C11242,P20457,2026-06-13,6.0,5,112717.22
O33857,C11111,P20444,2025-01-12,2.0,0,122524.2
O33858,C11106,P20492,2026-04-21,2.0,20,35922.18
O33859,C11086,P20410,2025-02-22,4.0,0,77090.64
O33860,C10799,P20265,2026-03-12,5.0,10,206235.4
O33861,C11524,P20148,2025-07-25,3.0,0,110287.14
O33862,C11066,P20184,2025-02-23,5.0,15,118535.69
O33863,C10012,P20227,2026-05-05,4.0,5,89528.87
O33864,C10833,P20292,2025-12-10,5.0,15,21561.95
O33865,C11770,P20490,2025-06-18,4.0,0,260015.68
O33866,C10841,P20036,2025-06-10,5.0,0,252774.35
O33867,C10643,P20246,2026-06-11,1.0,5,32236.02
O33868,C11139,P20073,2026-06-11,2.0,5,80709.34
O33869,C11242,P20150,2025-10-14,4.0,0,30849.8
O33870,C11673,P20001,2026-02-16,4.0,0,38283.28
O33871,C10106,P20069,2026-06-06,2.0,10,31648.36
O33872,C10691,P20457,2025-07-18,6.0,0,118649.7
O33873,C10528,P20293,2025-06-10,6.0,5,33360.96
O33874,C11496,P20230,2026-01-24,3.0,5,179570.41
O33875,C11778,P20211,2026-04-19,4.0,10,253562.8
O33876,C10846,P20072,2026-01-16,1.0,0,65181.21
O33877,C10893,P20490,2025-05-04,5.0,10,292517.64
O33878,C10387,P20363,2025-03-13,1.0,0,9594.31
O33879,C11250,P20096,2025-06-17,4.0,0,223338.44
O33880,C10481,P20397,2025-10-11,3.0,5,210873.24
O33881,C11778,P20084,2026-05-09,4.0,15,107472.2
O33882,C10408,P20228,2025-02-05,3.0,0,90920.28
O33883,C11481,P20299,2025-06-24,2.0,0,39251.42
O33884,C11677,P20236,2025-07-18,5.0,10,328511.65
O33885,C10898,P20293,2025-04-26,1.0,5,5560.16
O33886,C10711,P20222,2025-11-11,3.0,10,177089.81
O33887,C11648,P20458,2025-08-08,1.0,20,31212.4
O33888,C10639,P20223,2025-05-14,7.0,20,94008.49
O33889,C11045,P20281,2025-05-02,2.0,5,67596.22
O33890,C11683,P20221,2026-02-25,4.0,5,207471.26
O33891,C11625,P20216,2026-05-07,3.0,15,165275.67
O33892,C10815,P20231,2025-10-16,5.0,0,244586.2
O33893,C10918,P20405,2025-02-22,7.0,5,338370.15
O33894,C10203,P20169,2025-07-24,3.0,5,134738.91
O33895,C10417,P20329,2025-12-14,6.0,0,61557.06
O33896,C10416,P20426,2025-02-20,4.0,20,86694.4
O33897,C11472,P20042,2025-02-09,4.0,10,211644.43
O33898,C11536,P20258,2025-09-07,5.0,5,68413.82
O33899,C10085,P20196,2025-08-06,5.0,15,187092.1
O33900,C10167,P20392,2025-06-28,2.0,5,121202.9
O33901,C10384,P20096,2025-07-02,7.0,15,332215.93
O33902,C10468,P20317,2025-06-13,7.0,0,463619.59
O33903,C11096,P20014,2026-01-12,1.0,0,19533.68
O33904,C10810,P20113,2026-05-12,3.0,0,190257.96
O33905,C10997,P20077,2026-04-06,2.0,5,120952.4
O33906,C11545,P20277,2026-04-19,1.0,0,4072.9
O33907,C11817,P20408,2025-02-06,7.0,0,254948.19
O33908,C10473,P20434,2025-11-15,2.0,20,28256.93
O33909,C10993,P20466,2026-02-16,6.0,15,114466.59
O33910,C11282,P20429,2025-12-22,5.0,10,32103.54
O33911,C10275,P20448,2025-08-17,5.0,15,17966.07
O33912,C11774,P20320,2025-09-21,4.0,15,33840.27
O33913,C11044,P20488,2026-05-02,3.0,10,166951.42
O33914,C11514,P20410,2025-12-18,3.0,5,54927.08
O33915,C11769,P20160,2026-03-18,3.0,15,76792.54
O33916,C10490,P20492,2026-04-04,2.0,10,40412.45
O33917,C11757,P20313,2025-01-25,2.0,0,32443.44
O33918,C10326,P20119,2025-05-11,3.0,5,33823.4
O33919,C10529,P20437,2026-01-05,4.0,5,221902.9
O33920,C10892,P20161,2026-03-12,1.0,15,15637.12
O33921,C10089,P20308,2025-08-12,6.0,10,319564.49
O33922,C10486,P20351,2025-12-18,2.0,15,90286.39
O33923,C10708,P20146,2026-04-30,3.0,10,38512.21
O33924,C10350,P20163,2025-07-16,5.0,0,358025.85
O33925,C11108,P20396,2025-04-19,2.0,10,66706.69
O33926,C10387,P20179,2025-08-08,1.0,0,18418.06
O33927,C10087,P20089,2025-11-15,2.0,5,9636.46
O33928,C10307,P20493,2025-03-23,1.0,15,17088.37
O33929,C11874,P20223,2026-06-21,1.0,10,15108.51
O33930,C11178,P20266,2026-03-08,2.0,15,72695.18
O33931,C10440,P20239,2025-01-08,1.0,0,5925.02
O33932,C10740,P20308,2025-05-29,2.0,10,106521.5
O33933,C11984,P20034,2025-04-08,2.0,0,10028.1
O33934,C10264,P20371,2025-04-11,4.0,5,46737.45
O33935,C10977,P20451,2026-01-02,5.0,5,190007.12
O33936,C10735,P20494,2026-04-07,6.0,10,175884.43
O33937,C10421,P20167,2026-02-18,1.0,0,30564.6
O33938,C10493,P20392,2025-09-16,2.0,5,121202.9
O33939,C10633,P20125,2025-12-22,1.0,10,30542.11
O33940,C10993,P20224,2025-01-11,2.0,10,21844.93
O33941,C10411,P20491,2026-02-20,6.0,5,214258.61
O33942,C10173,P20413,2025-09-07,7.0,5,357355.7
O33943,C10004,P20150,2025-05-02,2.0,15,13111.16
O33944,C10854,P20468,2025-03-06,2.0,15,16334.65
O33945,C11664,P20454,2025-10-29,5.0,5,154429.24
O33946,C10986,P20189,2025-05-05,1.0,5,41247.14
O33947,C11496,P20043,2025-11-08,5.0,10,253514.02
O33948,C11134,P20433,2025-07-10,5.0,0,69799.9
O33949,C11891,P20029,2026-03-26,7.0,0,167334.93
O33950,C11061,P20362,2025-06-08,7.0,0,377630.05
O33951,C10583,P20120,2025-12-19,5.0,0,140815.45
O33952,C11825,P20337,2025-09-20,5.0,10,114243.8
O33953,C11055,P20031,2026-02-10,4.0,5,12759.53
O33954,C11975,P20181,2025-01-17,1.0,0,69345.92
O33955,C10381,P20162,2025-09-17,1.0,15,13175.47
O33956,C11292,P20128,2025-12-21,2.0,15,108104.73
O33957,C11035,P20255,2026-05-04,1.0,15,5284.64
O33958,C10344,P20294,2025-08-02,6.0,5,50830.32
O33959,C11864,P20441,2025-08-27,5.0,0,167402.7
O33960,C11568,P20357,2025-06-29,3.0,0,148804.53
O33961,C11593,P20388,2026-02-23,7.0,0,337291.92
O33962,C10166,P20254,2025-05-23,1.0,0,57510.37
O33963,C10700,P20130,2025-11-13,7.0,15,424958.22
O33964,C10342,P20012,2025-09-01,7.0,20,306222.11
O33965,C11506,P20035,2025-08-20,3.0,15,62598.16
O33966,C11043,P20198,2025-10-30,7.0,10,441429.34
O33967,C11652,P20248,2025-11-27,6.0,10,143563.32
O33968,C10980,P20110,2025-09-05,4.0,10,194496.52
O33969,C11208,P20328,2025-10-10,2.0,15,85339.73
O33970,C11806,P20405,2025-10-14,2.0,10,91588.91
O33971,C10545,P20245,2025-02-01,2.0,0,8440.76
O33972,C11034,P20250,2026-05-15,4.0,0,157039.44
O33973,C11616,P20366,2026-06-14,5.0,10,174116.12
O33974,C10192,P20317,2026-01-16,7.0,0,463619.59
O33975,C10320,P20163,2025-03-04,3.0,15,182593.18
O33976,C11726,P20048,2025-05-08,1.0,10,55934.86
O33977,C10580,P20399,2026-06-12,5.0,10,134269.83
O33978,C10475,P20071,2025-06-12,2.0,0,148993.82
O33979,C11884,P20399,2025-09-08,2.0,5,56691.71
O33980,C10637,P20493,2025-10-22,7.0,5,133691.33
O33981,C10427,P20134,2025-06-28,5.0,10,273150.99
O33982,C11872,P20239,2025-08-17,3.0,5,16886.31
O33983,C11083,P20465,2026-01-29,5.0,20,135441.32
O33984,C11460,P20068,2026-01-31,4.0,10,239022.54
O33985,C10097,P20278,2025-03-13,2.0,10,74130.59
O33986,C10496,P20032,2025-11-14,3.0,15,10224.76
O33987,C11811,P20123,2026-01-14,7.0,20,396661.44
O33988,C10661,P20022,2025-05-16,1.0,0,5508.04
O33989,C11302,P20155,2026-01-13,7.0,15,412321.67
O33990,C11289,P20110,2025-04-29,2.0,0,108053.62
O33991,C10009,P20271,2026-06-14,7.0,5,453478.46
O33992,C10457,P20380,2026-06-07,5.0,0,19395.85
O33993,C11819,P20300,2026-01-22,3.0,10,70835.18
O33994,C10273,P20115,2025-09-26,2.0,5,95628.25
O33995,C10940,P20470,2026-06-08,1.0,10,3814.35
O33996,C11837,P20220,2026-05-01,1.0,10,2314.86
O33997,C11032,P20490,2026-03-14,6.0,10,351021.17
O33998,C10208,P20230,2025-04-21,5.0,0,315035.8
O33999,C11938,P20252,2025-11-18,4.0,15,245200.08
O34000,C11661,P20249,2026-06-11,5.0,10,238542.57
O34001,C11147,P20009,2025-06-26,3.0,5,87692.65
O34002,C11057,P20034,2026-06-22,5.0,20,20056.2
O34003,C11537,P20228,2026-04-18,3.0,0,90920.28
O34004,C10204,P20073,2026-01-23,6.0,5,242128.02
O34005,C10518,P20399,2025-04-08,6.0,10,161123.8
O34006,C11833,P20446,2026-02-15,6.0,0,409547.1
O34007,C11975,P20301,2026-01-10,4.0,5,226576.6
O34008,C10517,P20212,2025-06-19,6.0,15,113895.5
O34009,C10443,P20072,2025-02-25,5.0,0,325906.05
O34010,C11616,P20058,2025-11-21,1.0,5,67260.21
O34011,C11810,P20220,2025-09-17,3.0,10,6944.59
O34012,C10689,P20371,2025-12-06,7.0,10,77485.78
O34013,C10850,P20275,2026-02-08,3.0,10,12354.07
O34014,C10833,P20249,2026-06-16,1.0,15,45058.04
O34015,C10339,P20016,2025-06-23,7.0,5,193520.65
O34016,C11462,P20075,2026-06-22,5.0,10,97018.42
O34017,C11469,P20106,2025-06-09,4.0,10,216764.14
O34018,C11160,P20136,2025-01-10,2.0,0,1911.32
O34019,C10387,P20417,2025-09-13,5.0,20,3408.72
O34020,C11049,P20074,2025-12-10,6.0,15,198349.61
O34021,C10506,P20254,2026-06-20,7.0,0,402572.59
O34022,C11349,P20018,2026-01-08,5.0,10,289094.76
O34023,C11719,P20419,2026-03-11,3.0,10,28909.36
O34024,C10680,P20043,2025-02-15,3.0,5,160558.88
O34025,C11362,P20050,2025-02-24,4.0,15,250220.48
O34026,C10690,P20003,2025-03-19,6.0,10,292510.39
O34027,C10885,P20232,2026-05-06,7.0,10,291345.58
O34028,C11119,P20219,2025-09-29,4.0,0,34411.88
O34029,C11569,P20059,2025-04-21,4.0,5,72357.74
O34030,C10623,P20284,2025-01-15,1.0,5,58735.01
O34031,C11170,P20302,2025-03-19,7.0,10,296122.93
O34032,C10893,P20064,2026-05-16,2.0,10,47089.64
O34033,C10953,P20070,2026-02-22,2.0,0,60993.7
O34034,C11255,P20303,2025-10-02,7.0,0,492391.83
O34035,C10784,P20142,2026-05-09,6.0,5,271897.81
O34036,C11872,P20391,2025-07-16,4.0,10,1808.28
O34037,C10495,P20202,2026-01-11,3.0,10,152144.22
O34038,C11062,P20207,2025-03-04,2.0,5,51625.03
O34039,C11449,P20415,2025-12-27,7.0,0,399675.64
O34040,C11671,P20221,2026-06-28,7.0,0,382183.9
O34041,C11870,P20362,2025-04-20,5.0,0,269735.75
O34042,C10747,P20246,2025-07-13,1.0,10,30539.38
O34043,C10437,P20081,2026-06-03,3.0,0,60333.24
O34044,C11855,P20251,2026-04-04,1.0,5,9130.6
O34045,C11392,P20051,2025-10-28,5.0,10,158081.04
O34046,C10345,P20285,2026-05-11,2.0,20,85219.86
O34047,C11184,P20369,2025-05-29,1.0,20,19541.86
O34048,C10550,P20492,2026-04-06,6.0,20,107766.53
O34049,C11686,P20399,2025-05-19,1.0,10,26853.97
O34050,C11936,P20384,2025-10-19,1.0,10,51624.07
O34051,C10820,P20346,2025-12-01,7.0,10,89145.25
O34052,C10541,P20204,2025-07-03,5.0,15,164612.57
O34053,C10144,P20025,2025-11-03,7.0,20,122105.82
O34054,C10588,P20445,2025-09-19,3.0,5,210323.76
O34055,C10657,P20041,2025-11-06,7.0,5,238145.28
O34056,C11765,P20069,2025-12-10,3.0,5,50109.9
O34057,C11600,P20004,2026-02-28,5.0,10,63129.19
O34058,C11883,P20492,2026-05-29,7.0,10,141443.57
O34059,C10345,P20240,2026-06-08,1.0,15,24119.75
O34060,C11293,P20361,2025-09-18,1.0,5,41530.96
O34061,C11864,P20441,2025-12-28,4.0,5,127226.05
O34062,C10696,P20031,2025-06-18,6.0,20,16117.3
O34063,C11797,P20387,2025-07-19,2.0,0,78661.02
O34064,C10268,P20117,2026-01-20,2.0,0,45122.22
O34065,C10169,P20195,2025-11-08,3.0,10,57749.87
O34066,C11795,P20090,2025-11-08,5.0,0,120044.75
O34067,C11763,P20178,2026-01-30,1.0,5,9747.79
O34068,C10033,P20145,2025-12-17,7.0,0,512955.31
O34069,C10377,P20444,2025-01-28,6.0,0,367572.6
O34070,C11238,P20202,2025-05-13,2.0,10,101429.48
O34071,C11586,P20322,2026-01-15,5.0,5,301256.45
O34072,C11464,P20344,2026-06-12,5.0,5,85162.51
O34073,C11516,P20203,2025-10-14,1.0,0,23510.44
O34074,C10393,P20024,2025-10-11,6.0,10,158064.59
O34075,C10489,P20355,2025-08-15,5.0,0,169616.05
O34076,C10722,P20471,2026-03-03,2.0,0,67257.86
O34077,C10946,P20416,2025-01-27,4.0,0,217056.52
O34078,C11053,P20471,2025-11-28,2.0,5,63894.97
O34079,C10039,P20482,2025-04-27,6.0,5,18212.3
O34080,C11883,P20105,2025-03-30,4.0,5,212950.56
O34081,C11636,P20275,2025-05-02,7.0,20,25623.25
O34082,C11197,P20322,2025-02-02,7.0,15,377363.34
O34083,C11041,P20060,2026-02-02,5.0,10,35154.18
O34084,C11080,P20371,2026-06-09,2.0,0,24598.66
O34085,C10226,P20450,2025-01-24,1.0,10,38522.74
O34086,C11582,P20015,2025-11-21,6.0,0,348894.84
O34087,C10067,P20085,2025-02-03,5.0,10,39435.66
O34088,C11221,P20419,2025-09-04,1.0,5,10171.81
O34089,C11678,P20197,2025-01-19,4.0,15,66143.77
O34090,C10835,P20235,2025-01-30,7.0,15,319746.81
O34091,C11047,P20411,2025-02-18,3.0,5,187711.29
O34092,C10999,P20344,2025-06-29,3.0,5,51097.51
O34093,C11630,P20263,2026-01-05,4.0,10,152195.62
O34094,C11778,P20006,2026-01-30,3.0,0,110084.22
O34095,C10237,P20494,2026-05-11,6.0,15,166113.07
O34096,C10957,P20381,2026-03-07,5.0,5,337983.73
O34097,C10919,P20289,2025-07-26,5.0,0,168660.6
O34098,C11947,P20058,2025-02-04,6.0,10,382321.19
O34099,C11590,P20433,2026-02-17,2.0,0,27919.96
O34100,C11162,P20145,2025-12-30,5.0,0,366396.65
O34101,C10473,P20366,2025-11-06,7.0,10,243762.56
O34102,C11869,P20042,2025-10-06,3.0,10,158733.32
O34103,C11808,P20350,2025-06-01,7.0,10,39352.95
O34104,C10553,P20200,2025-08-15,6.0,10,323272.94
O34105,C11634,P20424,2025-08-31,1.0,0,22955.24
O34106,C10695,P20174,2025-01-10,2.0,5,93333.57
O34107,C11664,P20455,2026-01-27,1.0,5,40685.23
O34108,C11253,P20454,2025-02-17,7.0,20,182063.95
O34109,C10317,P20452,2025-07-23,3.0,0,103529.55
O34110,C10598,P20385,2025-06-06,7.0,0,270913.44
O34111,C10768,P20335,2025-01-26,1.0,15,15471.31
O34112,C11745,P20095,2026-02-25,3.0,20,163189.54
O34113,C11751,P20217,2025-09-21,5.0,15,317737.01
O34114,C10886,P20111,2026-06-13,2.0,0,41169.64
O34115,C11636,P20353,2026-04-15,4.0,10,235718.06
O34116,C10561,P20180,2025-09-11,3.0,5,62955.08
O34117,C11225,P20163,2026-06-30,6.0,15,365186.37
O34118,C11972,P20119,2025-05-27,6.0,0,71207.16
O34119,C10258,P20325,2025-11-22,5.0,0,40253.0
O34120,C11504,P20389,2025-12-04,6.0,5,336522.13
O34121,C11912,P20228,2025-04-28,1.0,0,30306.76
O34122,C11202,P20145,2025-06-14,5.0,10,329756.99
O34123,C10757,P20437,2025-07-17,6.0,15,297817.05
O34124,C10123,P20308,2026-01-09,1.0,10,53260.75
O34125,C10342,P20142,2025-05-09,1.0,5,45316.3
O34126,C11195,P20122,2026-02-18,1.0,15,44434.5
O34127,C11869,P20285,2026-01-15,6.0,0,319574.46
O34128,C11672,P20392,2025-01-01,1.0,0,63791.0
O34129,C11083,P20226,2025-06-16,7.0,5,410676.8
O34130,C11729,P20360,2025-01-16,2.0,0,39815.26
O34131,C11489,P20257,2025-04-22,6.0,0,10516.62
O34132,C11804,P20285,2026-01-03,1.0,5,50599.29
O34133,C10260,P20420,2025-04-12,2.0,15,110512.17
O34134,C11397,P20435,2026-02-10,7.0,15,284301.17
O34135,C11997,P20165,2026-05-22,4.0,5,14479.29
O34136,C10095,P20221,2025-02-09,2.0,0,109195.4
O34137,C11149,P20069,2026-01-16,6.0,0,105494.52
O34138,C10041,P20309,2026-05-31,6.0,5,11946.52
O34139,C11915,P20224,2026-05-12,1.0,0,12136.07
O34140,C10254,P20124,2025-10-08,7.0,0,522652.69
O34141,C10007,P20436,2025-12-17,7.0,10,469179.14
O34142,C11495,P20344,2025-11-30,7.0,10,112952.38
O34143,C10728,P20339,2026-06-08,6.0,0,358856.22
O34144,C11535,P20012,2025-10-10,4.0,10,196857.07
O34145,C11605,P20052,2025-11-15,7.0,10,374582.82
O34146,C10069,P20129,2026-02-18,5.0,5,74520.95
O34147,C11105,P20135,2025-01-14,2.0,0,48094.96
O34148,C10542,P20145,2025-02-25,5.0,15,311437.15
O34149,C11609,P20127,2026-02-07,4.0,10,120165.66
O34150,C11286,P20226,2025-12-08,2.0,0,123511.82
O34151,C10089,P20427,2025-07-18,1.0,10,18273.69
O34152,C11939,P20071,2025-10-19,2.0,5,141544.13
O34153,C11232,P20273,2026-03-17,1.0,10,33038.33
O34154,C10213,P20187,2025-03-19,3.0,5,203945.17
O34155,C10834,P20003,2025-04-22,2.0,5,102920.32
O34156,C10266,P20285,2026-06-19,2.0,10,95872.34
O34157,C10912,P20022,2026-01-10,5.0,10,24786.18
O34158,C10293,P20166,2025-04-26,5.0,0,128046.65
O34159,C11231,P20310,2025-05-22,4.0,0,160800.96
O34160,C10333,P20363,2025-07-16,1.0,0,9594.31
O34161,C11101,P20477,2026-06-24,6.0,5,266170.85
O34162,C11312,P20498,2025-10-26,5.0,0,220010.65
O34163,C11005,P20434,2025-03-17,7.0,10,111261.65
O34164,C10047,P20246,2026-06-14,4.0,0,135730.6
O34165,C10622,P20234,2025-04-10,1.0,10,34771.75
O34166,C11224,P20325,2026-04-24,1.0,10,7245.54
O34167,C10427,P20158,2026-04-13,1.0,0,17898.44
O34168,C10210,P20151,2025-10-19,3.0,10,87263.27
O34169,C10888,P20213,2025-05-05,1.0,20,28653.7
O34170,C11444,P20376,2026-06-03,4.0,0,32995.84
O34171,C10154,P20218,2025-01-23,1.0,15,27358.37
O34172,C11546,P20246,2025-06-11,6.0,10,183236.31
O34173,C10415,P20303,2026-05-21,6.0,10,379845.13
O34174,C11377,P20405,2025-01-21,1.0,0,50882.73
O34175,C11181,P20276,2026-04-09,4.0,10,251444.16
O34176,C11285,P20151,2026-04-28,2.0,5,61407.49
O34177,C11101,P20196,2026-05-17,1.0,10,39619.5
O34178,C10769,P20405,2025-11-05,4.0,15,173001.28
O34179,C10983,P20021,2025-07-22,5.0,5,49981.07
O34180,C11512,P20257,2026-02-20,4.0,0,7011.08
O34181,C11155,P20399,2025-05-22,3.0,0,89513.22
O34182,C10579,P20017,2025-04-17,5.0,0,190747.15
O34183,C11479,P20051,2026-06-13,6.0,15,179158.51
O34184,C10740,P20447,2026-06-21,6.0,0,383572.44
O34185,C10163,P20270,2025-10-18,2.0,5,72905.55
O34186,C11039,P20315,2025-11-07,2.0,0,143402.96
O34187,C11256,P20083,2026-01-20,4.0,15,25310.82
O34188,C10195,P20306,2025-02-22,4.0,5,174350.23
O34189,C11885,P20124,2025-07-02,1.0,20,59731.74
O34190,C10542,P20290,2026-01-04,7.0,10,345436.12
O34191,C10359,P20262,2025-01-13,7.0,15,130793.26
O34192,C10850,P20365,2025-06-09,1.0,0,41411.24
O34193,C11355,P20049,2025-10-11,6.0,0,171216.9
O34194,C10427,P20006,2025-10-14,3.0,0,110084.22
O34195,C10497,P20117,2025-01-08,7.0,5,150031.38
O34196,C10828,P20118,2025-03-13,1.0,10,42320.89
O34197,C10486,P20453,2025-04-08,6.0,0,179640.96
O34198,C11832,P20263,2025-03-28,4.0,0,169106.24
O34199,C11473,P20353,2025-04-11,7.0,10,412506.61
O34200,C11437,P20461,2025-10-08,4.0,0,164608.08
O34201,C10330,P20435,2025-10-16,1.0,5,45392.62
O34202,C11756,P20374,2025-07-15,7.0,0,64602.72
O34203,C10889,P20129,2026-01-26,3.0,10,42359.27
O34204,C10991,P20397,2026-03-26,6.0,5,421746.48
O34205,C11171,P20171,2026-01-03,4.0,10,229797.61
O34206,C10259,P20027,2026-03-06,6.0,0,376681.5
O34207,C10292,P20199,2025-04-06,3.0,0,30270.24
O34208,C11835,P20372,2025-09-18,4.0,15,44964.59
O34209,C10143,P20387,2026-05-27,6.0,10,212384.75
O34210,C11961,P20314,2025-05-01,3.0,10,175711.0
O34211,C10747,P20345,2026-01-01,3.0,10,29761.53
O34212,C10627,P20097,2025-11-28,3.0,0,120306.54
O34213,C11389,P20488,2025-02-21,1.0,15,52558.78
O34214,C10090,P20017,2026-01-31,2.0,10,68668.97
O34215,C10720,P20173,2025-11-14,6.0,10,220483.24
O34216,C11188,P20462,2025-10-04,3.0,15,136858.86
O34217,C10481,P20101,2025-07-13,6.0,0,178431.18
O34218,C10084,P20186,2025-01-21,3.0,10,24657.51
O34219,C11101,P20184,2026-02-03,6.0,20,133875.6
O34220,C10673,P20438,2025-07-21,4.0,0,68680.88
O34221,C10517,P20215,2026-04-11,6.0,0,310664.1
O34222,C10485,P20251,2025-05-31,7.0,10,60550.31
O34223,C11614,P20216,2025-06-08,2.0,0,129627.98
O34224,C11627,P20029,2025-11-06,4.0,15,81276.97
O34225,C11623,P20102,2026-05-19,4.0,0,255464.44
O34226,C10782,P20123,2025-01-26,3.0,10,191247.48
O34227,C10104,P20054,2025-03-07,5.0,5,152209.14
O34228,C11476,P20283,2025-09-20,7.0,0,499976.05
O34229,C11511,P20102,2026-04-17,2.0,15,108572.39
O34230,C10339,P20117,2025-06-16,4.0,10,81220.0
O34231,C10687,P20104,2025-06-03,5.0,0,14652.85
O34232,C11590,P20045,2025-12-09,5.0,0,317356.75
O34233,C10900,P20114,2026-02-17,4.0,10,129172.61
O34234,C11502,P20343,2025-07-03,3.0,15,143742.73
O34235,C11747,P20031,2025-07-13,1.0,10,3021.99
O34236,C10607,P20164,2025-01-02,4.0,10,248088.82
O34237,C10223,P20465,2025-08-03,3.0,0,101580.99
O34238,C11033,P20189,2026-04-28,2.0,15,73810.67
O34239,C11077,P20293,2025-02-01,3.0,10,15802.56
O34240,C11101,P20195,2025-01-15,5.0,5,101596.99
O34241,C11742,P20292,2025-11-14,7.0,5,33738.11
O34242,C10503,P20375,2025-08-31,7.0,10,110280.56
O34243,C11340,P20261,2025-01-17,2.0,15,58552.01
O34244,C11838,P20430,2026-06-18,7.0,10,353248.94
O34245,C10822,P20207,2025-03-22,2.0,15,46190.82
O34246,C11866,P20052,2026-03-12,1.0,5,56484.71
O34247,C10624,P20049,2025-01-08,1.0,10,25682.54
O34248,C11887,P20006,2025-10-14,4.0,15,124762.12
O34249,C10165,P20379,2025-07-05,7.0,0,392861.91
O34250,C11303,P20394,2026-06-08,3.0,5,106460.01
O34251,C11051,P20374,2026-02-26,4.0,10,33224.26
O34252,C11094,P20224,2026-04-11,1.0,15,10315.66
O34253,C11242,P20023,2025-03-24,5.0,0,335186.65
O34254,C11986,P20496,2026-04-28,1.0,0,16758.46
O34255,C11389,P20145,2025-11-21,3.0,0,219837.99
O34256,C11725,P20110,2026-02-23,5.0,0,270134.05
O34257,C11869,P20212,2025-02-20,7.0,0,156327.15
O34258,C11971,P20300,2025-01-27,4.0,10,94446.9
O34259,C11330,P20041,2026-06-29,4.0,15,121758.49
O34260,C11148,P20399,2025-03-03,1.0,10,26853.97
O34261,C10019,P20172,2025-06-20,1.0,0,55642.93
O34262,C11281,P20494,2025-10-13,7.0,15,193798.58
O34263,C11320,P20186,2025-04-27,6.0,10,49315.01
O34264,C11952,P20214,2025-01-04,4.0,0,227370.0
O34265,C11046,P20306,2025-03-07,7.0,5,305112.91
O34266,C11904,P20052,2025-03-01,4.0,10,214047.32
O34267,C10989,P20070,2026-05-17,2.0,10,54894.33
O34268,C10450,P20196,2025-08-17,3.0,10,118858.51
O34269,C10552,P20447,2025-04-10,2.0,0,127857.48
O34270,C11574,P20442,2025-04-29,2.0,15,17914.33
O34271,C11072,P20151,2025-03-10,4.0,0,129278.92
O34272,C10695,P20428,2025-08-09,6.0,10,175973.36
O34273,C10587,P20109,2025-08-11,7.0,10,92226.14
O34274,C10721,P20467,2026-05-19,7.0,0,488213.81
O34275,C11207,P20118,2025-07-30,3.0,0,141069.63
O34276,C11459,P20365,2025-09-19,4.0,0,165644.96
O34277,C10107,P20095,2026-06-02,2.0,0,135991.28
O34278,C11212,P20256,2025-09-05,2.0,0,7630.52
O34279,C10776,P20044,2025-09-14,7.0,10,216873.03
O34280,C11110,P20436,2025-03-04,7.0,10,469179.14
O34281,C11860,P20067,2026-01-27,4.0,10,167062.68
O34282,C11867,P20156,2026-06-24,1.0,10,67333.14
O34283,C11480,P20323,2026-02-21,1.0,15,4004.39
O34284,C11161,P20206,2025-02-22,4.0,15,119597.69
O34285,C11882,P20274,2025-02-07,5.0,0,354596.3
O34286,C10898,P20155,2025-11-04,5.0,10,311839.92
O34287,C10336,P20179,2025-02-22,1.0,0,18418.06
O34288,C10607,P20060,2026-03-28,3.0,0,23436.12
O34289,C10838,P20074,2026-04-06,6.0,10,210017.23
O34290,C11781,P20049,2026-05-01,2.0,5,54218.68
O34291,C11493,P20271,2025-05-17,7.0,10,429611.18
O34292,C10602,P20467,2026-01-07,3.0,5,198772.77
O34293,C11595,P20073,2025-09-13,7.0,0,297350.2
O34294,C10403,P20196,2026-01-30,1.0,15,37418.42
O34295,C10540,P20399,2025-02-06,4.0,0,119350.96
O34296,C11096,P20179,2025-05-27,5.0,0,92090.3
O34297,C11806,P20048,2025-01-08,1.0,0,62149.84
O34298,C10024,P20072,2025-09-08,3.0,20,156434.9
O34299,C10624,P20113,2026-03-23,3.0,5,180745.06
O34300,C11836,P20245,2025-09-20,6.0,5,24056.17
O34301,C11509,P20385,2026-03-15,7.0,10,243822.1
O34302,C11080,P20391,2025-09-16,1.0,10,452.07
O34303,C10986,P20309,2025-11-19,2.0,15,3563.0
O34304,C10223,P20159,2026-06-14,3.0,5,66917.83
O34305,C11656,P20274,2025-10-28,2.0,20,113470.82
O34306,C10179,P20268,2026-04-30,2.0,10,133210.01
O34307,C10800,P20304,2025-04-02,7.0,5,339641.77
O34308,C10434,P20030,2025-06-13,4.0,5,243049.03
O34309,C11961,P20097,2025-12-01,1.0,15,34086.85
O34310,C11474,P20251,2025-11-11,1.0,10,8650.04
O34311,C10793,P20495,2025-08-26,2.0,10,134872.2
O34312,C10884,P20007,2025-03-24,4.0,10,7739.78
O34313,C10492,P20092,2025-04-19,3.0,10,104741.91
O34314,C11213,P20113,2025-06-27,3.0,0,190257.96
O34315,C11602,P20259,2025-09-07,1.0,0,31256.31
O34316,C10810,P20107,2025-04-01,7.0,10,77467.0
O34317,C10961,P20063,2025-12-05,7.0,0,452211.76
O34318,C10420,P20390,2025-06-18,2.0,5,58066.98
O34319,C11273,P20479,2025-05-19,4.0,10,243038.92
O34320,C11612,P20358,2026-06-01,4.0,0,117364.0
O34321,C10649,P20271,2025-07-03,3.0,0,204576.75
O34322,C11188,P20199,2025-06-19,3.0,15,25729.7
O34323,C11769,P20427,2025-12-28,7.0,10,127915.83
O34324,C11279,P20478,2025-09-01,5.0,0,114222.3
O34325,C10476,P20347,2025-05-18,5.0,15,59075.51
O34326,C11830,P20337,2025-01-28,2.0,10,45697.52
O34327,C11441,P20146,2026-06-03,5.0,0,71318.9
O34328,C10170,P20406,2026-02-02,4.0,5,34925.38
O34329,C11341,P20061,2025-11-29,5.0,0,148383.15
O34330,C10174,P20120,2025-11-13,1.0,15,23938.63
O34331,C10470,P20061,2026-03-02,1.0,5,28192.8
O34332,C10345,P20309,2025-05-16,6.0,10,11317.75
O34333,C10445,P20026,2025-09-24,3.0,15,138808.77
O34334,C11042,P20115,2025-04-17,3.0,0,150991.98
O34335,C11094,P20475,2025-05-18,7.0,0,87622.29
O34336,C11362,P20040,2025-02-16,2.0,0,68961.76
O34337,C10628,P20344,2026-01-03,1.0,0,17928.95
O34338,C10592,P20116,2025-01-06,6.0,10,163929.26
O34339,C10527,P20136,2026-06-07,2.0,10,1720.19
O34340,C11712,P20277,2026-06-13,2.0,0,8145.8
O34341,C10456,P20477,2025-09-29,7.0,0,326876.48
O34342,C11293,P20299,2025-03-07,5.0,0,98128.55
O34343,C11655,P20021,2026-02-24,3.0,20,25253.59
O34344,C10811,P20387,2025-12-05,2.0,10,70794.92
O34345,C10188,P20031,2026-05-13,2.0,10,6043.99
O34346,C11021,P20247,2026-04-14,3.0,0,57989.19
O34347,C11593,P20411,2025-11-27,7.0,5,437993.01
O34348,C10711,P20494,2025-05-11,3.0,0,97713.57
O34349,C10529,P20027,2026-06-14,1.0,20,50224.2
O34350,C10434,P20073,2026-03-14,3.0,10,114692.22
O34351,C10288,P20441,2025-08-31,5.0,10,150662.43
O34352,C11942,P20097,2026-04-08,1.0,10,36091.96
O34353,C11591,P20161,2025-12-16,7.0,5,122337.46
O34354,C10499,P20346,2025-01-17,6.0,0,84900.24
O34355,C11465,P20476,2026-04-11,2.0,0,46036.1
O34356,C11805,P20300,2025-12-29,5.0,5,124617.44
O34357,C10303,P20299,2025-07-29,5.0,0,98128.55
O34358,C10087,P20287,2026-06-09,1.0,0,61598.21
O34359,C10830,P20373,2026-02-24,2.0,10,36410.17
O34360,C10438,P20449,2025-05-13,1.0,15,6884.86
O34361,C10541,P20212,2025-01-14,4.0,15,75930.33
O34362,C11046,P20076,2025-02-13,4.0,0,155742.16
O34363,C10833,P20401,2026-01-12,1.0,0,61165.09
O34364,C10797,P20143,2025-10-22,2.0,10,84064.72
O34365,C10560,P20034,2026-01-31,7.0,15,29833.6
O34366,C11541,P20498,2025-04-14,2.0,20,70403.41
O34367,C10762,P20336,2026-03-21,3.0,15,6934.65
O34368,C11699,P20004,2025-03-03,7.0,10,88380.87
O34369,C11527,P20328,2026-02-16,5.0,0,250999.2
O34370,C11738,P20098,2025-11-17,1.0,0,64591.89
O34371,C10467,P20366,2025-05-11,7.0,0,270847.29
O34372,C11125,P20217,2025-07-18,5.0,10,336427.42
O34373,C11607,P20463,2025-02-05,7.0,0,234595.83
O34374,C11966,P20028,2025-08-04,5.0,10,291275.86
O34375,C10675,P20201,2025-11-02,4.0,10,137677.57
O34376,C10685,P20386,2025-01-12,4.0,0,234074.32
O34377,C11165,P20273,2025-03-24,6.0,15,187217.18
O34378,C10138,P20314,2025-02-01,7.0,5,432769.7
O34379,C10578,P20127,2026-02-12,7.0,15,198607.13
O34380,C10710,P20202,2025-03-27,1.0,15,47897.25
O34381,C11864,P20009,2026-02-15,6.0,0,184616.1
O34382,C10228,P20287,2025-09-13,1.0,5,58518.3
O34383,C10281,P20450,2025-08-29,2.0,0,85606.08
O34384,C10684,P20088,2026-03-28,1.0,10,11336.01
O34385,C10828,P20318,2025-01-01,7.0,5,50169.66
O34386,C10431,P20019,2025-10-09,2.0,15,95746.62
O34387,C11064,P20081,2026-05-29,2.0,0,40222.16
O34388,C11543,P20107,2025-04-29,1.0,10,11066.72
O34389,C11710,P20497,2026-05-20,2.0,20,12816.45
O34390,C11687,P20458,2025-03-21,5.0,10,175569.75
O34391,C11235,P20498,2025-08-07,2.0,0,88004.26
O34392,C10302,P20311,2026-06-01,5.0,10,232734.96
O34393,C11110,P20412,2026-04-11,5.0,0,34952.9
O34394,C11421,P20230,2026-06-02,5.0,0,315035.8
O34395,C11277,P20112,2026-05-17,3.0,0,71763.81
O34396,C10533,P20220,2025-02-27,6.0,0,15432.42
O34397,C10769,P20123,2025-12-03,7.0,10,446244.12
O34398,C11915,P20498,2026-05-25,3.0,5,125406.07
O34399,C11939,P20244,2026-03-02,7.0,10,156829.24
O34400,C11405,P20178,2026-01-05,7.0,0,71825.81
O34401,C10444,P20065,2026-02-15,2.0,0,98275.74
O34402,C11057,P20380,2026-03-08,6.0,0,23275.02
O34403,C10260,P20003,2025-07-15,7.0,0,379180.13
O34404,C11258,P20207,2026-01-12,6.0,5,154875.1
O34405,C11539,P20436,2025-12-31,6.0,10,402153.55
O34406,C11883,P20394,2026-02-09,1.0,20,29883.51
O34407,C11332,P20021,2026-05-07,2.0,5,19992.43
O34408,C10739,P20293,2025-03-07,3.0,0,17558.4
O34409,C10796,P20015,2026-01-26,6.0,0,348894.84
O34410,C10070,P20343,2025-03-24,7.0,15,335399.71
O34411,C11478,P20206,2026-04-26,6.0,10,189949.27
O34412,C11463,P20463,2025-08-17,7.0,10,211136.25
O34413,C11849,P20202,2025-08-13,4.0,0,225398.84
O34414,C11388,P20120,2025-04-23,6.0,0,168978.54
O34415,C10983,P20137,2025-07-04,6.0,0,173071.98
O34416,C11790,P20300,2026-05-27,4.0,15,89199.85
O34417,C10481,P20295,2025-06-22,2.0,0,130530.38
O34418,C11168,P20389,2026-06-07,3.0,10,159405.22
O34419,C10024,P20025,2025-07-24,5.0,5,103571.9
O34420,C10965,P20312,2026-06-22,3.0,5,160249.17
O34421,C11449,P20234,2025-11-15,2.0,0,77270.56
O34422,C10746,P20121,2025-06-08,3.0,10,42970.69
O34423,C10845,P20090,2025-10-05,4.0,0,96035.8
O34424,C11199,P20320,2025-05-28,6.0,20,47774.5
O34425,C11868,P20200,2025-03-24,6.0,0,359192.16
O34426,C10325,P20470,2026-02-23,5.0,0,21190.85
O34427,C11893,P20180,2026-06-22,2.0,0,44179.0
O34428,C11695,P20345,2026-01-27,6.0,15,56216.23
O34429,C11884,P20368,2025-05-13,2.0,0,125714.96
O34430,C11372,P20076,2025-08-30,1.0,5,36988.76
O34431,C10798,P20137,2026-03-27,7.0,0,201917.31
O34432,C10018,P20138,2025-07-19,5.0,0,114225.8
O34433,C10044,P20496,2025-04-27,7.0,10,105578.3
O34434,C10155,P20010,2025-08-07,2.0,0,42377.66
O34435,C10867,P20201,2025-11-01,3.0,10,103258.18
O34436,C10922,P20318,2025-08-31,3.0,10,20369.64
O34437,C11401,P20346,2025-10-19,3.0,15,36082.6
O34438,C10743,P20483,2025-10-28,3.0,0,112848.78
O34439,C11907,P20219,2026-01-23,2.0,5,16345.64
O34440,C11852,P20060,2025-07-28,4.0,15,26560.94
O34441,C11426,P20479,2025-11-10,5.0,10,303798.64
O34442,C10225,P20147,2025-01-26,3.0,0,100685.91
O34443,C10217,P20107,2025-03-20,2.0,5,23363.06
O34444,C11592,P20038,2025-05-08,6.0,15,69952.11
O34445,C10031,P20134,2026-02-17,6.0,5,345991.25
O34446,C11893,P20399,2025-05-17,2.0,15,50724.16
O34447,C11083,P20221,2025-11-30,3.0,5,155603.44
O34448,C11916,P20303,2026-01-23,1.0,0,70341.69
O34449,C10898,P20429,2025-08-18,2.0,0,14268.24
O34450,C11377,P20133,2026-02-25,5.0,0,314720.4
O34451,C10935,P20334,2025-05-04,5.0,0,12310.7
O34452,C10445,P20053,2025-03-29,1.0,15,25799.49
O34453,C11259,P20450,2025-05-21,6.0,10,231136.42
O34454,C11131,P20062,2025-02-20,6.0,10,250389.58
O34455,C11215,P20023,2026-02-09,2.0,10,120667.19
O34456,C10530,P20044,2025-12-03,1.0,5,32703.08
O34457,C11937,P20308,2026-01-01,2.0,0,118357.22
O34458,C10738,P20046,2025-09-15,2.0,15,15016.97
O34459,C11703,P20147,2026-01-23,1.0,5,31883.87
O34460,C11607,P20216,2025-02-14,6.0,5,369439.74
O34461,C10874,P20340,2025-09-26,7.0,20,143064.43
O34462,C10566,P20047,2025-11-07,4.0,5,73624.62
O34463,C11269,P20347,2025-10-05,3.0,15,35445.31
O34464,C11886,P20308,2026-04-20,3.0,15,150905.46
O34465,C10076,P20024,2025-05-25,3.0,0,87813.66
O34466,C10547,P20145,2025-08-23,1.0,0,73279.33
O34467,C10267,P20089,2025-05-16,2.0,20,8114.91
O34468,C10317,P20174,2026-03-21,7.0,5,326667.48
O34469,C11836,P20064,2025-12-19,7.0,0,183126.37
O34470,C11145,P20119,2026-01-29,2.0,5,22548.93
O34471,C11860,P20223,2025-10-02,5.0,10,75542.54
O34472,C10025,P20156,2026-01-19,7.0,10,471331.98
O34473,C11456,P20178,2025-11-19,2.0,15,17443.41
O34474,C10160,P20320,2025-07-02,6.0,15,50760.4
O34475,C10596,P20412,2026-03-16,4.0,15,23767.97
O34476,C11138,P20342,2025-03-04,3.0,0,42919.74
O34477,C11759,P20056,2025-02-03,7.0,10,340294.18
O34478,C10900,P20059,2026-04-22,6.0,0,114249.06
O34479,C10502,P20389,2025-03-28,6.0,0,354233.82
O34480,C11190,P20438,2025-07-29,7.0,15,102162.81
O34481,C11013,P20428,2026-04-07,7.0,5,216707.94
O34482,C10703,P20426,2025-03-22,4.0,15,92112.8
O34483,C11199,P20456,2025-11-18,3.0,0,1365.36
O34484,C10001,P20381,2026-02-19,7.0,15,423369.1
O34485,C11923,P20486,2025-07-09,1.0,0,60565.99
O34486,C10741,P20220,2025-08-21,4.0,0,10288.28
O34487,C11110,P20185,2026-01-27,6.0,5,284325.01
O34488,C11598,P20047,2025-06-18,7.0,5,128843.08
O34489,C10320,P20460,2026-03-19,2.0,5,25288.05
O34490,C11425,P20377,2025-06-17,3.0,15,157296.52
O34491,C10382,P20409,2025-08-19,5.0,10,75333.28
O34492,C11742,P20102,2025-05-30,4.0,0,255464.44
O34493,C11641,P20044,2026-01-21,6.0,0,206545.74
O34494,C11342,P20015,2026-01-16,1.0,5,55241.68
O34495,C11827,P20236,2025-10-02,6.0,5,416114.76
O34496,C11274,P20361,2025-03-03,5.0,10,196725.6
O34497,C11549,P20051,2026-04-12,7.0,0,245903.84
O34498,C11699,P20309,2026-06-12,7.0,10,13204.04
O34499,C11579,P20034,2025-05-30,1.0,0,5014.05
O34500,C10898,P20124,2025-05-22,3.0,10,201594.61
O34501,C11976,P20493,2025-04-26,4.0,10,72374.26
O34502,C11647,P20077,2025-03-06,1.0,0,63659.16
O34503,C10717,P20392,2026-03-05,5.0,15,271111.75
O34504,C11920,P20123,2025-11-06,6.0,10,382494.96
O34505,C11280,P20205,2026-03-06,5.0,10,289375.2
O34506,C10307,P20228,2025-06-10,2.0,5,57582.84
O34507,C11974,P20070,2025-11-02,1.0,15,25922.32
O34508,C11168,P20230,2025-12-27,4.0,10,226825.78
O34509,C11682,P20480,2025-10-05,4.0,5,179519.6
O34510,C10391,P20021,2025-10-23,6.0,0,63133.98
O34511,C11837,P20108,2025-06-18,6.0,0,242636.04
O34512,C11700,P20364,2026-04-04,7.0,0,315629.44
O34513,C11193,P20241,2025-01-07,6.0,20,295654.51
O34514,C10990,P20251,2025-05-12,2.0,5,18261.2
O34515,C10298,P20135,2025-12-13,5.0,15,102201.79
O34516,C10233,P20090,2025-09-10,6.0,0,144053.7
O34517,C11927,P20079,2026-02-14,7.0,5,146075.83
O34518,C10271,P20440,2026-06-27,1.0,20,52006.08
O34519,C11084,P20177,2025-12-21,6.0,0,221071.68
O34520,C11320,P20298,2026-01-03,5.0,10,133426.49
O34521,C11491,P20407,2026-05-26,1.0,15,4631.57
O34522,C11259,P20308,2026-06-17,1.0,15,50301.82
O34523,C10677,P20102,2026-06-12,1.0,15,54286.19
O34524,C10706,P20361,2026-06-12,5.0,15,185796.4
O34525,C10234,P20335,2026-02-06,6.0,10,98288.32
O34526,C11392,P20112,2025-06-24,5.0,0,119606.35
O34527,C11719,P20181,2025-03-19,5.0,10,312056.64
O34528,C10845,P20104,2026-03-16,3.0,20,7033.37
O34529,C11256,P20016,2025-08-20,7.0,5,193520.65
O34530,C11897,P20096,2026-02-04,5.0,0,279173.05
O34531,C10491,P20293,2025-08-01,2.0,10,10535.04
O34532,C11643,P20146,2025-07-12,7.0,10,89861.81
O34533,C10503,P20404,2025-09-24,3.0,0,211066.77
O34534,C10890,P20302,2025-05-06,1.0,10,42303.28
O34535,C11759,P20002,2026-01-17,6.0,10,50596.33
O34536,C10592,P20119,2026-06-28,4.0,10,42724.3
O34537,C10746,P20343,2026-05-17,6.0,0,338218.2
O34538,C11405,P20094,2026-02-07,3.0,0,169371.84
O34539,C11720,P20191,2025-09-18,7.0,10,9730.6
O34540,C10428,P20003,2026-01-22,3.0,10,146255.19
O34541,C10697,P20430,2026-02-16,7.0,0,392498.82
O34542,C10646,P20487,2025-12-12,7.0,0,133769.79
O34543,C10732,P20111,2025-04-04,1.0,0,20584.82
O34544,C10800,P20177,2025-11-24,5.0,5,175015.08
O34545,C10364,P20257,2025-04-10,5.0,20,7011.08
O34546,C10202,P20361,2026-04-06,3.0,10,118035.36
O34547,C10882,P20022,2025-11-11,5.0,15,23409.17
O34548,C10146,P20477,2025-01-25,3.0,5,133085.42
O34549,C10836,P20398,2026-05-09,6.0,5,120193.56
O34550,C10639,P20496,2025-12-19,4.0,0,67033.84
O34551,C11481,P20220,2025-04-27,6.0,10,13889.18
O34552,C10135,P20469,2025-07-18,4.0,5,186351.81
O34553,C10626,P20173,2025-10-06,1.0,10,36747.21
O34554,C11288,P20224,2025-03-20,2.0,5,23058.53
O34555,C10064,P20390,2026-02-28,2.0,0,61123.14
O34556,C10491,P20065,2025-12-20,6.0,0,294827.22
O34557,C11671,P20277,2026-06-10,5.0,15,17309.82
O34558,C10041,P20249,2026-06-25,2.0,0,106018.92
O34559,C11320,P20260,2026-04-22,4.0,0,280824.84
O34560,C11027,P20131,2025-01-10,1.0,15,21961.76
O34561,C10913,P20113,2026-05-18,4.0,10,228309.55
O34562,C11730,P20286,2025-09-17,7.0,0,309370.18
O34563,C10975,P20287,2026-06-08,3.0,0,184794.63
O34564,C11134,P20418,2025-01-06,5.0,0,191662.1
O34565,C11245,P20211,2025-02-04,5.0,10,316953.5
O34566,C11394,P20020,2025-06-24,2.0,10,108796.01
O34567,C10368,P20215,2026-03-18,3.0,0,155332.05
O34568,C11460,P20310,2025-05-27,2.0,15,68340.41
O34569,C10918,P20251,2025-07-12,7.0,0,67278.12
O34570,C11028,P20488,2025-01-13,2.0,0,123667.72
O34571,C10244,P20382,2026-06-14,2.0,20,85477.86
O34572,C10902,P20409,2025-09-03,3.0,0,50222.19
O34573,C10166,P20271,2025-04-24,2.0,15,115926.82
O34574,C11050,P20422,2025-08-21,7.0,10,198767.71
O34575,C11419,P20407,2025-11-18,5.0,0,27244.55
O34576,C11498,P20180,2026-06-22,2.0,5,41970.05
O34577,C11041,P20194,2025-05-06,3.0,5,17350.74
O34578,C10728,P20441,2025-11-09,3.0,15,85375.38
O34579,C11116,P20313,2026-05-26,4.0,5,61642.54
O34580,C10483,P20079,2026-04-29,2.0,5,41735.95
O34581,C10543,P20180,2025-10-08,3.0,0,66268.5
O34582,C11229,P20492,2025-10-10,6.0,10,121237.34
O34583,C11526,P20163,2026-01-27,2.0,0,143210.34
O34584,C10931,P20202,2026-06-07,1.0,0,56349.71
O34585,C10400,P20014,2026-01-17,5.0,20,78134.72
O34586,C11231,P20347,2025-08-04,5.0,0,69500.6
O34587,C10619,P20246,2026-06-26,6.0,0,203595.9
O34588,C11170,P20014,2025-04-26,2.0,10,35160.62
O34589,C10879,P20099,2026-05-24,7.0,15,310651.88
O34590,C10101,P20033,2026-05-15,5.0,0,234384.4
O34591,C10880,P20436,2025-09-28,5.0,0,372364.4
O34592,C10830,P20257,2026-03-16,7.0,0,12269.39
O34593,C11904,P20034,2025-10-18,1.0,0,5014.05
O34594,C11265,P20019,2025-02-08,5.0,10,253446.93
O34595,C11947,P20152,2025-01-24,5.0,10,212621.0
O34596,C10759,P20490,2025-02-12,3.0,10,175510.58
O34597,C10163,P20260,2025-06-19,5.0,5,333479.5
O34598,C11908,P20164,2025-12-06,2.0,15,117153.05
O34599,C11197,P20077,2025-06-18,5.0,5,302381.01
O34600,C10502,P20314,2026-06-22,2.0,15,110632.86
O34601,C10547,P20416,2026-04-17,5.0,5,257754.62
O34602,C11308,P20137,2025-05-23,2.0,10,51921.59
O34603,C11383,P20359,2025-04-11,5.0,5,48053.38
O34604,C10381,P20208,2026-04-20,6.0,5,229999.62
O34605,C10870,P20242,2025-11-07,2.0,15,1416.97
O34606,C10905,P20067,2025-03-01,5.0,0,232031.5
O34607,C11996,P20116,2025-01-29,7.0,10,191250.8
O34608,C11935,P20404,2026-06-15,1.0,10,63320.03
O34609,C11557,P20202,2025-03-14,3.0,10,152144.22
O34610,C11844,P20376,2026-01-29,3.0,10,22272.19
O34611,C11187,P20250,2026-01-29,3.0,5,111890.6
O34612,C11002,P20446,2026-04-26,7.0,0,477804.95
O34613,C10609,P20442,2026-04-18,3.0,15,26871.49
O34614,C10307,P20278,2025-11-09,7.0,5,273871.34
O34615,C11363,P20112,2026-03-14,1.0,10,21529.14
O34616,C10055,P20451,2025-11-20,6.0,0,240009.0
O34617,C10983,P20331,2025-03-28,6.0,0,368065.02
O34618,C10333,P20473,2025-12-25,1.0,0,22557.23
O34619,C10127,P20234,2025-07-16,5.0,10,173858.76
O34620,C11964,P20176,2026-01-20,1.0,0,44601.3
O34621,C10705,P20392,2025-04-28,3.0,0,191373.0
O34622,C10243,P20457,2026-05-13,7.0,0,138424.65
O34623,C11885,P20143,2026-04-07,6.0,0,280215.72
O34624,C10600,P20032,2026-05-11,4.0,0,16038.84
O34625,C11872,P20181,2025-09-04,5.0,0,346729.6
O34626,C11433,P20067,2025-08-22,2.0,10,83531.34
O34627,C10503,P20004,2026-02-21,6.0,5,79963.65
O34628,C11751,P20286,2026-04-12,3.0,5,125957.86
O34629,C10604,P20269,2026-04-27,7.0,20,106625.4
O34630,C10303,P20236,2025-12-31,6.0,5,416114.76
O34631,C11488,P20277,2025-06-02,7.0,15,24233.75
O34632,C10235,P20041,2025-09-29,3.0,0,107433.96
O34633,C11720,P20121,2026-01-27,3.0,5,45357.95
O34634,C11062,P20494,2026-03-06,6.0,5,185655.78
O34635,C10139,P20275,2025-07-08,6.0,5,26080.81
O34636,C10195,P20231,2025-09-09,6.0,10,264153.1
O34637,C11551,P20304,2026-01-30,1.0,0,51073.95
O34638,C11793,P20086,2025-08-07,6.0,10,70966.1
O34639,C10647,P20063,2025-07-09,7.0,5,429601.17
O34640,C10001,P20404,2025-08-22,2.0,0,140711.18
O34641,C10561,P20192,2025-08-20,5.0,10,115286.26
O34642,C11120,P20293,2025-12-24,3.0,10,15802.56
O34643,C10713,P20031,2026-04-23,6.0,0,20146.62
O34644,C10413,P20330,2026-03-05,2.0,0,127865.78
O34645,C10538,P20146,2025-08-25,4.0,15,48496.85
O34646,C11879,P20107,2025-02-02,7.0,20,68859.56
O34647,C10429,P20359,2025-08-01,6.0,0,60699.0
O34648,C10235,P20110,2026-01-14,1.0,15,45922.79
O34649,C10349,P20276,2025-01-02,3.0,5,199059.96
O34650,C11780,P20210,2026-03-26,2.0,15,56838.11
O34651,C11894,P20139,2026-03-03,7.0,10,19489.43
O34652,C11505,P20086,2025-10-06,6.0,15,67023.54
O34653,C11863,P20044,2025-08-02,2.0,10,61963.72
O34654,C10396,P20082,2025-10-12,3.0,0,38943.03
O34655,C11375,P20064,2026-06-27,2.0,0,52321.82
O34656,C10416,P20378,2025-10-01,2.0,5,20293.86
O34657,C11910,P20418,2025-01-11,7.0,0,268326.94
O34658,C10916,P20343,2025-02-16,6.0,5,321307.29
O34659,C11911,P20321,2026-05-30,6.0,20,22143.65
O34660,C11075,P20055,2026-03-14,7.0,0,202309.59
O34661,C10081,P20074,2026-03-03,5.0,5,184737.38
O34662,C10036,P20373,2026-03-08,1.0,5,19216.48
O34663,C11091,P20129,2025-05-10,5.0,10,70598.79
O34664,C10641,P20256,2025-01-22,1.0,0,3815.26
O34665,C10882,P20422,2026-01-24,1.0,0,31550.43
O34666,C11691,P20231,2025-05-15,5.0,15,207898.27
O34667,C10757,P20497,2026-06-16,7.0,15,47661.17
O34668,C10623,P20137,2025-08-08,3.0,10,77882.39
O34669,C11704,P20351,2025-11-29,7.0,10,334590.73
O34670,C11505,P20455,2025-05-10,2.0,5,81370.46
O34671,C10468,P20401,2025-02-01,4.0,10,220194.32
O34672,C11166,P20355,2026-03-01,5.0,5,161135.25
O34673,C10356,P20112,2025-10-25,5.0,0,119606.35
O34674,C10709,P20485,2026-05-19,3.0,5,57390.88
O34675,C11495,P20308,2025-12-23,2.0,0,118357.22
O34676,C11645,P20146,2026-03-31,6.0,5,81303.55
O34677,C11020,P20447,2026-02-05,7.0,0,447501.18
O34678,C11912,P20033,2026-03-31,5.0,10,210945.96
O34679,C11615,P20260,2025-02-03,4.0,5,266783.6
O34680,C10902,P20087,2025-09-05,2.0,10,74133.27
O34681,C10673,P20331,2025-02-11,5.0,5,291384.81
O34682,C10439,P20436,2025-05-03,6.0,15,379811.69
O34683,C10531,P20265,2025-01-27,5.0,0,229150.45
O34684,C10127,P20320,2026-04-07,6.0,10,53746.31
O34685,C10205,P20030,2025-05-27,1.0,10,57564.24
O34686,C10029,P20392,2026-05-11,1.0,20,51032.8
O34687,C10445,P20232,2026-05-01,5.0,5,219665.32
O34688,C10966,P20389,2026-04-05,3.0,0,177116.91
O34689,C11743,P20076,2025-05-08,1.0,0,38935.54
O34690,C10464,P20447,2026-01-11,5.0,0,319643.7
O34691,C11304,P20129,2025-03-24,6.0,5,89425.13
O34692,C10151,P20271,2026-06-19,2.0,15,115926.82
O34693,C10240,P20089,2026-06-07,7.0,0,35502.74
O34694,C10266,P20466,2025-04-13,6.0,0,134666.58
O34695,C11718,P20422,2026-06-03,4.0,0,126201.72
O34696,C11129,P20170,2025-12-28,1.0,0,48136.44
O34697,C11961,P20128,2025-09-13,7.0,15,378366.57
O34698,C11457,P20174,2025-09-04,7.0,15,292281.43
O34699,C10913,P20437,2025-07-11,7.0,0,408768.5
O34700,C10497,P20026,2026-06-19,5.0,0,272174.05
O34701,C11464,P20061,2025-11-10,1.0,15,25225.14
O34702,C11772,P20488,2025-10-03,6.0,0,371003.16
O34703,C10685,P20379,2026-01-08,6.0,10,303064.9
O34704,C10158,P20067,2026-03-20,2.0,15,78890.71
O34705,C10172,P20438,2025-07-14,3.0,5,48935.13
O34706,C10494,P20406,2025-09-15,5.0,0,45954.45
O34707,C10970,P20026,2025-12-26,2.0,0,108869.62
O34708,C11335,P20083,2025-04-18,4.0,15,25310.82
O34709,C11427,P20492,2025-01-24,5.0,0,112256.8
O34710,C11693,P20364,2026-04-10,4.0,5,171341.7
O34711,C11794,P20367,2025-01-22,3.0,10,140000.94
O34712,C10676,P20060,2026-05-17,5.0,15,33201.17
O34713,C10659,P20039,2026-05-16,5.0,5,101255.23
O34714,C10903,P20123,2026-02-11,7.0,0,495826.8
O34715,C10666,P20292,2025-11-26,2.0,10,9132.12
O34716,C11487,P20277,2025-10-13,1.0,0,4072.9
O34717,C10367,P20425,2025-05-27,5.0,0,269152.45
O34718,C10550,P20374,2026-01-19,3.0,15,23533.85
O34719,C10643,P20304,2025-01-11,5.0,0,255369.75
O34720,C11894,P20282,2025-10-03,5.0,0,122636.85
O34721,C10255,P20191,2025-10-30,5.0,0,7722.7
O34722,C10208,P20461,2025-07-23,7.0,5,273660.93
O34723,C10450,P20292,2025-12-11,5.0,10,22830.3
O34724,C10095,P20152,2025-09-23,3.0,10,127572.6
O34725,C11884,P20384,2025-01-22,2.0,10,103248.14
O34726,C10839,P20233,2026-06-20,1.0,10,12080.44
O34727,C10478,P20474,2025-04-06,3.0,10,92594.21
O34728,C10683,P20405,2026-03-21,3.0,0,152648.19
O34729,C10762,P20146,2025-09-20,4.0,5,54202.36
O34730,C10190,P20271,2026-01-18,1.0,10,61373.02
O34731,C10711,P20335,2026-01-27,7.0,0,127410.78
O34732,C11508,P20134,2026-06-24,2.0,0,121400.44
O34733,C11757,P20171,2025-04-02,6.0,5,363846.22
O34734,C11560,P20415,2025-06-08,2.0,5,108483.39
O34735,C10756,P20028,2025-08-16,6.0,5,368949.43
O34736,C11447,P20136,2026-04-18,4.0,10,3440.38
O34737,C10836,P20413,2026-01-07,4.0,5,204203.26
O34738,C11664,P20405,2026-01-11,7.0,15,302752.24
O34739,C11629,P20465,2025-02-06,3.0,5,96501.94
O34740,C11836,P20376,2025-02-06,2.0,5,15673.02
O34741,C10133,P20241,2025-04-11,6.0,0,369568.14
O34742,C10055,P20344,2026-06-27,2.0,0,35857.9
O34743,C10510,P20442,2025-07-09,6.0,15,53742.98
O34744,C10670,P20444,2026-05-27,2.0,0,122524.2
O34745,C11565,P20434,2025-03-31,3.0,0,52981.74
O34746,C10410,P20228,2025-01-06,6.0,5,172748.53
O34747,C11235,P20287,2025-05-19,2.0,0,123196.42
O34748,C11690,P20303,2025-04-05,5.0,5,334123.03
O34749,C11317,P20034,2026-01-21,4.0,0,20056.2
O34750,C10987,P20002,2025-05-03,7.0,5,62308.44
O34751,C10734,P20362,2025-10-12,4.0,10,194209.74
O34752,C11139,P20195,2026-01-01,6.0,10,115499.74
O34753,C11973,P20094,2026-05-05,4.0,5,214537.66
O34754,C11694,P20328,2025-11-21,7.0,10,316258.99
O34755,C10259,P20308,2026-02-11,4.0,10,213043.0
O34756,C11787,P20135,2026-06-03,5.0,10,108213.66
O34757,C11146,P20204,2025-03-18,1.0,0,38732.37
O34758,C10299,P20250,2025-08-22,2.0,0,78519.72
O34759,C11799,P20147,2026-04-29,6.0,0,201371.82
O34760,C11405,P20346,2026-04-09,4.0,0,56600.16
O34761,C10561,P20348,2025-09-28,2.0,0,77221.72
O34762,C11913,P20254,2026-04-12,2.0,0,115020.74
O34763,C11865,P20399,2026-04-14,5.0,15,126810.4
O34764,C11525,P20334,2025-09-27,7.0,5,16373.23
O34765,C10297,P20176,2026-01-13,2.0,0,89202.6
O34766,C10362,P20125,2025-06-26,7.0,10,213794.78
O34767,C10589,P20251,2025-10-01,4.0,10,34600.18
O34768,C11487,P20398,2025-01-27,6.0,5,120193.56
O34769,C11462,P20131,2025-03-01,2.0,5,49091.0
O34770,C10127,P20050,2025-08-05,5.0,0,367971.3
O34771,C10197,P20093,2025-09-27,6.0,10,42912.83
O34772,C10221,P20380,2025-04-26,6.0,5,22111.27
O34773,C10995,P20310,2025-09-02,6.0,5,229141.37
O34774,C10091,P20390,2025-03-26,4.0,5,116133.97
O34775,C10411,P20433,2026-03-26,5.0,10,62819.91
O34776,C10008,P20407,2026-06-20,3.0,10,14712.06
O34777,C10544,P20220,2025-03-30,1.0,5,2443.47
O34778,C10468,P20334,2026-05-22,2.0,0,4924.28
O34779,C10320,P20334,2026-02-12,2.0,10,4431.85
O34780,C11418,P20020,2025-09-28,2.0,15,102751.79
O34781,C10269,P20205,2026-06-08,7.0,10,405125.28
O34782,C11215,P20091,2026-05-09,3.0,20,40218.82
O34783,C11885,P20444,2026-03-24,6.0,0,367572.6
O34784,C11699,P20355,2026-06-27,6.0,0,203539.26
O34785,C10061,P20173,2025-12-16,7.0,5,271521.03
O34786,C11462,P20189,2025-11-24,1.0,0,43418.04
O34787,C11288,P20312,2025-10-13,5.0,0,281138.9
O34788,C10797,P20002,2025-02-04,3.0,5,26703.62
O34789,C11119,P20361,2026-06-17,3.0,0,131150.4
O34790,C10553,P20429,2026-05-03,4.0,0,28536.48
O34791,C10926,P20168,2026-05-02,6.0,20,87141.07
O34792,C11494,P20368,2025-05-25,3.0,0,188572.44
O34793,C10661,P20024,2026-06-08,3.0,0,87813.66
O34794,C10716,P20413,2025-05-26,2.0,0,107475.4
O34795,C10779,P20451,2026-05-18,7.0,15,238008.92
O34796,C11538,P20365,2026-06-11,6.0,10,223620.7
O34797,C11714,P20068,2025-09-29,4.0,0,265580.6
O34798,C11961,P20370,2026-06-18,5.0,0,333546.05
O34799,C10194,P20194,2025-04-05,1.0,10,5479.18
O34800,C10482,P20084,2026-03-23,5.0,0,158047.35
O34801,C11923,P20438,2026-02-19,4.0,20,54944.7
O34802,C11360,P20437,2025-09-14,2.0,5,110951.45
O34803,C11459,P20207,2025-09-19,1.0,0,27171.07
O34804,C11220,P20049,2025-03-28,5.0,15,121278.64
O34805,C10855,P20032,2026-03-12,6.0,0,24058.26
O34806,C11273,P20317,2025-04-18,6.0,0,397388.22
O34807,C10498,P20170,2025-01-19,1.0,0,48136.44
O34808,C10212,P20129,2025-12-31,1.0,10,14119.76
O34809,C10665,P20447,2026-01-14,1.0,0,63928.74
O34810,C10670,P20102,2025-06-09,3.0,5,182018.41
O34811,C11490,P20035,2025-04-10,4.0,0,98193.2
O34812,C11898,P20307,2025-09-22,6.0,15,360545.26
O34813,C11675,P20199,2025-02-18,6.0,0,60540.48
O34814,C10221,P20301,2026-02-19,4.0,0,238501.68
O34815,C10273,P20077,2025-02-28,2.0,10,114586.49
O34816,C11178,P20369,2025-07-02,6.0,10,131907.58
O34817,C11273,P20321,2026-03-23,5.0,15,19606.36
O34818,C10279,P20014,2025-10-28,2.0,0,39067.36
O34819,C11464,P20349,2025-12-20,7.0,15,377267.96
O34820,C11972,P20131,2025-08-01,7.0,5,171818.51
O34821,C10816,P20238,2025-07-08,5.0,0,5064.45
O34822,C10276,P20280,2025-12-13,1.0,15,16936.46
O34823,C11005,P20065,2025-05-17,6.0,5,280085.86
O34824,C10514,P20432,2025-01-30,5.0,10,217993.64
O34825,C11112,P20138,2025-05-26,5.0,15,97091.93
O34826,C11823,P20269,2026-04-13,1.0,10,17136.23
O34827,C10923,P20228,2026-05-18,7.0,0,212147.32
O34828,C10642,P20201,2025-07-10,2.0,15,65014.41
O34829,C10505,P20142,2026-04-16,5.0,0,238506.85
O34830,C10590,P20100,2025-12-11,6.0,5,6202.57
O34831,C10772,P20138,2025-01-01,2.0,0,45690.32
O34832,C11265,P20168,2025-04-20,2.0,0,36308.78
O34833,C11677,P20407,2025-03-05,4.0,10,19616.08
O34834,C10740,P20099,2025-02-22,7.0,5,347199.16
O34835,C10675,P20311,2025-09-19,6.0,10,279281.95
O34836,C11260,P20319,2026-06-13,6.0,15,22752.63
O34837,C11014,P20327,2025-10-29,1.0,0,7064.79
O34838,C10128,P20426,2025-08-22,1.0,10,24382.8
O34839,C10503,P20355,2025-03-14,3.0,10,91592.67
O34840,C11224,P20066,2025-12-23,6.0,10,142883.14
O34841,C11986,P20335,2026-04-29,7.0,5,121040.24
O34842,C10902,P20329,2025-01-06,2.0,5,19493.07
O34843,C10543,P20047,2025-05-17,3.0,5,55218.46
O34844,C11526,P20337,2026-02-08,6.0,5,144708.81
O34845,C11674,P20382,2025-07-25,1.0,0,53423.66
O34846,C10492,P20231,2026-02-14,7.0,10,308178.61
O34847,C11045,P20308,2025-02-05,1.0,0,59178.61
O34848,C11258,P20146,2025-08-18,6.0,20,68466.14
O34849,C10714,P20207,2025-08-15,3.0,10,73361.89
O34850,C10791,P20146,2025-09-19,1.0,0,14263.78
O34851,C11667,P20152,2025-05-11,1.0,0,47249.11
O34852,C10416,P20279,2026-03-24,4.0,10,240537.38
O34853,C10148,P20140,2025-07-05,5.0,10,171228.51
O34854,C10970,P20151,2025-07-05,6.0,20,155134.7
O34855,C10029,P20021,2025-10-01,4.0,0,42089.32
O34856,C11385,P20254,2025-12-18,7.0,0,402572.59
O34857,C10308,P20064,2026-02-17,5.0,15,111183.87
O34858,C11907,P20218,2025-05-31,6.0,0,193117.92
O34859,C11966,P20072,2026-01-19,4.0,10,234652.36
O34860,C10162,P20478,2025-02-05,4.0,0,91377.84
O34861,C10869,P20162,2025-11-22,6.0,10,83702.97
O34862,C10852,P20130,2026-04-10,2.0,0,142843.1
O34863,C10061,P20069,2026-04-11,3.0,10,47472.53
O34864,C10125,P20415,2025-04-05,6.0,5,325450.16
O34865,C11480,P20225,2025-05-14,4.0,20,15829.5
O34866,C11095,P20246,2025-06-11,2.0,0,67865.3
O34867,C10838,P20068,2025-10-27,4.0,0,265580.6
O34868,C11931,P20454,2025-12-22,3.0,0,97534.26
O34869,C11900,P20471,2025-08-28,7.0,15,200092.13
O34870,C10466,P20493,2025-06-16,2.0,10,36187.13
O34871,C10243,P20403,2025-05-20,6.0,5,133563.88
O34872,C11514,P20384,2025-05-19,5.0,0,286800.4
O34873,C11785,P20107,2025-08-23,7.0,5,81770.73
O34874,C11245,P20109,2025-01-03,3.0,5,41721.35
O34875,C10473,P20328,2025-09-13,1.0,0,50199.84
O34876,C10959,P20103,2026-01-06,6.0,10,141132.56
O34877,C10533,P20141,2025-10-05,6.0,0,182438.64
O34878,C10494,P20065,2026-05-31,6.0,10,265344.5
O34879,C10899,P20134,2025-07-31,2.0,15,103190.37
O34880,C10082,P20199,2025-08-04,1.0,15,8576.57
O34881,C10856,P20368,2025-09-27,7.0,10,396002.12
O34882,C10879,P20155,2026-04-21,7.0,0,485084.32
O34883,C11546,P20079,2026-06-12,2.0,10,39539.32
O34884,C10923,P20436,2025-03-05,5.0,0,372364.4
O34885,C10012,P20382,2026-04-05,2.0,0,106847.32
O34886,C11287,P20482,2025-01-16,6.0,10,17253.76
O34887,C11681,P20250,2025-01-19,4.0,15,133483.52
O34888,C10449,P20377,2025-11-21,1.0,0,61684.91
O34889,C11216,P20087,2025-04-03,1.0,0,41185.15
O34890,C10762,P20304,2025-01-17,7.0,10,321765.88
O34891,C11138,P20241,2026-05-03,7.0,0,431162.83
O34892,C10026,P20088,2025-04-04,2.0,10,22672.03
O34893,C11807,P20463,2025-01-10,4.0,0,134054.76
O34894,C11523,P20483,2026-06-12,4.0,0,150465.04
O34895,C10508,P20324,2026-05-04,2.0,5,39127.31
O34896,C11569,P20172,2025-05-24,3.0,15,141889.47
O34897,C10062,P20357,2026-05-30,5.0,10,223206.8
O34898,C10229,P20017,2026-04-15,2.0,15,64854.03
O34899,C11839,P20223,2026-01-12,6.0,0,100723.38
O34900,C10607,P20294,2026-05-09,4.0,15,30319.84
O34901,C11059,P20394,2026-04-29,5.0,5,177433.35
O34902,C11729,P20310,2026-03-28,2.0,15,68340.41
O34903,C11480,P20498,2026-06-20,5.0,5,209010.12
O34904,C11612,P20219,2025-03-16,3.0,0,25808.91
O34905,C10891,P20234,2025-02-09,4.0,0,154541.12
O34906,C11526,P20390,2025-10-29,3.0,10,82516.24
O34907,C10761,P20248,2025-03-03,7.0,0,186100.6
O34908,C10595,P20390,2026-05-18,3.0,15,77932.0
O34909,C11049,P20052,2025-09-02,4.0,0,237830.36
O34910,C11593,P20015,2025-01-18,7.0,0,407043.98
O34911,C11056,P20324,2026-02-02,6.0,0,123559.92
O34912,C11855,P20441,2025-07-08,3.0,0,100441.62
O34913,C11036,P20112,2025-04-14,2.0,10,43058.29
O34914,C11343,P20184,2025-12-10,2.0,10,50203.35
O34915,C11869,P20360,2026-01-06,5.0,15,84607.43
O34916,C11628,P20007,2025-02-02,2.0,0,4299.88
O34917,C10001,P20051,2026-01-09,2.0,15,59719.5
O34918,C11459,P20314,2025-06-27,7.0,0,455547.05
O34919,C11862,P20241,2025-01-12,7.0,15,366488.41
O34920,C11160,P20245,2026-04-01,5.0,0,21101.9
O34921,C11220,P20448,2025-09-06,1.0,10,3804.58
O34922,C10133,P20365,2026-03-24,4.0,10,149080.46
O34923,C10086,P20367,2025-01-04,2.0,5,98519.18
O34924,C11500,P20410,2025-08-24,5.0,0,96363.3
O34925,C11831,P20186,2025-06-22,3.0,10,24657.51
O34926,C11815,P20287,2025-11-18,3.0,0,184794.63
O34927,C11348,P20450,2026-01-06,7.0,5,284640.22
O34928,C11204,P20092,2025-10-23,6.0,10,209483.82
O34929,C10516,P20106,2026-02-04,2.0,10,108382.07
O34930,C11662,P20013,2025-02-27,4.0,20,195334.82
O34931,C10175,P20146,2026-06-14,5.0,0,71318.9
O34932,C10763,P20478,2026-02-12,7.0,0,159911.22
O34933,C11045,P20119,2026-05-28,6.0,0,71207.16
O34934,C10997,P20203,2025-03-05,6.0,10,126956.38
O34935,C11976,P20141,2026-02-24,5.0,15,129227.37
O34936,C11129,P20115,2025-05-26,7.0,20,281851.7
O34937,C10578,P20152,2025-09-29,7.0,15,281132.2
O34938,C11467,P20057,2025-01-17,5.0,15,175098.26
O34939,C11799,P20382,2025-04-08,5.0,20,213694.64
O34940,C10049,P20157,2026-03-28,5.0,5,12939.47
O34941,C10528,P20440,2025-08-31,4.0,15,221025.84
O34942,C10145,P20310,2026-04-24,5.0,10,180901.08
O34943,C11364,P20133,2025-07-20,7.0,0,440608.56
O34944,C10762,P20163,2026-04-18,4.0,0,286420.68
O34945,C11879,P20275,2025-06-28,4.0,0,18302.32
O34946,C11378,P20183,2026-05-23,4.0,10,78863.47
O34947,C11099,P20077,2026-03-29,3.0,10,171879.73
O34948,C11826,P20325,2025-09-27,1.0,0,8050.6
O34949,C10929,P20044,2025-08-22,6.0,10,185891.17
O34950,C10794,P20206,2026-05-01,2.0,0,70351.58
O34951,C11602,P20038,2025-12-04,3.0,15,34976.06
O34952,C11661,P20318,2026-03-24,7.0,10,47529.15
O34953,C10319,P20022,2025-12-23,1.0,20,4406.43
O34954,C11111,P20073,2025-02-18,6.0,0,254871.6
O34955,C11577,P20241,2026-05-11,3.0,15,157066.46
O34956,C10698,P20424,2025-12-12,6.0,0,137731.44
O34957,C11890,P20154,2025-10-20,4.0,5,179253.03
O34958,C11916,P20237,2025-05-30,4.0,5,58311.19
O34959,C10847,P20381,2026-06-29,5.0,10,320195.12
O34960,C11802,P20005,2025-09-17,7.0,20,139050.24
O34961,C10783,P20221,2025-11-18,4.0,10,196551.72
O34962,C10042,P20310,2025-03-18,3.0,15,102510.61
O34963,C11117,P20086,2025-04-20,6.0,0,78851.22
O34964,C11721,P20177,2026-02-27,2.0,5,70006.03
O34965,C11751,P20259,2026-01-29,7.0,5,207854.46
O34966,C11531,P20220,2025-08-23,6.0,0,15432.42
O34967,C10529,P20038,2025-11-26,4.0,20,43891.52
O34968,C11980,P20142,2025-11-21,6.0,10,257587.4
O34969,C11289,P20431,2025-05-31,1.0,5,1178.9
O34970,C11650,P20398,2026-06-30,6.0,10,113867.59
O34971,C10292,P20235,2025-02-01,3.0,5,153156.04
O34972,C10969,P20203,2025-09-29,1.0,0,23510.44
O34973,C11488,P20329,2026-01-03,7.0,5,68225.74
O34974,C11828,P20294,2026-05-07,5.0,10,40129.2
O34975,C11584,P20448,2025-11-12,5.0,20,16909.24
O34976,C11843,P20495,2026-01-03,6.0,0,449574.0
O34977,C10097,P20172,2025-03-21,2.0,5,105721.57
O34978,C11911,P20125,2025-06-21,3.0,0,101807.04
O34979,C11119,P20326,2025-09-15,2.0,0,44736.06
O34980,C11350,P20065,2025-10-06,1.0,10,44224.08
O34981,C10074,P20281,2026-05-19,2.0,0,71153.92
O34982,C11360,P20272,2026-05-06,7.0,10,371408.18
O34983,C11092,P20244,2025-12-03,1.0,5,23648.85
O34984,C10758,P20015,2026-06-05,7.0,0,407043.98
O34985,C11942,P20226,2025-11-22,2.0,5,117336.23
O34986,C11101,P20465,2025-06-21,5.0,0,169301.65
O34987,C10208,P20131,2025-03-25,3.0,15,65885.29
O34988,C11908,P20195,2026-06-08,2.0,0,42777.68
O34989,C11790,P20293,2026-04-26,6.0,0,35116.8
O34990,C11245,P20209,2026-06-28,7.0,10,339488.1
O34991,C11286,P20439,2026-02-22,1.0,20,10759.24
O34992,C10410,P20381,2025-12-05,7.0,15,423369.1
O34993,C10331,P20113,2025-11-16,6.0,0,380515.92
O34994,C10344,P20244,2025-10-31,3.0,0,74680.59
O34995,C10989,P20166,2025-09-29,6.0,10,138290.38
O34996,C10771,P20191,2025-04-24,5.0,15,6564.3
O34997,C11844,P20257,2026-02-11,7.0,5,11655.92
O34998,C10074,P20327,2025-01-26,5.0,5,33557.75
O34999,C11661,P20218,2025-08-25,4.0,0,128745.28
O35000,C11724,P20495,2025-11-06,3.0,0,224787.0
O35001,C10254,P20359,2025-08-21,2.0,10,18209.7
O35002,C10959,P20275,2025-09-22,5.0,0,22877.9
O35003,C11857,P20052,2025-01-13,2.0,0,118915.18
O35004,C10820,P20374,2026-05-11,7.0,0,64602.72
O35005,C11771,P20158,2025-11-12,2.0,5,34007.04
O35006,C10986,P20363,2026-01-19,7.0,0,67160.17
O35007,C11786,P20055,2025-11-12,1.0,5,27456.3
O35008,C10332,P20014,2025-09-13,6.0,15,99621.77
O35009,C11422,P20269,2026-03-17,2.0,0,38080.5
O35010,C11369,P20340,2025-04-25,7.0,10,160947.49
O35011,C11608,P20090,2025-10-26,4.0,15,81630.43
O35012,C10747,P20027,2025-05-04,3.0,0,188340.75
O35013,C10836,P20089,2025-09-13,3.0,0,15215.46
O35014,C11692,P20393,2025-02-16,1.0,0,28752.51
O35015,C10455,P20041,2026-04-08,4.0,10,128920.75
O35016,C11930,P20304,2025-12-16,6.0,10,275799.33
O35017,C11139,P20268,2025-05-03,4.0,0,296022.24
O35018,C10313,P20138,2025-01-31,7.0,15,135928.7
O35019,C11018,P20006,2025-02-24,3.0,10,99075.8
O35020,C10228,P20242,2025-06-02,4.0,0,3334.04
O35021,C10834,P20162,2026-04-01,6.0,10,83702.97
O35022,C10858,P20180,2025-10-13,5.0,0,110447.5
O35023,C11269,P20297,2025-02-05,2.0,10,96394.16
O35024,C10818,P20467,2025-09-13,7.0,0,488213.81
O35025,C11550,P20006,2025-06-27,2.0,10,66050.53
O35026,C11018,P20386,2025-09-11,3.0,0,175555.74
O35027,C10528,P20271,2026-05-23,3.0,10,184119.08
O35028,C10950,P20401,2025-01-21,6.0,0,366990.54
O35029,C10427,P20272,2025-03-16,4.0,10,212233.25
O35030,C10042,P20156,2026-04-05,6.0,0,448887.6
O35031,C10465,P20085,2025-06-27,1.0,0,8763.48
O35032,C11646,P20200,2026-01-17,3.0,0,179596.08
O35033,C10278,P20010,2025-02-06,7.0,0,148321.81
O35034,C10836,P20138,2025-04-30,7.0,10,143924.51
O35035,C10019,P20242,2025-01-01,3.0,20,2000.42
O35036,C10066,P20394,2025-11-07,3.0,10,100856.85
O35037,C10167,P20201,2025-07-27,6.0,15,195043.23
O35038,C11609,P20156,2025-06-03,7.0,0,523702.2
O35039,C11020,P20408,2025-11-11,6.0,0,218527.02
O35040,C10403,P20275,2025-11-03,4.0,10,16472.09
O35041,C11936,P20225,2026-05-19,5.0,20,19786.88
O35042,C11846,P20068,2026-06-04,3.0,10,179266.9
O35043,C10409,P20184,2025-04-07,5.0,5,132481.06
O35044,C10112,P20195,2026-05-05,6.0,0,128333.04
O35045,C11298,P20042,2025-01-07,4.0,0,235160.48
O35046,C11431,P20396,2025-01-12,6.0,5,211237.84
O35047,C11397,P20402,2026-05-29,1.0,10,28331.24
O35048,C10597,P20151,2025-12-15,7.0,0,226238.11
O35049,C10651,P20084,2025-01-07,2.0,15,53736.1
O35050,C11063,P20134,2026-05-15,2.0,15,103190.37
O35051,C10105,P20309,2026-04-20,6.0,15,10688.99
O35052,C10324,P20354,2026-06-08,2.0,15,31514.29
O35053,C11817,P20298,2025-02-26,2.0,0,59300.66
O35054,C11983,P20450,2025-08-21,4.0,20,136969.73
O35055,C10992,P20030,2025-01-30,2.0,5,121524.51
O35056,C11438,P20009,2026-01-02,4.0,15,104615.79
O35057,C10429,P20475,2025-02-25,1.0,0,12517.47
O35058,C10635,P20170,2025-01-10,3.0,5,137188.85
O35059,C10730,P20290,2025-05-27,3.0,0,164493.39
O35060,C10889,P20168,2025-12-30,3.0,0,54463.17
O35061,C11085,P20344,2025-09-10,7.0,15,106677.25
O35062,C11636,P20497,2025-09-10,4.0,15,27234.95
O35063,C11331,P20145,2026-03-19,4.0,5,278461.45
O35064,C11378,P20413,2025-12-06,4.0,5,204203.26
O35065,C10393,P20228,2026-05-31,1.0,10,27276.08
O35066,C10204,P20306,2025-12-19,5.0,0,229408.2
O35067,C10258,P20076,2025-11-19,4.0,10,140167.94
O35068,C10486,P20223,2025-05-20,4.0,5,63791.47
O35069,C11541,P20177,2026-03-21,3.0,10,99482.26
O35070,C10446,P20457,2025-04-05,6.0,20,94919.76
O35071,C11733,P20189,2026-02-24,7.0,5,288729.97
O35072,C11204,P20467,2026-05-29,2.0,5,132515.18
O35073,C11024,P20302,2025-05-30,2.0,15,79906.19
O35074,C10342,P20046,2025-12-17,1.0,15,7508.48
O35075,C10133,P20382,2025-04-26,2.0,20,85477.86
O35076,C10443,P20017,2025-08-25,5.0,10,171672.44
O35077,C11860,P20066,2025-09-27,3.0,0,79379.52
O35078,C10253,P20360,2025-10-18,1.0,0,19907.63
O35079,C10265,P20261,2026-03-10,2.0,0,68884.72
O35080,C10093,P20123,2025-01-09,2.0,10,127498.32
O35081,C11686,P20231,2026-04-20,6.0,0,293503.44
O35082,C11435,P20438,2026-06-06,3.0,10,46359.59
O35083,C10138,P20125,2026-06-21,1.0,15,28845.33
O35084,C11232,P20112,2025-01-11,3.0,20,57411.05
O35085,C11002,P20272,2025-11-23,1.0,0,58953.68
O35086,C11661,P20081,2025-10-03,7.0,0,140777.56
O35087,C11770,P20246,2026-01-05,7.0,15,201899.27
O35088,C11597,P20347,2026-05-05,2.0,5,26410.23
O35089,C10307,P20391,2025-12-11,3.0,15,1280.86
O35090,C10266,P20500,2026-01-03,3.0,15,100616.52
O35091,C10646,P20392,2025-11-07,5.0,5,303007.25
O35092,C10318,P20328,2026-04-30,7.0,5,333828.94
O35093,C11137,P20215,2025-01-15,6.0,5,295130.89
O35094,C10901,P20352,2025-01-04,3.0,10,132785.14
O35095,C11402,P20235,2026-01-11,1.0,5,51052.01
O35096,C10454,P20367,2026-01-04,5.0,10,233334.9
O35097,C10191,P20082,2026-04-10,3.0,15,33101.58
O35098,C11915,P20294,2026-06-17,3.0,0,26752.8
O35099,C11464,P20310,2025-05-17,5.0,20,160800.96
O35100,C11211,P20076,2025-12-29,2.0,10,70083.97
O35101,C10831,P20015,2025-08-04,3.0,15,148280.31
O35102,C11391,P20220,2026-01-03,4.0,0,10288.28
O35103,C11113,P20230,2025-04-27,6.0,0,378042.96
O35104,C10187,P20434,2025-06-28,2.0,0,35321.16
O35105,C10819,P20440,2025-09-03,3.0,0,195022.8
O35106,C11970,P20479,2025-05-08,2.0,0,135021.62
O35107,C11021,P20372,2025-12-24,1.0,15,11241.15
O35108,C10132,P20265,2025-03-19,2.0,5,87077.17
O35109,C10872,P20264,2025-10-20,5.0,20,34646.04
O35110,C10635,P20110,2025-03-23,3.0,10,145872.39
O35111,C11584,P20403,2025-12-08,2.0,0,46864.52
O35112,C11824,P20307,2025-12-04,4.0,5,268641.57
O35113,C11400,P20200,2025-04-06,1.0,20,47892.29
O35114,C10691,P20226,2025-05-25,1.0,10,55580.32
O35115,C10692,P20185,2026-06-05,7.0,0,349171.06
O35116,C11123,P20452,2026-02-01,2.0,15,58666.74
O35117,C11866,P20031,2025-12-23,5.0,0,16788.85
O35118,C11058,P20102,2025-07-05,1.0,10,57479.5
O35119,C11956,P20259,2026-06-27,7.0,5,207854.46
O35120,C10582,P20099,2025-05-31,2.0,0,104420.8
O35121,C10171,P20339,2025-11-15,2.0,0,119618.74
O35122,C11390,P20299,2025-02-28,1.0,15,16681.85
O35123,C10784,P20285,2025-01-10,2.0,15,90546.1
O35124,C11083,P20266,2025-05-04,2.0,5,81247.55
O35125,C10181,P20140,2025-12-22,6.0,0,228304.68
O35126,C10019,P20302,2025-12-12,4.0,0,188014.56
O35127,C11250,P20286,2025-08-25,2.0,0,88391.48
O35128,C11497,P20350,2025-11-29,6.0,5,35605.05
O35129,C11119,P20466,2025-01-17,6.0,0,134666.58
O35130,C10881,P20216,2026-02-28,2.0,0,129627.98
O35131,C11321,P20032,2025-11-20,5.0,5,19046.12
O35132,C11617,P20457,2025-01-23,1.0,10,17797.46
O35133,C10175,P20303,2026-04-04,6.0,15,358742.62
O35134,C11246,P20088,2026-04-05,6.0,10,68016.08
O35135,C11639,P20063,2026-06-05,7.0,10,406990.58
O35136,C10054,P20410,2026-02-25,5.0,5,91545.14
O35137,C10695,P20387,2026-02-07,3.0,5,112091.95
O35138,C10863,P20279,2025-11-27,5.0,10,300671.73
O35139,C11427,P20459,2026-04-02,7.0,10,341772.1
O35140,C11342,P20074,2026-04-28,3.0,5,110842.43
O35141,C11891,P20306,2026-05-13,3.0,5,130762.67
O35142,C10349,P20420,2025-01-27,5.0,15,276280.43
O35143,C10443,P20124,2026-02-01,4.0,10,268792.81
O35144,C10833,P20269,2025-07-07,5.0,10,85681.12
O35145,C10580,P20382,2025-05-20,6.0,10,288487.76
O35146,C11564,P20285,2026-06-05,1.0,0,53262.41
O35147,C11810,P20422,2025-04-02,5.0,5,149864.54
O35148,C10282,P20461,2025-03-18,4.0,20,131686.46
O35149,C10360,P20121,2025-09-01,5.0,5,75596.58
O35150,C10915,P20346,2025-03-29,4.0,0,56600.16
O35151,C10823,P20212,2025-10-21,1.0,10,20099.21
O35152,C11655,P20389,2025-04-05,2.0,0,118077.94
O35153,C10892,P20148,2025-09-10,4.0,10,132344.57
O35154,C10953,P20078,2026-02-03,4.0,0,205930.16
O35155,C11670,P20365,2025-02-23,6.0,10,223620.7
O35156,C10641,P20014,2025-08-31,4.0,10,70321.25
O35157,C11032,P20136,2025-04-20,1.0,5,907.88
O35158,C10563,P20304,2025-08-09,3.0,5,145560.76
O35159,C10491,P20397,2025-06-11,4.0,0,295962.44
O35160,C10341,P20280,2025-02-04,7.0,0,139476.75
O35161,C10472,P20079,2025-02-06,1.0,5,20867.98
O35162,C11817,P20243,2026-01-05,6.0,0,206506.68
O35163,C11711,P20193,2025-06-26,7.0,10,376335.67
O35164,C11719,P20470,2026-06-05,6.0,10,22886.12
O35165,C11728,P20418,2025-10-02,2.0,0,76664.84
O35166,C10249,P20242,2025-04-15,4.0,0,3334.04
O35167,C10235,P20051,2025-06-05,3.0,0,105387.36
O35168,C11107,P20232,2025-12-02,1.0,10,41620.8
O35169,C11117,P20259,2025-01-26,2.0,0,62512.62
O35170,C11909,P20384,2025-10-23,3.0,0,172080.24
O35171,C11418,P20375,2026-06-21,2.0,5,33259.21
O35172,C10824,P20218,2025-12-21,3.0,20,77247.17
O35173,C11292,P20206,2025-03-10,5.0,10,158291.06
O35174,C11441,P20314,2025-11-23,5.0,15,276582.14
O35175,C10632,P20489,2025-05-31,5.0,0,33347.75
O35176,C11607,P20381,2025-11-16,2.0,0,142308.94
O35177,C10529,P20456,2026-03-28,5.0,0,2275.6
O35178,C11277,P20369,2025-04-22,1.0,20,19541.86
O35179,C11981,P20311,2026-04-07,1.0,0,51718.88
O35180,C10122,P20375,2025-12-28,5.0,5,83148.04
O35181,C10892,P20120,2025-07-22,3.0,5,80264.81
O35182,C10010,P20080,2026-05-02,3.0,10,41443.25
O35183,C11823,P20042,2026-04-25,2.0,0,117580.24
O35184,C11340,P20021,2025-01-04,3.0,5,29988.64
O35185,C10838,P20010,2025-05-09,7.0,20,118657.45
O35186,C11297,P20313,2025-01-26,7.0,5,107874.44
O35187,C11330,P20153,2025-01-27,7.0,10,103144.36
O35188,C11829,P20312,2025-02-11,4.0,5,213665.56
O35189,C11234,P20294,2025-03-05,3.0,15,22739.88
O35190,C11982,P20086,2025-01-25,1.0,0,13141.87
O35191,C11754,P20113,2025-03-13,6.0,0,380515.92
O35192,C10753,P20189,2026-04-27,3.0,10,117228.71
O35193,C10886,P20112,2025-09-25,7.0,5,159076.45
O35194,C10464,P20175,2025-04-05,2.0,15,35303.83
O35195,C10712,P20310,2026-01-30,3.0,10,108540.65
O35196,C10728,P20302,2025-12-30,7.0,10,296122.93
O35197,C10717,P20452,2025-11-11,2.0,0,69019.7
O35198,C11949,P20004,2025-04-27,4.0,10,50503.36
O35199,C11440,P20222,2025-06-13,5.0,10,295149.69
O35200,C11240,P20450,2025-11-02,4.0,10,154090.94
O35201,C10080,P20221,2025-07-19,1.0,0,54597.7
O35202,C11803,P20171,2025-06-29,6.0,15,325546.62
O35203,C10480,P20318,2025-12-24,4.0,0,30177.24
O35204,C10902,P20484,2025-09-09,4.0,0,229715.16
O35205,C10891,P20213,2025-10-26,1.0,20,28653.7
O35206,C11571,P20253,2026-03-06,1.0,10,43022.28
O35207,C11825,P20124,2025-01-04,5.0,5,354657.18
O35208,C10018,P20128,2025-09-11,5.0,15,270261.83
O35209,C11189,P20213,2025-04-06,3.0,0,107451.39
O35210,C11549,P20112,2025-06-16,2.0,0,47842.54
O35211,C10202,P20085,2025-11-27,1.0,10,7887.13
O35212,C10741,P20004,2025-03-03,4.0,0,56114.84
O35213,C11370,P20065,2025-06-23,4.0,15,167068.76
O35214,C11390,P20318,2025-09-10,5.0,15,32063.32
O35215,C11472,P20346,2026-04-06,2.0,0,28300.08
O35216,C11537,P20120,2025-08-03,7.0,15,167570.39
O35217,C10319,P20243,2025-08-27,1.0,0,34417.78
O35218,C10217,P20386,2026-02-19,5.0,5,277963.26
O35219,C11058,P20137,2025-05-06,7.0,15,171629.71
O35220,C11895,P20247,2025-09-10,2.0,15,32860.54
O35221,C10266,P20441,2025-07-16,1.0,5,31806.51
O35222,C11664,P20045,2026-02-17,4.0,0,253885.4
O35223,C10724,P20146,2026-04-01,4.0,0,57055.12
O35224,C10775,P20368,2025-02-23,5.0,5,298573.03
O35225,C11848,P20176,2025-12-05,2.0,10,80282.34
O35226,C11104,P20042,2025-12-25,4.0,0,235160.48
O35227,C11701,P20297,2025-05-31,7.0,5,356122.86
O35228,C10413,P20459,2025-04-10,2.0,15,92224.22
O35229,C11276,P20089,2025-08-22,5.0,5,24091.14
O35230,C11036,P20218,2026-06-28,7.0,0,225304.24
O35231,C10401,P20442,2025-03-03,7.0,20,59011.9
O35232,C11840,P20228,2025-07-15,3.0,0,90920.28
O35233,C10724,P20298,2026-06-26,2.0,10,53370.59
O35234,C10282,P20291,2025-04-16,6.0,0,162145.68
O35235,C11136,P20422,2025-10-22,2.0,5,59945.82
O35236,C10723,P20067,2026-03-27,5.0,5,220429.92
O35237,C11402,P20251,2026-06-18,6.0,5,54783.61
O35238,C10751,P20041,2025-06-05,3.0,5,102062.26
O35239,C10268,P20099,2026-02-10,4.0,0,208841.6
O35240,C11941,P20306,2026-01-10,1.0,5,43587.56
O35241,C10298,P20360,2026-03-31,5.0,5,94561.24
O35242,C11341,P20342,2025-07-21,1.0,0,14306.58
O35243,C10570,P20456,2026-03-28,3.0,20,1092.29
O35244,C10509,P20079,2025-07-06,6.0,15,112028.08
O35245,C11974,P20301,2026-01-03,3.0,15,152044.82
O35246,C10546,P20199,2025-12-06,2.0,10,18162.14
O35247,C10775,P20147,2025-09-19,1.0,0,33561.97
O35248,C10365,P20488,2026-06-27,1.0,10,55650.47
O35249,C10547,P20106,2025-11-02,3.0,15,153541.26
O35250,C10271,P20401,2025-06-14,6.0,0,366990.54
O35251,C11985,P20193,2025-03-29,1.0,5,56749.03
O35252,C11498,P20493,2025-07-19,7.0,5,133691.33
O35253,C10739,P20477,2025-09-28,4.0,0,186786.56
O35254,C10537,P20122,2025-02-20,3.0,5,148986.26
O35255,C11258,P20077,2026-05-04,2.0,20,101854.66
O35256,C10059,P20312,2025-07-17,2.0,10,101210.0
O35257,C11275,P20112,2025-01-23,2.0,0,47842.54
O35258,C11871,P20349,2025-08-11,1.0,10,57065.74
O35259,C10086,P20297,2025-08-09,3.0,0,160656.93
O35260,C10763,P20170,2025-09-23,2.0,10,86645.59
O35261,C10390,P20006,2025-03-14,3.0,15,93571.59
O35262,C11204,P20197,2025-03-18,1.0,10,17508.64
O35263,C10719,P20098,2026-06-28,4.0,10,232530.8
O35264,C10856,P20459,2026-03-11,4.0,5,206148.25
O35265,C10149,P20329,2025-03-06,4.0,5,38986.14
O35266,C10583,P20230,2025-12-23,1.0,10,56706.44
O35267,C10121,P20168,2025-01-18,2.0,15,30862.46
O35268,C10765,P20297,2026-03-12,1.0,10,48197.08
O35269,C10605,P20265,2026-03-17,3.0,20,109992.22
O35270,C10256,P20008,2025-01-09,4.0,15,64215.05
O35271,C10766,P20172,2026-04-15,3.0,10,150235.91
O35272,C10864,P20442,2025-12-14,1.0,15,8957.16
O35273,C10800,P20360,2026-01-07,5.0,0,99538.15
O35274,C11333,P20195,2025-06-24,5.0,5,101596.99
O35275,C10059,P20269,2026-05-30,7.0,10,119953.58
O35276,C11022,P20019,2025-05-10,1.0,5,53505.46
O35277,C11093,P20354,2025-10-20,2.0,15,31514.29
O35278,C11470,P20352,2025-12-19,6.0,0,295078.08
O35279,C10388,P20049,2025-08-12,3.0,0,85608.45
O35280,C11110,P20464,2026-06-08,1.0,15,1974.52
O35281,C10786,P20356,2026-05-24,1.0,0,69459.3
O35282,C11251,P20338,2026-01-03,5.0,0,193429.15
O35283,C10593,P20462,2026-05-15,4.0,5,203946.53
O35284,C11650,P20158,2025-03-31,4.0,10,64434.38
O35285,C11208,P20066,2025-03-13,6.0,10,142883.14
O35286,C11816,P20461,2026-03-09,2.0,20,65843.23
O35287,C11346,P20347,2025-12-14,2.0,0,27800.24
O35288,C10909,P20059,2025-09-20,6.0,15,97111.7
O35289,C11342,P20309,2025-09-28,2.0,0,4191.76
O35290,C10566,P20308,2026-05-24,7.0,0,414250.27
O35291,C10399,P20337,2026-05-23,7.0,5,168826.94
O35292,C11733,P20159,2026-02-24,5.0,0,117399.7
O35293,C10899,P20271,2025-03-13,1.0,5,64782.64
O35294,C11317,P20121,2025-03-15,2.0,5,30238.63
O35295,C10293,P20254,2026-05-18,5.0,0,287551.85
O35296,C10485,P20404,2025-05-26,7.0,15,418615.76
O35297,C11923,P20261,2025-02-15,3.0,5,98160.73
O35298,C11471,P20135,2025-04-15,1.0,20,19237.98
O35299,C10803,P20274,2025-04-19,6.0,15,361688.23
O35300,C11716,P20056,2025-11-13,3.0,0,162044.85
O35301,C11916,P20331,2025-05-01,4.0,5,233107.85
O35302,C11436,P20096,2026-05-14,4.0,10,201004.6
O35303,C11532,P20114,2025-02-12,1.0,15,30499.09
O35304,C11758,P20475,2025-04-09,2.0,15,21279.7
O35305,C11810,P20474,2025-11-07,1.0,10,30864.74
O35306,C10890,P20357,2025-08-02,2.0,0,99203.02
O35307,C10244,P20429,2026-04-08,6.0,5,40664.48
O35308,C11444,P20028,2026-02-27,4.0,15,220075.1
O35309,C11953,P20306,2026-01-24,7.0,10,289054.33
O35310,C10960,P20002,2025-04-22,7.0,15,55749.66
O35311,C11178,P20212,2025-09-29,1.0,10,20099.21
O35312,C10816,P20068,2025-04-12,1.0,0,66395.15
O35313,C11448,P20128,2025-07-29,6.0,20,305236.9
O35314,C10273,P20333,2025-01-22,7.0,15,399904.02
O35315,C11960,P20024,2025-06-08,2.0,0,58542.44
O35316,C11671,P20253,2025-12-09,4.0,0,191210.12
O35317,C11849,P20368,2026-02-04,4.0,5,238858.42
O35318,C10520,P20230,2026-03-30,2.0,10,113412.89
O35319,C11152,P20488,2025-05-23,6.0,5,352453.0
O35320,C11397,P20176,2026-02-01,2.0,0,89202.6
O35321,C10568,P20429,2026-06-20,6.0,5,40664.48
O35322,C10638,P20375,2025-05-21,2.0,0,35009.7
O35323,C10159,P20221,2025-08-28,4.0,5,207471.26
O35324,C11595,P20442,2025-10-19,4.0,10,37936.22
O35325,C11594,P20036,2025-03-23,1.0,15,42971.64
O35326,C10652,P20002,2025-06-20,7.0,10,59029.05
O35327,C10176,P20383,2026-06-10,7.0,10,5088.51
O35328,C11951,P20361,2026-06-26,6.0,10,236070.72
O35329,C10620,P20274,2025-04-20,4.0,10,255309.34
O35330,C10211,P20177,2025-07-31,6.0,0,221071.68
O35331,C10447,P20264,2026-03-14,6.0,5,49370.61
O35332,C10586,P20186,2025-11-18,3.0,0,27397.23
O35333,C10167,P20015,2025-03-25,3.0,15,148280.31
O35334,C10460,P20489,2026-01-11,2.0,15,11338.24
O35335,C10916,P20401,2025-02-22,7.0,10,385340.07
O35336,C11381,P20279,2026-05-11,6.0,15,340761.29
O35337,C11328,P20194,2025-09-13,2.0,15,10349.57
O35338,C11257,P20198,2025-08-08,2.0,15,119115.85
O35339,C11351,P20349,2025-04-10,1.0,0,63406.38
O35340,C11908,P20411,2025-05-09,3.0,10,177831.75
O35341,C11206,P20421,2025-08-07,3.0,10,176600.17
O35342,C11658,P20305,2026-04-22,4.0,10,154413.25
O35343,C11358,P20064,2026-04-03,3.0,0,78482.73
O35344,C11739,P20290,2025-01-22,4.0,10,197392.07
O35345,C11991,P20018,2025-11-25,6.0,5,366186.7
O35346,C11053,P20064,2026-04-25,1.0,15,22236.77
O35347,C10714,P20362,2025-12-05,2.0,10,97104.87
O35348,C11117,P20330,2025-06-28,2.0,0,127865.78
O35349,C10841,P20358,2026-02-25,6.0,0,176046.0
O35350,C10868,P20251,2026-04-27,4.0,10,34600.18
O35351,C10688,P20428,2025-02-18,5.0,10,146644.47
O35352,C10330,P20017,2025-01-30,6.0,10,206006.92
O35353,C11747,P20443,2025-03-26,4.0,10,232945.88
O35354,C11208,P20141,2026-05-17,6.0,15,155072.84
O35355,C10095,P20308,2026-06-30,1.0,0,59178.61
O35356,C10785,P20444,2025-11-25,6.0,10,330815.34
O35357,C10649,P20496,2026-03-10,6.0,15,85468.15
O35358,C11773,P20426,2025-09-06,3.0,15,69084.6
O35359,C10353,P20475,2025-05-14,4.0,0,50069.88
O35360,C10930,P20320,2025-12-31,1.0,0,9953.02
O35361,C10941,P20245,2026-03-01,7.0,0,29542.66
O35362,C10984,P20450,2026-02-19,2.0,15,72765.17
O35363,C11289,P20290,2026-05-27,5.0,5,260447.87
O35364,C11671,P20351,2026-01-20,5.0,5,252270.79
O35365,C11680,P20087,2026-01-23,4.0,0,164740.6
O35366,C11043,P20199,2026-03-25,6.0,0,60540.48
O35367,C11767,P20358,2025-10-30,3.0,10,79220.7
O35368,C10646,P20448,2025-04-09,6.0,10,22827.47
O35369,C10626,P20161,2025-11-02,4.0,10,66227.8
O35370,C11523,P20140,2025-02-11,5.0,0,190253.9
O35371,C10139,P20493,2026-04-13,5.0,5,95493.81
O35372,C11661,P20076,2026-03-16,6.0,15,198571.25
O35373,C10716,P20019,2025-11-23,6.0,0,337929.24
O35374,C11597,P20393,2025-02-02,6.0,15,146637.8
O35375,C10762,P20330,2026-02-16,2.0,0,127865.78
O35376,C11834,P20401,2025-04-24,3.0,0,183495.27
O35377,C11549,P20050,2026-05-23,3.0,5,209743.64
O35378,C11932,P20232,2025-02-25,7.0,15,275159.71
O35379,C10255,P20295,2025-12-18,7.0,0,456856.33
O35380,C11109,P20425,2025-11-25,5.0,10,242237.2
O35381,C11482,P20394,2026-06-30,5.0,10,168094.76
O35382,C11556,P20012,2025-09-27,4.0,0,218730.08
O35383,C11586,P20335,2025-07-15,4.0,0,72806.16
O35384,C10676,P20479,2026-02-17,7.0,15,401689.32
O35385,C10092,P20015,2025-03-20,2.0,0,116298.28
O35386,C11624,P20028,2025-03-24,5.0,10,291275.86
O35387,C11093,P20388,2025-05-17,4.0,20,154190.59
O35388,C10037,P20292,2026-06-23,2.0,0,10146.8
O35389,C11789,P20375,2025-11-02,3.0,5,49888.82
O35390,C11788,P20321,2025-11-07,5.0,0,23066.3
O35391,C10140,P20250,2026-01-23,1.0,0,39259.86
O35392,C10867,P20492,2026-05-21,5.0,0,112256.8
O35393,C11917,P20098,2026-01-23,4.0,10,232530.8
O35394,C10680,P20303,2025-10-20,5.0,10,316537.61
O35395,C11590,P20337,2025-06-28,7.0,10,159941.31
O35396,C11922,P20039,2026-03-05,1.0,15,18119.36
O35397,C11202,P20038,2026-06-08,7.0,0,96012.7
O35398,C11833,P20300,2025-11-08,5.0,0,131176.25
O35399,C11837,P20179,2025-03-21,7.0,0,128926.42
O35400,C11895,P20097,2025-01-14,4.0,0,160408.72
O35401,C11642,P20380,2025-02-23,3.0,0,11637.51
O35402,C10137,P20469,2026-03-23,4.0,5,186351.81
O35403,C10190,P20282,2025-03-06,2.0,15,41696.53
O35404,C11664,P20238,2026-01-07,7.0,20,5672.18
O35405,C10342,P20164,2026-05-18,4.0,0,275654.24
O35406,C11583,P20453,2025-04-06,2.0,15,50898.27
O35407,C11029,P20097,2026-06-17,5.0,15,170434.26
O35408,C10972,P20257,2025-09-17,2.0,5,3330.26
O35409,C11281,P20309,2025-09-05,7.0,0,14671.16
O35410,C11836,P20262,2025-05-07,6.0,20,105513.89
O35411,C10662,P20293,2026-05-14,5.0,10,26337.6
O35412,C11830,P20258,2025-02-15,2.0,20,23044.66
O35413,C10243,P20249,2025-09-25,7.0,5,352512.91
O35414,C11811,P20245,2026-06-26,7.0,5,28065.53
O35415,C11744,P20251,2025-04-04,4.0,0,38444.64
O35416,C10415,P20123,2025-11-12,1.0,20,56665.92
O35417,C11651,P20325,2025-03-12,5.0,0,40253.0
O35418,C10707,P20474,2026-03-25,2.0,0,68588.3
O35419,C10343,P20169,2026-01-02,1.0,5,44912.97
O35420,C10682,P20435,2026-02-14,7.0,5,317748.37
O35421,C11403,P20175,2025-04-01,2.0,0,41533.92
O35422,C11618,P20269,2026-05-24,2.0,10,34272.45
O35423,C11690,P20204,2026-06-12,2.0,5,73591.5
O35424,C10653,P20325,2025-04-20,4.0,5,30592.28
O35425,C11850,P20066,2025-03-30,2.0,0,52919.68
O35426,C10146,P20315,2025-09-29,1.0,10,64531.33
O35427,C10323,P20324,2025-09-04,6.0,0,123559.92
O35428,C10122,P20059,2025-12-27,2.0,0,38083.02
O35429,C11276,P20219,2026-01-13,6.0,10,46456.04
O35430,C11879,P20498,2025-07-25,3.0,0,132006.39
O35431,C11923,P20373,2025-12-11,7.0,0,141595.09
O35432,C10311,P20266,2026-03-31,5.0,10,192428.42
O35433,C10601,P20141,2025-03-08,4.0,0,121625.76
O35434,C10475,P20236,2025-02-12,3.0,0,219007.77
O35435,C10570,P20386,2025-08-17,3.0,10,158000.17
O35436,C11516,P20218,2026-03-20,1.0,10,28967.69
O35437,C10575,P20015,2025-08-22,1.0,10,52334.23
O35438,C10347,P20302,2025-07-18,6.0,5,267920.75
O35439,C10820,P20441,2026-05-12,6.0,5,190839.08
O35440,C11511,P20138,2025-02-01,4.0,10,82242.58
O35441,C11497,P20406,2025-09-21,4.0,0,36763.56
O35442,C10382,P20232,2025-04-23,5.0,0,231226.65
O35443,C11304,P20089,2026-04-04,2.0,10,9129.28
O35444,C10072,P20463,2025-10-03,4.0,5,127352.02
O35445,C10521,P20077,2025-05-26,4.0,10,229172.98
O35446,C11390,P20136,2025-12-23,6.0,0,5733.96
O35447,C10933,P20405,2025-01-06,2.0,0,101765.46
O35448,C11118,P20469,2025-12-06,5.0,15,208419.79
O35449,C11397,P20406,2026-05-09,7.0,5,61119.42
O35450,C10339,P20110,2025-04-18,7.0,10,340368.9
O35451,C11461,P20353,2025-03-12,1.0,0,65477.24
O35452,C11360,P20301,2025-12-06,5.0,0,298127.1
O35453,C10664,P20091,2025-04-10,2.0,0,33515.68
O35454,C11516,P20424,2025-11-23,1.0,5,21807.48
O35455,C11941,P20370,2025-02-02,1.0,20,53367.37
O35456,C11892,P20406,2025-05-23,1.0,15,7812.26
O35457,C10040,P20414,2025-09-01,5.0,10,92494.49
O35458,C11383,P20190,2025-08-05,6.0,15,258318.21
O35459,C10574,P20073,2026-03-10,2.0,10,76461.48
O35460,C11278,P20173,2025-02-23,5.0,5,193943.59
O35461,C10966,P20035,2025-05-31,5.0,0,122741.5
O35462,C10581,P20210,2025-02-24,3.0,10,90272.29
O35463,C11422,P20298,2026-06-01,4.0,0,118601.32
O35464,C11781,P20133,2026-03-24,7.0,5,418578.13
O35465,C11901,P20283,2025-02-04,5.0,15,303556.89
O35466,C10170,P20198,2025-04-29,3.0,0,210204.45
O35467,C11714,P20446,2025-07-16,7.0,0,477804.95
O35468,C10701,P20032,2026-05-29,6.0,0,24058.26
O35469,C10511,P20136,2026-02-26,6.0,10,5160.56
O35470,C11284,P20248,2026-06-01,2.0,0,53171.6
O35471,C10584,P20359,2025-05-19,3.0,5,28832.02
O35472,C10984,P20341,2025-02-13,5.0,0,265000.5
O35473,C10459,P20146,2025-08-07,2.0,5,27101.18
O35474,C10529,P20334,2025-09-15,3.0,0,7386.42
O35475,C11906,P20143,2026-05-28,5.0,20,186810.48
O35476,C10341,P20234,2026-01-12,2.0,5,73407.03
O35477,C10057,P20410,2025-10-16,7.0,10,121417.76
O35478,C10218,P20437,2026-04-15,2.0,10,105111.9
O35479,C10619,P20044,2025-04-13,7.0,5,228921.53
O35480,C10816,P20032,2025-05-29,4.0,0,16038.84
O35481,C11964,P20231,2025-03-25,6.0,5,278828.27
O35482,C11709,P20028,2025-01-26,7.0,10,407786.21
O35483,C10731,P20423,2025-06-24,5.0,5,159107.66
O35484,C10464,P20491,2026-02-26,4.0,0,150356.92
O35485,C10247,P20160,2025-12-12,2.0,0,60229.44
O35486,C10730,P20333,2025-10-29,2.0,0,134421.52
O35487,C10373,P20207,2025-10-25,3.0,0,81513.21
O35488,C10417,P20018,2025-05-15,4.0,15,218427.15
O35489,C11055,P20103,2025-02-24,1.0,0,26135.66
O35490,C10368,P20070,2025-02-25,5.0,5,144860.04
O35491,C10559,P20119,2026-01-09,6.0,10,64086.44
O35492,C11670,P20139,2025-12-05,7.0,15,18406.68
O35493,C10108,P20160,2026-04-02,4.0,5,114435.94
O35494,C10584,P20232,2025-12-21,2.0,0,92490.66
O35495,C10839,P20148,2025-05-12,3.0,0,110287.14
O35496,C10418,P20353,2026-05-08,5.0,5,311016.89
O35497,C11644,P20424,2025-04-20,6.0,5,130844.87
O35498,C10821,P20392,2025-05-06,7.0,0,446537.0
O35499,C11422,P20243,2025-10-23,5.0,0,172088.9
O35500,C11296,P20035,2025-06-28,3.0,15,62598.16
O35501,C10683,P20325,2025-07-16,2.0,0,16101.2
O35502,C11140,P20382,2025-04-11,7.0,5,355267.34
O35503,C11865,P20355,2025-07-02,6.0,20,162831.41
O35504,C11610,P20239,2025-01-09,1.0,10,5332.52
O35505,C10256,P20334,2026-02-17,3.0,5,7017.1
O35506,C11105,P20149,2025-04-14,1.0,0,61035.79
O35507,C10780,P20111,2025-05-06,4.0,20,65871.42
O35508,C11152,P20408,2026-06-30,5.0,0,182105.85
O35509,C10838,P20017,2025-09-27,6.0,10,206006.92
O35510,C10915,P20402,2026-04-11,2.0,15,53514.56
O35511,C10235,P20226,2025-04-28,1.0,0,61755.91
O35512,C10553,P20140,2025-04-02,2.0,10,68491.4
O35513,C10181,P20144,2026-04-30,4.0,20,29823.26
O35514,C10157,P20260,2025-03-28,1.0,10,63185.59
O35515,C11478,P20217,2025-08-22,2.0,5,142047.13
O35516,C10571,P20162,2025-05-04,2.0,15,26350.94
O35517,C10857,P20092,2025-07-22,7.0,10,244397.79
O35518,C11785,P20174,2025-02-01,4.0,10,176842.55
O35519,C11728,P20331,2025-12-23,3.0,10,165629.26
O35520,C11048,P20205,2026-04-08,6.0,0,385833.6
O35521,C11497,P20415,2025-04-04,4.0,0,228386.08
O35522,C11424,P20153,2026-06-06,1.0,0,16372.12
O35523,C10948,P20103,2026-02-12,1.0,0,26135.66
O35524,C10592,P20202,2025-04-10,5.0,0,281748.55
O35525,C10134,P20280,2025-09-01,2.0,5,37857.98
O35526,C10421,P20065,2025-02-27,6.0,0,294827.22
O35527,C10213,P20117,2025-12-23,1.0,15,19176.94
O35528,C10900,P20153,2026-05-06,3.0,10,44204.72
O35529,C10482,P20156,2025-11-16,3.0,10,201999.42
O35530,C10348,P20164,2025-01-19,4.0,5,261871.53
O35531,C10166,P20082,2025-12-23,1.0,0,12981.01
O35532,C10937,P20006,2025-04-27,6.0,5,209160.02
O35533,C10348,P20322,2025-05-16,6.0,10,342481.01
O35534,C10849,P20067,2025-10-23,1.0,10,41765.67
O35535,C10398,P20238,2026-06-09,7.0,0,7090.23
O35536,C10583,P20072,2025-04-11,5.0,10,293315.44
O35537,C10726,P20095,2026-01-15,5.0,10,305980.38
O35538,C11459,P20304,2025-06-04,5.0,10,229832.78
O35539,C11601,P20467,2025-04-15,7.0,0,488213.81
O35540,C11245,P20498,2026-06-10,1.0,5,41802.02
O35541,C10308,P20326,2025-05-08,4.0,5,84998.51
O35542,C10991,P20078,2026-02-05,7.0,5,342358.89
O35543,C10798,P20067,2026-06-13,6.0,5,264515.91
O35544,C11721,P20176,2025-05-04,4.0,0,178405.2
O35545,C10719,P20321,2025-12-26,4.0,0,18453.04
O35546,C10466,P20172,2025-03-05,7.0,0,389500.51
O35547,C10099,P20478,2025-04-12,4.0,0,91377.84
O35548,C11266,P20255,2025-10-04,3.0,0,18651.66
O35549,C10158,P20063,2025-08-15,1.0,0,64601.68
O35550,C10610,P20302,2025-01-23,2.0,0,94007.28
O35551,C10554,P20403,2025-03-05,1.0,10,21089.03
O35552,C10651,P20246,2025-06-06,4.0,15,115371.01
O35553,C11819,P20192,2026-01-25,3.0,0,76857.51
O35554,C10920,P20467,2025-05-29,3.0,0,209234.49
O35555,C10227,P20329,2025-12-29,1.0,15,8720.58
O35556,C10423,P20071,2026-04-09,2.0,10,134094.44
O35557,C11096,P20366,2026-02-03,7.0,0,270847.29
O35558,C10243,P20229,2026-02-09,7.0,10,238489.27
O35559,C10530,P20434,2025-05-12,4.0,0,70642.32
O35560,C11613,P20063,2025-07-16,3.0,10,174424.54
O35561,C11069,P20297,2025-02-04,4.0,20,171367.39
O35562,C11496,P20245,2026-02-24,4.0,0,16881.52
O35563,C10371,P20007,2026-01-12,6.0,15,10964.69
O35564,C11879,P20393,2026-02-03,4.0,0,115010.04
O35565,C10652,P20260,2025-08-08,5.0,5,333479.5
O35566,C10689,P20089,2026-06-01,6.0,5,28909.37
O35567,C10734,P20177,2025-12-08,4.0,10,132643.01
O35568,C11951,P20204,2026-02-20,4.0,0,154929.48
O35569,C10092,P20134,2026-04-01,2.0,10,109260.4
O35570,C11046,P20082,2025-10-24,7.0,10,81780.36
O35571,C10172,P20488,2025-11-27,6.0,5,352453.0
O35572,C11628,P20021,2025-12-05,7.0,0,73656.31
O35573,C11216,P20399,2025-10-25,6.0,0,179026.44
O35574,C11101,P20128,2025-11-08,2.0,10,114463.84
O35575,C11305,P20195,2025-02-24,5.0,15,90902.57
O35576,C11388,P20194,2026-06-18,6.0,5,34701.49
O35577,C10179,P20184,2025-04-15,5.0,10,125508.38
O35578,C10238,P20247,2025-06-24,4.0,0,77318.92
O35579,C11159,P20361,2025-10-21,3.0,5,124592.88
O35580,C10877,P20360,2026-01-10,3.0,0,59722.89
O35581,C10902,P20324,2026-03-26,1.0,10,18533.99
O35582,C10280,P20160,2026-03-21,3.0,20,72275.33
O35583,C11043,P20194,2025-03-01,3.0,15,15524.35
O35584,C11619,P20110,2026-01-27,2.0,0,108053.62
O35585,C10740,P20413,2026-01-25,1.0,10,48363.93
O35586,C10371,P20066,2025-07-31,7.0,0,185218.88
O35587,C11801,P20418,2026-06-19,1.0,0,38332.42
O35588,C11136,P20254,2025-08-28,2.0,0,115020.74
O35589,C11787,P20283,2026-05-03,3.0,0,214275.45
O35590,C11700,P20060,2025-05-02,3.0,10,21092.51
O35591,C10870,P20118,2025-09-10,1.0,5,44672.05
O35592,C11704,P20423,2025-05-21,3.0,15,85415.69
O35593,C11019,P20044,2026-03-28,1.0,0,34424.29
O35594,C10221,P20486,2025-06-02,3.0,5,172613.07
O35595,C10920,P20210,2025-11-04,4.0,0,133736.72
O35596,C10304,P20036,2025-11-13,2.0,0,101109.74
O35597,C11727,P20019,2026-06-13,6.0,20,270343.39
O35598,C11349,P20091,2025-10-23,5.0,5,79599.74
O35599,C11461,P20301,2025-12-11,7.0,15,354771.25
O35600,C10438,P20212,2025-10-09,4.0,5,84863.31
O35601,C11194,P20405,2025-07-27,3.0,0,152648.19
O35602,C10375,P20407,2025-04-06,5.0,0,27244.55
O35603,C11581,P20222,2026-03-28,6.0,15,334502.98
O35604,C10381,P20217,2026-01-08,4.0,0,299046.6
O35605,C10986,P20223,2025-03-14,6.0,20,80578.7
O35606,C10014,P20411,2025-11-29,2.0,5,125140.86
O35607,C10743,P20098,2026-01-28,5.0,0,322959.45
O35608,C10669,P20456,2025-04-16,6.0,10,2457.65
O35609,C10500,P20019,2025-04-11,5.0,0,281607.7
O35610,C11670,P20297,2025-12-25,2.0,0,107104.62
O35611,C11415,P20026,2025-11-25,6.0,15,277617.53
O35612,C11573,P20028,2026-01-30,4.0,5,245966.29
O35613,C10565,P20064,2025-02-04,5.0,5,124264.32
O35614,C10530,P20324,2025-06-06,7.0,0,144153.24
O35615,C10492,P20223,2025-09-30,7.0,0,117510.61
O35616,C11574,P20080,2026-01-31,7.0,5,102073.18
O35617,C11723,P20051,2025-07-26,6.0,5,200235.98
O35618,C11409,P20458,2025-11-02,2.0,10,70227.9
O35619,C11220,P20102,2026-06-20,7.0,5,424709.63
O35620,C10755,P20176,2026-04-07,6.0,10,240847.02
O35621,C10300,P20010,2025-09-09,6.0,0,127132.98
O35622,C10815,P20237,2025-09-24,4.0,0,61380.2
O35623,C10547,P20457,2025-07-28,3.0,0,59324.85
O35624,C10727,P20423,2026-06-23,1.0,10,30146.72
O35625,C10731,P20100,2026-05-18,3.0,10,2938.06
O35626,C10828,P20499,2026-05-29,3.0,0,110382.36
O35627,C10602,P20378,2025-05-28,1.0,0,10680.98
O35628,C11332,P20228,2025-03-24,6.0,10,163656.5
O35629,C11276,P20403,2025-02-11,3.0,15,59752.26
O35630,C11032,P20064,2025-06-05,3.0,10,70634.46
O35631,C10768,P20380,2026-03-29,2.0,0,7758.34
O35632,C10875,P20019,2025-10-11,2.0,10,101378.77
O35633,C11232,P20332,2025-07-07,4.0,10,4753.91
O35634,C10937,P20318,2026-04-19,5.0,0,37721.55
O35635,C10131,P20141,2026-05-22,6.0,5,173316.71
O35636,C11760,P20025,2025-05-13,7.0,0,152632.27
O35637,C11733,P20228,2025-09-28,4.0,0,121227.04
O35638,C11678,P20089,2025-03-14,2.0,20,8114.91
O35639,C11788,P20092,2026-03-12,2.0,15,65948.61
O35640,C10608,P20042,2025-10-20,1.0,5,55850.61
O35641,C10026,P20373,2026-03-13,1.0,0,20227.87
O35642,C11647,P20295,2025-03-01,7.0,10,411170.7
O35643,C11478,P20414,2025-11-23,7.0,0,143880.31
O35644,C10635,P20389,2025-07-01,2.0,0,118077.94
O35645,C11210,P20081,2026-03-10,3.0,5,57316.58
O35646,C10484,P20402,2026-06-03,7.0,5,209336.35
O35647,C10680,P20107,2025-03-24,4.0,0,49185.4
O35648,C11075,P20111,2025-01-28,2.0,10,37052.68
O35649,C11915,P20277,2025-09-23,6.0,0,24437.4
O35650,C10005,P20214,2025-10-10,2.0,15,96632.25
O35651,C10589,P20231,2026-02-01,1.0,15,41579.65
O35652,C11184,P20306,2026-01-18,4.0,10,165173.9
O35653,C10208,P20121,2025-11-15,4.0,5,60477.27
O35654,C10257,P20134,2025-07-12,5.0,0,303501.1
O35655,C11229,P20306,2025-08-15,2.0,10,82586.95
O35656,C11791,P20208,2026-03-27,5.0,15,171490.94
O35657,C11974,P20450,2025-07-01,1.0,0,42803.04
O35658,C10011,P20371,2025-11-23,5.0,5,58421.82
O35659,C10949,P20257,2025-07-22,3.0,0,5258.31
O35660,C10008,P20185,2026-02-06,2.0,5,94775.0
O35661,C11433,P20286,2026-04-17,2.0,5,83971.91
O35662,C10936,P20442,2025-06-28,4.0,20,33721.09
O35663,C10032,P20363,2025-01-18,7.0,0,67160.17
O35664,C10540,P20180,2026-04-08,5.0,5,104925.12
O35665,C11742,P20421,2026-06-30,4.0,20,209303.9
O35666,C11005,P20048,2026-02-07,6.0,5,354254.09
O35667,C10387,P20087,2026-01-28,5.0,15,175036.89
O35668,C11252,P20385,2025-10-27,7.0,0,270913.44
O35669,C10640,P20019,2025-12-17,5.0,20,225286.16
O35670,C11791,P20046,2025-07-06,7.0,0,61834.57
O35671,C11499,P20451,2025-12-13,7.0,20,224008.4
O35672,C11748,P20386,2026-02-13,1.0,0,58518.58
O35673,C11775,P20056,2025-03-12,5.0,5,256571.01
O35674,C10207,P20229,2025-11-23,4.0,0,151421.76
O35675,C11342,P20145,2025-07-31,6.0,5,417692.18
O35676,C11819,P20092,2025-11-05,7.0,0,271553.1
O35677,C11781,P20082,2025-04-18,5.0,20,51924.04
O35678,C10557,P20225,2025-06-26,5.0,0,24733.6
O35679,C11641,P20079,2026-03-03,2.0,10,39539.32
O35680,C10348,P20150,2026-06-15,2.0,0,15424.9
O35681,C10793,P20361,2026-02-22,6.0,15,222955.68
O35682,C10234,P20283,2025-09-05,7.0,5,474977.25
O35683,C11725,P20311,2025-07-28,2.0,20,82750.21
O35684,C11068,P20485,2025-08-04,3.0,5,57390.88
O35685,C11006,P20160,2026-03-14,2.0,0,60229.44
O35686,C10737,P20316,2025-11-07,3.0,0,53947.89
O35687,C10942,P20365,2026-01-18,6.0,10,223620.7
O35688,C11166,P20467,2025-09-28,3.0,10,188311.04
O35689,C11672,P20156,2025-05-01,6.0,10,403998.84
O35690,C10176,P20156,2026-02-11,4.0,0,299258.4
O35691,C11678,P20376,2025-09-02,2.0,10,14848.13
O35692,C10449,P20202,2025-03-07,5.0,15,239486.27
O35693,C10592,P20468,2025-08-16,7.0,0,67260.34
O35694,C10082,P20409,2025-05-17,1.0,0,16740.73
O35695,C10135,P20341,2025-07-13,7.0,10,333900.63
O35696,C11743,P20462,2026-05-04,5.0,0,268350.7
O35697,C10856,P20342,2025-12-20,2.0,10,25751.84
O35698,C11201,P20117,2025-06-06,5.0,5,107165.27
O35699,C11407,P20154,2026-04-21,2.0,20,75474.96
O35700,C11267,P20364,2025-01-16,7.0,15,268285.02
O35701,C11591,P20331,2025-03-19,2.0,10,110419.51
O35702,C11165,P20119,2025-02-21,5.0,0,59339.3
O35703,C11481,P20199,2026-05-29,3.0,0,30270.24
O35704,C10440,P20401,2026-05-19,4.0,15,207961.31
O35705,C11080,P20466,2025-03-02,4.0,10,80799.95
O35706,C11551,P20263,2025-05-12,4.0,10,152195.62
O35707,C10697,P20184,2026-01-17,4.0,5,105984.85
O35708,C11850,P20448,2026-06-27,1.0,0,4227.31
O35709,C10419,P20148,2026-02-14,6.0,0,220574.28
O35710,C10088,P20166,2025-06-04,2.0,0,51218.66
O35711,C11633,P20075,2025-02-20,1.0,10,19403.69
O35712,C10656,P20236,2025-04-05,4.0,10,262809.32
O35713,C11032,P20314,2026-06-07,4.0,0,260312.6
O35714,C11501,P20272,2026-06-08,7.0,10,371408.18
O35715,C10215,P20179,2025-12-21,5.0,15,78276.76
O35716,C11709,P20283,2025-02-14,4.0,10,257130.54
O35717,C11759,P20051,2025-07-24,2.0,5,66745.33
O35718,C10552,P20075,2026-03-07,7.0,0,150917.55
O35719,C11521,P20144,2025-09-13,4.0,15,31687.22
O35720,C11718,P20343,2025-09-05,4.0,5,214204.86
O35721,C10503,P20188,2026-06-17,1.0,15,55214.44
O35722,C11806,P20123,2025-02-10,2.0,10,127498.32
O35723,C10699,P20332,2026-04-04,3.0,15,3367.35
O35724,C10245,P20251,2025-10-04,5.0,20,38444.64
O35725,C11502,P20296,2025-07-14,3.0,10,96053.34
O35726,C10309,P20323,2025-03-12,6.0,0,28266.3
O35727,C10231,P20130,2025-09-27,1.0,0,71421.55
O35728,C11407,P20252,2025-12-01,4.0,0,288470.68
O35729,C10155,P20358,2025-11-04,5.0,0,146705.0
O35730,C11199,P20432,2026-03-03,6.0,0,290658.18
O35731,C10848,P20180,2025-07-18,6.0,5,125910.15
O35732,C10115,P20408,2025-03-17,2.0,0,72842.34
O35733,C11414,P20349,2026-06-09,5.0,5,301180.3
O35734,C10311,P20495,2025-08-18,6.0,15,382137.9
O35735,C10993,P20110,2025-03-26,1.0,10,48624.13
O35736,C10300,P20482,2025-06-11,4.0,15,10863.48
O35737,C11042,P20468,2026-02-01,1.0,0,9608.62
O35738,C10784,P20338,2026-01-06,7.0,5,257260.77
O35739,C10012,P20078,2025-08-03,6.0,0,308895.24
O35740,C11428,P20466,2025-01-01,2.0,5,42644.42
O35741,C11837,P20002,2026-01-12,3.0,10,25298.16
O35742,C11728,P20321,2026-02-16,4.0,0,18453.04
O35743,C10232,P20276,2025-07-19,4.0,0,279382.4
O35744,C10955,P20290,2025-07-02,1.0,10,49348.02
O35745,C11629,P20297,2026-02-14,1.0,10,48197.08
O35746,C10730,P20169,2026-02-02,1.0,10,42549.13
O35747,C11302,P20240,2025-08-04,6.0,0,170257.08
O35748,C11377,P20459,2025-12-15,4.0,5,206148.25
O35749,C11018,P20475,2025-02-10,1.0,0,12517.47
O35750,C10999,P20023,2025-01-03,7.0,20,375409.05
O35751,C10303,P20294,2025-04-04,5.0,15,37899.8
O35752,C10541,P20172,2025-02-28,6.0,0,333857.58
O35753,C10470,P20323,2026-02-11,6.0,0,28266.3
O35754,C10813,P20318,2025-01-18,5.0,10,33949.4
O35755,C10077,P20396,2026-05-09,5.0,0,185296.35
O35756,C11020,P20286,2026-05-23,6.0,15,225398.27
O35757,C11545,P20479,2025-11-28,4.0,10,243038.92
O35758,C10024,P20343,2025-06-18,1.0,0,56369.7
O35759,C11039,P20193,2025-07-25,7.0,0,418150.74
O35760,C10676,P20169,2026-06-05,2.0,10,85098.26
O35761,C10525,P20404,2026-05-20,1.0,5,66837.81
O35762,C10347,P20118,2025-12-12,4.0,10,169283.56
O35763,C10172,P20006,2025-10-31,5.0,0,183473.7
O35764,C11893,P20331,2025-04-25,4.0,0,245376.68
O35765,C11351,P20483,2025-03-28,1.0,10,33854.63
O35766,C10712,P20132,2025-04-05,7.0,5,491697.87
O35767,C11509,P20093,2026-03-04,4.0,0,31787.28
O35768,C10489,P20251,2026-03-26,2.0,0,19222.32
O35769,C11486,P20010,2026-06-25,4.0,10,76279.79
O35770,C10378,P20051,2025-01-02,3.0,10,94848.62
O35771,C11612,P20349,2025-03-19,4.0,0,253625.52
O35772,C11188,P20294,2025-11-20,1.0,10,8025.84
O35773,C10372,P20129,2025-04-08,3.0,0,47065.86
O35774,C11597,P20488,2025-04-20,5.0,0,309169.3
O35775,C11000,P20392,2026-04-02,1.0,10,57411.9
O35776,C10977,P20249,2026-05-03,6.0,10,286251.08
O35777,C11448,P20102,2026-01-06,2.0,0,127732.22
O35778,C10757,P20337,2025-12-03,4.0,0,101550.04
O35779,C10477,P20083,2025-01-22,4.0,0,29777.44
O35780,C10382,P20191,2025-11-01,1.0,15,1312.86
O35781,C10155,P20417,2025-09-29,4.0,0,3408.72
O35782,C10257,P20143,2026-05-05,4.0,0,186810.48
O35783,C11780,P20237,2026-03-22,5.0,0,76725.25
O35784,C10674,P20287,2025-10-05,4.0,5,234073.2
O35785,C10068,P20277,2026-01-12,4.0,10,14662.44
O35786,C10344,P20387,2025-08-20,5.0,0,196652.55
O35787,C11301,P20382,2026-03-02,6.0,5,304514.86
O35788,C10673,P20450,2025-02-24,4.0,0,171212.16
O35789,C10391,P20291,2026-03-17,6.0,5,154038.4
O35790,C11473,P20169,2025-02-03,5.0,0,236384.05
O35791,C10259,P20443,2025-11-25,2.0,0,129414.38
O35792,C10307,P20144,2026-03-30,4.0,5,35415.13
O35793,C11871,P20184,2026-01-23,1.0,10,25101.68
O35794,C11119,P20045,2026-03-06,3.0,10,171372.64
O35795,C10950,P20243,2026-04-21,2.0,5,65393.78
O35796,C11488,P20315,2025-05-05,4.0,0,286805.92
O35797,C10970,P20434,2026-06-07,1.0,0,17660.58
O35798,C10246,P20469,2026-04-27,3.0,5,139763.86
O35799,C10733,P20268,2025-11-13,5.0,15,314523.63
O35800,C11659,P20476,2025-05-02,4.0,20,73657.76
O35801,C10187,P20253,2025-11-09,7.0,10,301155.94
O35802,C11798,P20396,2026-05-02,6.0,5,211237.84
O35803,C10925,P20289,2025-01-12,6.0,10,182153.45
O35804,C10785,P20212,2025-05-05,5.0,0,111662.25
O35805,C11397,P20488,2025-03-18,2.0,10,111300.95
O35806,C11596,P20177,2025-08-24,6.0,0,221071.68
O35807,C11430,P20021,2025-09-11,3.0,0,31566.99
O35808,C10408,P20316,2026-02-10,6.0,0,107895.78
O35809,C11149,P20052,2025-08-31,7.0,5,395392.97
O35810,C11361,P20438,2026-04-06,7.0,10,108172.39
O35811,C10341,P20423,2025-10-04,3.0,10,90440.14
O35812,C10563,P20233,2026-04-14,6.0,15,68455.82
O35813,C11202,P20433,2025-08-08,5.0,20,55839.92
O35814,C10651,P20123,2025-08-13,5.0,0,354162.0
O35815,C10952,P20362,2025-04-11,6.0,5,307498.76
O35816,C11863,P20448,2026-05-22,7.0,5,28111.61
O35817,C11194,P20100,2025-11-27,2.0,15,1849.89
O35818,C11063,P20214,2025-08-25,1.0,0,56842.5
O35819,C10069,P20410,2025-12-05,7.0,0,134908.62
O35820,C11260,P20327,2026-05-21,6.0,0,42388.74
O35821,C11584,P20135,2025-06-14,7.0,20,134665.89
O35822,C10381,P20456,2025-08-06,7.0,15,2707.96
O35823,C10057,P20318,2026-01-11,4.0,5,28668.38
O35824,C11301,P20218,2025-01-12,1.0,15,27358.37
O35825,C10850,P20088,2026-03-08,7.0,0,88168.99
O35826,C11123,P20280,2025-03-24,6.0,0,119551.5
O35827,C10916,P20040,2026-03-07,7.0,10,217229.54
O35828,C11551,P20240,2026-04-23,3.0,0,85128.54
O35829,C10325,P20332,2026-01-04,4.0,0,5282.12
O35830,C10461,P20431,2025-05-21,2.0,15,2109.62
O35831,C10179,P20136,2026-04-01,1.0,10,860.09
O35832,C10844,P20182,2026-05-17,1.0,20,14007.9
O35833,C10574,P20265,2026-02-07,4.0,0,183320.36
O35834,C10119,P20259,2025-10-15,2.0,5,59386.99
O35835,C11493,P20182,2025-12-21,7.0,0,122569.16
O35836,C10549,P20021,2025-12-09,6.0,15,53663.88
O35837,C10646,P20351,2025-05-29,2.0,0,106219.28
O35838,C11479,P20432,2025-07-29,6.0,5,276125.27
O35839,C10026,P20431,2025-04-22,1.0,0,1240.95
O35840,C11514,P20472,2026-06-20,7.0,10,262598.3
O35841,C11032,P20196,2025-02-18,6.0,0,264130.02
O35842,C10969,P20212,2025-11-27,1.0,0,22332.45
O35843,C11540,P20447,2025-12-31,5.0,5,303661.52
O35844,C10533,P20016,2025-01-11,4.0,5,110583.23
O35845,C11951,P20202,2025-07-07,7.0,0,394447.97
O35846,C10149,P20363,2026-05-24,2.0,0,19188.62
O35847,C11512,P20218,2026-03-21,3.0,15,82075.12
O35848,C11049,P20093,2025-03-31,4.0,0,31787.28
O35849,C10655,P20133,2026-03-24,6.0,0,377664.48
O35850,C11781,P20139,2025-02-01,5.0,0,15467.8
O35851,C11955,P20157,2025-11-23,4.0,20,8717.12
O35852,C10945,P20493,2025-03-15,1.0,0,20103.96
O35853,C10555,P20335,2025-09-08,4.0,15,61885.24
O35854,C10425,P20070,2026-03-26,7.0,15,181456.26
O35855,C10293,P20304,2025-12-21,6.0,5,291121.51
O35856,C11209,P20015,2026-06-17,4.0,0,232596.56
O35857,C10554,P20235,2025-10-23,7.0,10,338555.45
O35858,C10431,P20212,2025-10-25,4.0,10,80396.82
O35859,C10604,P20290,2025-11-24,6.0,10,296088.1
O35860,C10317,P20060,2025-10-29,3.0,15,19920.7
O35861,C10398,P20252,2026-05-27,5.0,0,360588.35
O35862,C11348,P20446,2025-12-04,4.0,10,245728.26
O35863,C11589,P20002,2026-01-09,4.0,0,37478.76
O35864,C10596,P20236,2025-04-04,3.0,5,208057.38
O35865,C10546,P20336,2025-05-12,2.0,10,4895.05
O35866,C10076,P20019,2025-02-22,4.0,0,225286.16
O35867,C10865,P20482,2026-05-11,7.0,0,22365.98
O35868,C11944,P20049,2025-08-17,6.0,0,171216.9
O35869,C10916,P20078,2025-07-31,7.0,5,342358.89
O35870,C10709,P20472,2026-05-19,6.0,15,212579.58
O35871,C10486,P20028,2026-05-10,4.0,5,245966.29
O35872,C11822,P20048,2025-08-21,2.0,10,111869.71
O35873,C11112,P20096,2025-03-12,6.0,0,335007.66
O35874,C10747,P20165,2025-07-08,7.0,0,26672.38
O35875,C11256,P20458,2025-01-08,7.0,0,273108.5
O35876,C11031,P20433,2025-11-28,4.0,0,55839.92
O35877,C11828,P20365,2025-01-16,4.0,5,157362.71
O35878,C10550,P20176,2025-04-03,4.0,15,151644.42
O35879,C10976,P20073,2025-09-19,5.0,5,201773.35
O35880,C11076,P20472,2025-06-10,6.0,5,237588.94
O35881,C11679,P20356,2025-12-17,1.0,0,69459.3
O35882,C10942,P20029,2025-06-23,5.0,0,119524.95
O35883,C10919,P20444,2025-11-13,2.0,0,122524.2
O35884,C11420,P20157,2025-01-18,5.0,10,12258.45
O35885,C11245,P20314,2026-05-01,7.0,5,432769.7
O35886,C11452,P20304,2026-01-02,5.0,0,255369.75
O35887,C11776,P20279,2025-12-17,3.0,10,180403.04
O35888,C11167,P20283,2026-06-12,2.0,5,135707.78
O35889,C11885,P20479,2026-03-11,2.0,0,135021.62
O35890,C10363,P20491,2025-09-27,2.0,10,67660.61
O35891,C10382,P20007,2025-03-09,5.0,10,9674.73
O35892,C11585,P20305,2025-01-30,2.0,0,85785.14
O35893,C11301,P20182,2025-11-12,6.0,10,94553.35
O35894,C10271,P20109,2025-06-13,3.0,0,43917.21
O35895,C11038,P20324,2025-11-16,4.0,10,74135.95
O35896,C10298,P20206,2025-01-14,5.0,15,149497.11
O35897,C11004,P20234,2025-10-06,4.0,5,146814.06
O35898,C11488,P20426,2026-03-08,4.0,0,108368.0
O35899,C11551,P20458,2025-09-20,5.0,5,185323.62
O35900,C10234,P20187,2026-06-06,6.0,0,429358.26
O35901,C10575,P20428,2025-06-21,5.0,0,162938.3
O35902,C11732,P20482,2025-12-24,2.0,10,5751.25
O35903,C10027,P20410,2025-01-13,3.0,0,57817.98
O35904,C11495,P20407,2025-08-20,5.0,0,27244.55
O35905,C10093,P20329,2026-04-21,4.0,10,36934.24
O35906,C10617,P20357,2026-04-16,5.0,10,223206.8
O35907,C10309,P20008,2025-06-09,3.0,0,56660.34
O35908,C10052,P20053,2025-09-18,1.0,10,27317.11
O35909,C10319,P20398,2025-12-25,6.0,15,107541.61
O35910,C11993,P20199,2025-09-12,4.0,0,40360.32
O35911,C10181,P20391,2026-05-30,1.0,5,477.18
O35912,C11593,P20137,2025-10-07,1.0,10,25960.8
O35913,C11144,P20259,2025-04-27,7.0,10,196914.75
O35914,C11844,P20334,2025-06-11,3.0,0,7386.42
O35915,C10875,P20401,2025-10-25,6.0,0,366990.54
O35916,C11067,P20498,2025-10-24,5.0,10,198009.58
O35917,C10647,P20172,2025-12-24,1.0,20,44514.34
O35918,C11909,P20086,2026-06-02,7.0,10,82793.78
O35919,C11962,P20046,2026-01-13,2.0,20,14133.62
O35920,C11284,P20346,2026-03-02,5.0,10,63675.18
O35921,C10197,P20186,2026-06-21,6.0,15,46575.29
O35922,C10645,P20156,2025-06-18,4.0,10,269332.56
O35923,C10971,P20493,2026-05-30,5.0,15,85441.83
O35924,C10255,P20398,2025-12-30,3.0,0,63259.77
O35925,C10732,P20009,2026-03-06,7.0,15,183077.63
O35926,C10336,P20115,2025-03-24,3.0,0,150991.98
O35927,C11577,P20154,2025-11-26,4.0,0,188687.4
O35928,C11526,P20130,2025-05-13,4.0,5,271401.89
O35929,C10990,P20331,2026-04-02,4.0,0,245376.68
O35930,C10900,P20081,2025-12-19,7.0,0,140777.56
O35931,C11279,P20384,2025-12-10,7.0,20,321216.45
O35932,C10514,P20290,2025-04-04,3.0,10,148044.05
O35933,C11731,P20147,2026-01-17,6.0,15,171166.05
O35934,C10242,P20295,2025-10-22,7.0,20,365485.06
O35935,C10149,P20466,2025-07-17,6.0,5,127933.25
O35936,C11734,P20269,2025-03-20,7.0,0,133281.75
O35937,C11323,P20133,2025-08-02,5.0,0,314720.4
O35938,C10757,P20050,2025-06-08,1.0,5,69914.55
O35939,C11874,P20023,2025-07-20,1.0,10,60333.6
O35940,C10620,P20378,2025-01-22,2.0,5,20293.86
O35941,C10453,P20376,2025-12-05,3.0,5,23509.54
O35942,C11417,P20088,2025-08-30,4.0,0,50382.28
O35943,C10212,P20413,2025-08-26,6.0,5,306304.89
O35944,C10668,P20112,2025-05-29,7.0,0,167448.89
O35945,C11562,P20111,2025-01-07,5.0,15,87485.48
O35946,C10594,P20072,2025-08-21,6.0,0,391087.26
O35947,C11619,P20154,2025-03-18,3.0,5,134439.77
O35948,C10131,P20463,2026-05-04,2.0,0,67027.38
O35949,C11353,P20057,2025-03-28,6.0,10,222477.79
O35950,C10612,P20257,2025-08-10,1.0,0,1752.77
O35951,C10256,P20156,2026-02-17,5.0,0,374073.0
O35952,C11503,P20113,2025-07-21,1.0,5,60248.35
O35953,C10561,P20318,2025-10-03,5.0,15,32063.32
O35954,C11937,P20047,2025-08-09,4.0,15,65874.66
O35955,C10063,P20238,2025-06-06,5.0,0,5064.45
O35956,C11335,P20334,2025-06-30,7.0,10,15511.48
O35957,C10407,P20106,2025-05-09,4.0,0,240849.04
O35958,C10802,P20482,2025-08-31,3.0,0,9585.42
O35959,C11129,P20187,2025-06-21,1.0,5,67981.72
O35960,C11641,P20159,2026-05-18,5.0,0,117399.7
O35961,C11861,P20198,2026-04-25,5.0,10,315306.68
O35962,C10015,P20382,2025-09-27,2.0,15,90820.22
O35963,C11711,P20177,2026-02-25,1.0,0,36845.28
O35964,C10259,P20261,2025-06-12,3.0,0,103327.08
O35965,C10723,P20287,2025-01-24,4.0,5,234073.2
O35966,C11436,P20293,2026-05-12,3.0,10,15802.56
O35967,C11283,P20335,2025-07-12,2.0,15,30942.62
O35968,C10614,P20143,2026-01-25,3.0,15,119091.68
O35969,C11284,P20308,2026-05-12,4.0,10,213043.0
O35970,C11880,P20491,2025-05-09,1.0,0,37589.23
O35971,C11695,P20197,2026-06-27,6.0,10,105051.87
O35972,C11069,P20476,2025-02-05,2.0,0,46036.1
O35973,C11979,P20225,2026-04-02,7.0,20,27701.63
O35974,C10813,P20395,2025-12-27,5.0,0,4400.85
O35975,C11787,P20043,2025-08-03,5.0,10,253514.02
O35976,C10331,P20454,2025-10-14,1.0,0,32511.42
O35977,C10165,P20151,2026-01-04,6.0,5,184222.46
O35978,C11217,P20296,2026-04-14,3.0,10,96053.34
O35979,C11545,P20063,2025-07-05,7.0,10,406990.58
O35980,C11425,P20130,2026-04-19,7.0,10,449955.76
O35981,C11398,P20255,2025-03-02,5.0,10,27977.49
O35982,C11089,P20463,2025-09-19,2.0,0,67027.38
O35983,C10387,P20343,2025-04-21,6.0,15,287485.47
O35984,C11519,P20214,2025-05-21,4.0,15,193264.5
O35985,C11818,P20073,2026-06-19,7.0,0,297350.2
O35986,C11717,P20431,2025-03-20,3.0,15,3164.42
O35987,C11439,P20104,2026-05-09,6.0,20,14066.74
O35988,C11818,P20158,2025-01-31,7.0,10,112760.17
O35989,C11815,P20272,2026-05-31,4.0,0,235814.72
O35990,C11054,P20315,2026-05-24,6.0,10,387187.99
O35991,C11290,P20238,2025-03-07,6.0,0,6077.34
O35992,C10328,P20303,2026-05-25,3.0,10,189922.56
O35993,C11516,P20372,2026-01-06,2.0,5,25127.27
O35994,C11241,P20158,2025-10-14,4.0,15,60854.7
O35995,C10320,P20109,2025-06-25,2.0,10,26350.33
O35996,C11942,P20009,2025-05-03,4.0,0,123077.4
O35997,C10399,P20321,2025-08-19,7.0,10,29063.54
O35998,C11915,P20059,2025-01-04,7.0,0,133290.57
O35999,C10105,P20358,2026-02-16,3.0,0,88023.0
O36000,C10696,P20192,2025-09-07,2.0,5,48676.42
O36001,C11017,P20136,2026-05-02,7.0,0,6689.62
O36002,C10330,P20251,2025-12-11,3.0,20,23066.78
O36003,C10660,P20379,2025-11-29,6.0,5,319901.84
O36004,C11641,P20436,2026-03-29,6.0,10,402153.55
O36005,C11071,P20146,2025-06-07,3.0,0,42791.34
O36006,C10599,P20347,2025-09-27,4.0,10,50040.43
O36007,C10821,P20466,2026-02-22,7.0,10,141399.91
O36008,C11973,P20352,2026-03-16,6.0,5,280324.18
O36009,C10641,P20058,2025-01-29,4.0,20,226560.7
O36010,C11794,P20177,2025-12-01,2.0,5,70006.03
O36011,C10314,P20288,2025-08-26,5.0,10,133210.58
O36012,C11171,P20245,2025-06-02,6.0,0,25322.28
O36013,C11982,P20048,2025-04-25,6.0,0,372899.04
O36014,C10462,P20301,2026-02-03,1.0,15,50681.61
O36015,C11608,P20438,2025-02-01,4.0,10,61812.79
O36016,C10486,P20356,2026-06-16,3.0,5,197959.0
O36017,C11676,P20100,2025-02-22,1.0,15,924.94
O36018,C10410,P20213,2025-07-14,2.0,5,68052.55
O36019,C10027,P20302,2025-11-01,1.0,10,42303.28
O36020,C11053,P20480,2025-12-11,1.0,5,44879.9
O36021,C10271,P20415,2025-03-23,5.0,10,256934.34
O36022,C10686,P20165,2025-01-01,5.0,0,19051.7
O36023,C10501,P20400,2025-06-16,1.0,5,49051.44
O36024,C11277,P20430,2025-11-13,5.0,20,224285.04
O36025,C10385,P20126,2025-07-02,7.0,0,134148.14
O36026,C10060,P20302,2025-09-30,5.0,0,235018.2
O36027,C11131,P20462,2026-01-08,1.0,0,53670.14
O36028,C10220,P20121,2025-12-28,4.0,0,63660.28
O36029,C11465,P20088,2025-07-20,5.0,5,59828.96
O36030,C10771,P20217,2025-07-11,1.0,0,74761.65
O36031,C11907,P20061,2025-12-07,4.0,5,112771.19
O36032,C11682,P20302,2025-10-26,6.0,10,253819.66
O36033,C10564,P20179,2026-05-21,5.0,10,82881.27
O36034,C11596,P20190,2025-05-20,1.0,20,40520.5
O36035,C10546,P20163,2025-11-02,5.0,10,322223.26
O36036,C10096,P20081,2025-07-15,4.0,0,80444.32
O36037,C10989,P20494,2025-03-02,7.0,0,227998.33
O36038,C11113,P20170,2025-12-26,1.0,10,43322.8
O36039,C10828,P20301,2025-11-03,4.0,10,214651.51
O36040,C11946,P20374,2026-04-25,6.0,0,55373.76
O36041,C10231,P20196,2025-11-29,3.0,0,132065.01
O36042,C10968,P20203,2025-03-24,2.0,10,42318.79
O36043,C10275,P20047,2025-11-30,7.0,10,122061.87
O36044,C10246,P20463,2026-06-01,3.0,10,90486.96
O36045,C10111,P20158,2026-04-19,5.0,0,89492.2
O36046,C10234,P20408,2026-01-29,4.0,10,131116.21
O36047,C11302,P20194,2026-01-15,1.0,10,5479.18
O36048,C11501,P20427,2025-01-21,7.0,15,120809.39
O36049,C10417,P20418,2025-06-26,4.0,10,137996.71
O36050,C10678,P20279,2025-12-29,5.0,10,300671.73
O36051,C11152,P20317,2025-01-22,1.0,10,59608.23
O36052,C11261,P20479,2025-09-07,7.0,5,448946.89
O36053,C10803,P20421,2025-03-14,3.0,0,196222.41
O36054,C10619,P20269,2025-04-01,4.0,15,64736.85
O36055,C11152,P20481,2025-06-25,2.0,5,62827.45
O36056,C10707,P20199,2025-05-06,7.0,10,63567.5
O36057,C10851,P20224,2025-07-23,6.0,20,58253.14
O36058,C11418,P20263,2025-09-03,6.0,20,202927.49
O36059,C10475,P20426,2025-09-28,5.0,10,121914.0
O36060,C10655,P20166,2025-02-13,5.0,0,128046.65
O36061,C10395,P20180,2025-06-17,4.0,5,83940.1
O36062,C10111,P20428,2026-03-11,3.0,15,83098.53
O36063,C10090,P20192,2025-01-30,3.0,0,76857.51
O36064,C10763,P20397,2025-12-23,2.0,20,118384.98
O36065,C11304,P20216,2026-05-06,2.0,0,129627.98
O36066,C11357,P20284,2025-09-05,4.0,10,222574.79
O36067,C11248,P20352,2025-09-10,1.0,5,46720.7
O36068,C11125,P20107,2026-01-17,3.0,0,36889.05
O36069,C10132,P20466,2026-06-20,7.0,15,133544.36
O36070,C11037,P20098,2026-02-23,7.0,10,406928.91
O36071,C10457,P20368,2025-05-03,7.0,0,440002.36
O36072,C11465,P20482,2025-10-21,1.0,5,3035.38
O36073,C10098,P20499,2025-05-23,1.0,10,33114.71
O36074,C11144,P20230,2026-05-26,4.0,0,252028.64
O36075,C10293,P20257,2025-02-26,2.0,15,2979.71
O36076,C11840,P20043,2025-02-11,1.0,0,56336.45
O36077,C11735,P20242,2025-05-01,4.0,0,3334.04
O36078,C11025,P20042,2025-12-09,2.0,0,117580.24
O36079,C10572,P20095,2025-11-28,1.0,0,67995.64
O36080,C10250,P20434,2026-04-01,1.0,0,17660.58
O36081,C10652,P20254,2026-03-13,7.0,20,322058.07
O36082,C10149,P20188,2025-12-07,2.0,0,129916.34
O36083,C11419,P20385,2025-12-07,6.0,0,232211.52
O36084,C10044,P20307,2026-02-20,2.0,0,141390.3
O36085,C11907,P20400,2025-07-01,5.0,10,232348.9
O36086,C11722,P20167,2025-09-21,7.0,10,192556.98
O36087,C11644,P20271,2025-07-29,5.0,10,306865.12
O36088,C11068,P20125,2026-06-07,4.0,0,135742.72
O36089,C11102,P20161,2025-07-01,4.0,10,66227.8
O36090,C11250,P20087,2026-03-20,3.0,10,111199.91
O36091,C10162,P20309,2025-09-08,5.0,5,9955.43
O36092,C11817,P20489,2025-05-18,2.0,5,12672.14
O36093,C10253,P20226,2025-08-06,5.0,10,277901.6
O36094,C10132,P20145,2026-03-30,6.0,0,439675.98
O36095,C11472,P20345,2025-03-28,7.0,0,77159.53
O36096,C11908,P20248,2025-10-20,4.0,0,106343.2
O36097,C11911,P20362,2025-04-02,6.0,5,307498.76
O36098,C10474,P20006,2025-07-27,4.0,0,146778.96
O36099,C11680,P20031,2025-07-23,6.0,10,18131.96
O36100,C11802,P20197,2025-07-05,4.0,15,66143.77
O36101,C11133,P20232,2025-03-26,2.0,10,83241.59
O36102,C10706,P20296,2025-06-05,6.0,5,202779.27
O36103,C11059,P20414,2025-10-20,7.0,10,129492.28
O36104,C11491,P20325,2026-06-17,1.0,10,7245.54
O36105,C11926,P20460,2025-06-10,4.0,5,50576.1
O36106,C10275,P20135,2026-01-21,5.0,10,108213.66
O36107,C10187,P20493,2026-04-30,1.0,10,18093.56
O36108,C10949,P20013,2026-05-18,5.0,0,305210.65
O36109,C10243,P20497,2025-06-05,4.0,5,30439.06
O36110,C10264,P20004,2025-05-23,2.0,0,28057.42
O36111,C11998,P20178,2025-10-11,7.0,20,57460.65
O36112,C10522,P20234,2025-02-04,7.0,0,270446.96
O36113,C10963,P20259,2025-08-12,1.0,0,31256.31
O36114,C11702,P20140,2026-01-28,1.0,5,36148.24
O36115,C11565,P20065,2026-02-12,4.0,15,167068.76
O36116,C10783,P20283,2026-01-23,7.0,5,474977.25
O36117,C11111,P20363,2025-10-24,7.0,10,60444.15
O36118,C10535,P20306,2025-11-19,6.0,10,247760.86
O36119,C10210,P20205,2026-05-03,4.0,10,231500.16
O36120,C10046,P20017,2025-02-08,4.0,15,129708.06
O36121,C11491,P20200,2026-05-20,7.0,0,419057.52
O36122,C11564,P20032,2026-05-18,3.0,15,10224.76
O36123,C10026,P20212,2026-06-21,2.0,15,37965.16
O36124,C11290,P20435,2025-11-12,6.0,15,243686.72
O36125,C10175,P20273,2026-05-11,2.0,10,66076.65
O36126,C11540,P20290,2025-04-27,7.0,15,326245.22
O36127,C11335,P20291,2025-12-08,4.0,0,108097.12
O36128,C10322,P20483,2025-08-28,3.0,0,112848.78
O36129,C11603,P20486,2026-03-21,7.0,0,423961.93
O36130,C11159,P20234,2026-05-02,4.0,0,154541.12
O36131,C10055,P20408,2026-02-15,4.0,10,131116.21
O36132,C12000,P20182,2025-10-25,2.0,0,35019.76
O36133,C11567,P20146,2025-02-21,7.0,0,99846.46
O36134,C11610,P20050,2025-10-31,3.0,10,198704.5
O36135,C11555,P20430,2025-10-15,2.0,15,95321.14
O36136,C11180,P20432,2025-04-28,4.0,10,174394.91
O36137,C11873,P20103,2026-02-28,5.0,15,111076.56
O36138,C10668,P20033,2025-07-28,1.0,10,42189.19
O36139,C10147,P20497,2025-05-07,7.0,15,47661.17
O36140,C11509,P20471,2025-10-20,6.0,5,191684.9
O36141,C10599,P20089,2026-06-03,4.0,20,16229.82
O36142,C10020,P20485,2025-08-10,6.0,0,120822.9
O36143,C11293,P20411,2025-03-18,3.0,15,167952.21
O36144,C10333,P20385,2025-12-04,7.0,10,243822.1
O36145,C11579,P20341,2025-10-02,5.0,10,238500.45
O36146,C10907,P20315,2025-04-27,6.0,10,387187.99
O36147,C10944,P20241,2025-10-19,7.0,15,366488.41
O36148,C10911,P20266,2025-09-28,6.0,15,218085.54
O36149,C10401,P20223,2026-03-23,3.0,0,50361.69
O36150,C10950,P20236,2025-06-06,4.0,0,292010.36
O36151,C11330,P20153,2025-07-03,4.0,0,65488.48
O36152,C10028,P20468,2026-02-28,1.0,0,9608.62
O36153,C10467,P20057,2025-01-16,3.0,0,123598.77
O36154,C11284,P20322,2025-04-08,5.0,10,285400.85
O36155,C11558,P20375,2025-10-27,1.0,5,16629.61
O36156,C10982,P20112,2026-02-26,7.0,10,150704.0
O36157,C11911,P20015,2025-11-03,3.0,5,165725.05
O36158,C10101,P20412,2025-10-01,4.0,10,25166.09
O36159,C10551,P20269,2025-09-18,1.0,0,19040.25
O36160,C10802,P20114,2025-08-27,4.0,10,129172.61
O36161,C10353,P20252,2025-11-28,2.0,10,129811.81
O36162,C11324,P20500,2025-04-25,2.0,0,78914.92
O36163,C11706,P20374,2025-09-25,1.0,0,9228.96
O36164,C10296,P20142,2025-01-12,1.0,0,47701.37
O36165,C10353,P20114,2025-03-14,3.0,15,91497.26
O36166,C10908,P20450,2026-02-10,7.0,10,269659.15
O36167,C11154,P20290,2025-06-27,5.0,10,246740.08
O36168,C11019,P20483,2025-09-16,5.0,0,188081.3
O36169,C11180,P20357,2026-02-04,2.0,0,99203.02
O36170,C11098,P20025,2025-09-27,2.0,0,43609.22
O36171,C11366,P20368,2026-05-01,2.0,0,125714.96
O36172,C11489,P20310,2025-02-28,4.0,0,160800.96
O36173,C11114,P20255,2025-09-23,5.0,0,31086.1
O36174,C11603,P20463,2025-03-16,1.0,10,30162.32
O36175,C10455,P20268,2025-03-31,2.0,5,140610.56
O36176,C11772,P20126,2026-05-20,6.0,5,109234.91
O36177,C10712,P20393,2025-12-23,3.0,10,77631.78
O36178,C10980,P20250,2025-06-03,7.0,10,247337.12
O36179,C11356,P20287,2025-08-06,1.0,10,55438.39
O36180,C10739,P20334,2026-05-01,7.0,0,17234.98
O36181,C10977,P20477,2026-06-24,1.0,15,39692.14
O36182,C11372,P20053,2025-05-10,1.0,15,25799.49
O36183,C10233,P20368,2025-03-07,5.0,0,314287.4
O36184,C11802,P20043,2025-05-24,2.0,0,112672.9
O36185,C11622,P20166,2026-01-15,3.0,15,65303.79
O36186,C11024,P20042,2025-11-09,7.0,15,349801.21
O36187,C10102,P20380,2026-02-11,4.0,0,15516.68
O36188,C10953,P20456,2026-02-11,3.0,0,1365.36
O36189,C10481,P20176,2025-10-04,3.0,15,113733.32
O36190,C11238,P20067,2026-02-13,6.0,0,278437.8
O36191,C10108,P20066,2025-11-10,3.0,15,67472.59
O36192,C11189,P20400,2025-09-06,4.0,0,206532.36
O36193,C10973,P20083,2026-04-06,3.0,15,18983.12
O36194,C11627,P20350,2026-02-03,6.0,0,37479.0
O36195,C10704,P20105,2026-03-27,3.0,0,168118.86
O36196,C10335,P20400,2026-04-16,7.0,20,289145.3
O36197,C10086,P20287,2026-03-10,2.0,0,123196.42
O36198,C10734,P20374,2026-03-22,6.0,0,55373.76
O36199,C10875,P20186,2025-04-13,2.0,15,15525.1
O36200,C11448,P20284,2025-11-24,2.0,0,123652.66
O36201,C11637,P20004,2025-09-03,1.0,0,14028.71
O36202,C11762,P20138,2025-02-27,6.0,0,137070.96
O36203,C10364,P20179,2025-04-15,3.0,10,49728.76
O36204,C10060,P20237,2025-03-10,7.0,10,96673.81
O36205,C11506,P20018,2025-10-29,7.0,15,382247.52
O36206,C11274,P20303,2025-06-02,7.0,5,467772.24
O36207,C10560,P20416,2026-06-21,5.0,5,257754.62
O36208,C10117,P20414,2025-02-04,5.0,5,97633.07
O36209,C11763,P20420,2025-01-15,5.0,15,276280.43
O36210,C10874,P20009,2025-04-16,7.0,10,193846.9
O36211,C10915,P20420,2025-03-15,4.0,15,221024.34
O36212,C10968,P20029,2025-10-12,7.0,20,133867.94
O36213,C10999,P20144,2025-07-16,2.0,0,18639.54
O36214,C11569,P20348,2025-10-07,2.0,5,73360.63
O36215,C10044,P20149,2025-06-02,7.0,10,384525.48
O36216,C10509,P20064,2025-10-18,2.0,0,52321.82
O36217,C11189,P20367,2025-05-22,6.0,0,311113.2
O36218,C11392,P20450,2025-11-08,4.0,15,145530.34
O36219,C11881,P20380,2025-02-01,3.0,5,11055.63
O36220,C11316,P20187,2025-01-26,1.0,10,64403.74
O36221,C10849,P20366,2025-09-12,7.0,10,243762.56
O36222,C11880,P20227,2025-02-25,7.0,10,148429.45
O36223,C10917,P20118,2025-10-20,6.0,0,282139.26
O36224,C10898,P20412,2025-08-18,2.0,10,12583.04
O36225,C10799,P20439,2025-02-22,3.0,5,38329.79
O36226,C10876,P20356,2025-04-11,5.0,15,295202.02
O36227,C11761,P20254,2026-04-12,7.0,5,382443.96
O36228,C10286,P20031,2025-09-24,1.0,15,2854.1
O36229,C11228,P20161,2025-01-02,5.0,5,87383.9
O36230,C10684,P20215,2025-01-22,7.0,20,289953.16
O36231,C11548,P20444,2025-07-31,3.0,15,156218.35
O36232,C10819,P20169,2025-08-24,3.0,10,127647.39
O36233,C10121,P20081,2026-06-13,5.0,5,95527.63
O36234,C10945,P20046,2026-01-23,6.0,5,50351.01
O36235,C11780,P20049,2025-01-14,1.0,10,25682.54
O36236,C11688,P20449,2026-06-03,5.0,10,36449.24
O36237,C11688,P20298,2025-08-10,5.0,5,140839.07
O36238,C11018,P20407,2026-02-07,6.0,10,29424.11
O36239,C11212,P20368,2026-05-28,5.0,10,282858.66
O36240,C10907,P20283,2025-10-14,1.0,0,71425.15
O36241,C10013,P20473,2026-01-19,4.0,0,90228.92
O36242,C10603,P20416,2025-09-04,1.0,0,54264.13
O36243,C10200,P20467,2025-04-01,6.0,0,418468.98
O36244,C10586,P20088,2025-11-08,5.0,5,59828.96
O36245,C11792,P20121,2026-03-13,2.0,15,27055.62
O36246,C11480,P20003,2025-02-12,2.0,5,102920.32
O36247,C10448,P20316,2025-03-15,3.0,0,53947.89
O36248,C11812,P20460,2025-11-12,4.0,5,50576.1
O36249,C11864,P20227,2025-05-24,7.0,20,131937.29
O36250,C10841,P20079,2025-11-25,7.0,0,153764.03
O36251,C11095,P20145,2025-07-28,6.0,20,351740.78
O36252,C10590,P20242,2025-04-09,3.0,0,2500.53
O36253,C11820,P20032,2025-04-24,7.0,0,28067.97
O36254,C11154,P20263,2025-06-24,3.0,10,114146.71
O36255,C10889,P20211,2025-09-28,2.0,5,133824.81
O36256,C10043,P20071,2025-03-04,1.0,10,67047.22
O36257,C10520,P20384,2026-02-08,3.0,15,146268.2
O36258,C11037,P20197,2025-08-13,3.0,0,58362.15
O36259,C10725,P20058,2025-06-10,7.0,10,446041.39
O36260,C10623,P20424,2025-02-05,4.0,10,82638.86
O36261,C10988,P20469,2026-01-16,7.0,15,291787.7
O36262,C10803,P20112,2025-11-14,2.0,5,45450.41
O36263,C10535,P20048,2026-04-01,1.0,0,62149.84
O36264,C10302,P20435,2025-09-26,4.0,10,172014.16
O36265,C11790,P20185,2025-12-10,1.0,20,39905.26
O36266,C10527,P20367,2025-02-09,7.0,0,362965.4
O36267,C11666,P20327,2026-02-18,1.0,0,7064.79
O36268,C11597,P20165,2026-01-15,3.0,0,11431.02
O36269,C11139,P20215,2025-08-10,4.0,10,186398.46
O36270,C10460,P20331,2025-10-08,3.0,0,184032.51
O36271,C10832,P20330,2025-08-13,5.0,0,319664.45
O36272,C10505,P20121,2026-04-02,1.0,10,14323.56
O36273,C11332,P20213,2025-06-03,4.0,0,143268.52
O36274,C10932,P20311,2025-10-07,2.0,0,103437.76
O36275,C11987,P20041,2025-12-19,3.0,5,102062.26
O36276,C10325,P20353,2025-02-08,5.0,5,311016.89
O36277,C10579,P20404,2026-05-04,6.0,0,422133.54
O36278,C10761,P20289,2025-07-17,5.0,0,168660.6
O36279,C11199,P20168,2025-10-03,5.0,5,86233.35
O36280,C10851,P20483,2025-06-21,3.0,10,101563.9
O36281,C11538,P20034,2026-05-23,2.0,5,9526.7
O36282,C11196,P20318,2026-02-09,7.0,10,47529.15
O36283,C10960,P20484,2025-09-28,4.0,0,229715.16
O36284,C10502,P20475,2025-05-11,1.0,0,12517.47
O36285,C10334,P20275,2026-01-20,2.0,15,7778.49
O36286,C10284,P20427,2026-02-01,3.0,0,60912.3
O36287,C10475,P20197,2025-10-23,6.0,5,110888.08
O36288,C11078,P20191,2026-01-18,4.0,15,5251.44
O36289,C11482,P20221,2026-05-27,1.0,10,49137.93
O36290,C11603,P20010,2026-01-30,6.0,10,114419.68
O36291,C11444,P20120,2025-09-17,4.0,10,101387.12
O36292,C11638,P20123,2025-10-08,1.0,0,70832.4
O36293,C10632,P20247,2025-12-22,7.0,20,108246.49
O36294,C10703,P20360,2026-02-24,1.0,15,16921.49
O36295,C10409,P20397,2025-07-11,5.0,0,369953.05
O36296,C10982,P20221,2026-03-04,6.0,15,278448.27
O36297,C11328,P20261,2025-12-14,6.0,5,196321.45
O36298,C11959,P20058,2026-03-05,3.0,10,191160.59
O36299,C10559,P20315,2026-01-27,2.0,0,143402.96
O36300,C10222,P20460,2025-12-07,7.0,5,88508.18
O36301,C11557,P20128,2026-02-06,5.0,0,317955.1
O36302,C10158,P20187,2025-02-16,5.0,5,339908.62
O36303,C10348,P20205,2026-03-01,4.0,0,257222.4
O36304,C11183,P20086,2026-06-01,6.0,5,74908.66
O36305,C10889,P20104,2025-11-24,1.0,10,2637.51
O36306,C11908,P20143,2025-03-28,1.0,15,39697.23
O36307,C10922,P20205,2026-05-30,7.0,0,450139.2
O36308,C11259,P20129,2025-06-14,4.0,15,53341.31
O36309,C10662,P20246,2025-08-11,6.0,5,193416.1
O36310,C10405,P20038,2025-10-24,3.0,15,34976.06
O36311,C11281,P20363,2026-03-27,1.0,5,9114.59
O36312,C10677,P20109,2025-12-09,5.0,15,62216.05
O36313,C10589,P20309,2025-12-07,5.0,10,9431.46
O36314,C11621,P20052,2026-04-06,6.0,5,338908.26
O36315,C10558,P20001,2026-01-27,1.0,0,9570.82
O36316,C10905,P20011,2026-06-21,1.0,20,8389.49
O36317,C11937,P20314,2026-02-25,3.0,15,165949.28
O36318,C11071,P20235,2026-01-16,6.0,5,306312.07
O36319,C11237,P20128,2025-01-05,1.0,0,63591.02
O36320,C10479,P20424,2025-01-04,3.0,10,61979.15
O36321,C10487,P20214,2025-11-12,5.0,20,227370.0
O36322,C11595,P20483,2025-03-19,3.0,0,112848.78
O36323,C10566,P20444,2026-06-15,1.0,15,52072.78
O36324,C11366,P20243,2025-12-21,2.0,0,68835.56
O36325,C10524,P20044,2025-02-02,6.0,20,165236.59
O36326,C10704,P20006,2025-05-19,7.0,10,231176.86
O36327,C11527,P20156,2025-09-29,1.0,0,74814.6
O36328,C11030,P20415,2025-07-15,2.0,0,114193.04
O36329,C10821,P20008,2025-05-07,5.0,10,84990.51
O36330,C11168,P20005,2025-12-15,6.0,10,134084.16
O36331,C10858,P20362,2025-02-13,7.0,15,320985.54
O36332,C11285,P20182,2025-09-01,4.0,10,63035.57
O36333,C10585,P20112,2025-01-09,6.0,5,136351.24
O36334,C10686,P20492,2025-03-20,5.0,15,95418.28
O36335,C10232,P20273,2025-07-09,5.0,10,165191.62
O36336,C10270,P20422,2025-03-27,5.0,15,134089.33
O36337,C10940,P20265,2026-04-30,3.0,15,116866.73
O36338,C11471,P20458,2025-09-28,7.0,15,232142.22
O36339,C10874,P20212,2026-05-28,5.0,0,111662.25
O36340,C11246,P20078,2025-01-20,4.0,10,185337.14
O36341,C10052,P20270,2026-05-04,1.0,5,36452.77
O36342,C10116,P20154,2025-05-10,2.0,5,89626.52
O36343,C10538,P20221,2025-01-07,6.0,5,311206.89
O36344,C11589,P20369,2025-11-06,6.0,15,124579.38
O36345,C11901,P20446,2026-04-18,5.0,0,341289.25
O36346,C10541,P20347,2025-04-12,2.0,5,26410.23
O36347,C11043,P20025,2025-12-04,5.0,0,109023.05
O36348,C10815,P20464,2025-11-15,3.0,0,6968.88
O36349,C11416,P20420,2026-05-28,2.0,10,117012.89
O36350,C10791,P20354,2025-01-25,5.0,0,92689.1
O36351,C11653,P20208,2026-03-06,5.0,0,201754.05
O36352,C10618,P20417,2025-05-23,4.0,5,3238.28
O36353,C10419,P20003,2025-05-29,4.0,0,216674.36
O36354,C10309,P20215,2025-02-24,7.0,0,362441.45
O36355,C11763,P20395,2026-04-16,4.0,15,2992.58
O36356,C10864,P20112,2025-12-29,7.0,15,142331.56
O36357,C10186,P20442,2025-07-28,3.0,0,31613.52
O36358,C10261,P20192,2025-07-04,7.0,0,179334.19
O36359,C11552,P20402,2025-03-06,2.0,15,53514.56
O36360,C11297,P20047,2025-04-22,3.0,0,58124.7
O36361,C10160,P20489,2025-09-20,1.0,10,6002.6
O36362,C10870,P20428,2025-03-17,5.0,10,146644.47
O36363,C10762,P20221,2025-10-23,5.0,10,245689.65
O36364,C10224,P20187,2025-06-27,5.0,20,286238.84
O36365,C11280,P20050,2025-01-01,4.0,5,279658.19
O36366,C10180,P20197,2025-05-28,5.0,5,92406.74
O36367,C10020,P20216,2025-05-09,7.0,10,408328.14
O36368,C11648,P20413,2026-05-28,4.0,20,171960.64
O36369,C10632,P20221,2026-05-17,1.0,15,46408.04
O36370,C11730,P20380,2025-05-29,3.0,10,10473.76
O36371,C11492,P20090,2025-09-26,3.0,15,61222.82
O36372,C11647,P20232,2025-04-15,7.0,0,323717.31
O36373,C11234,P20323,2026-04-11,3.0,5,13426.49
O36374,C11537,P20258,2025-10-08,4.0,0,57611.64
O36375,C10058,P20153,2026-02-11,6.0,0,98232.72
O36376,C11117,P20256,2025-12-24,6.0,10,20602.4
O36377,C11245,P20403,2025-07-22,2.0,15,39834.84
O36378,C10723,P20424,2025-10-08,6.0,10,123958.3
O36379,C11964,P20258,2025-09-14,2.0,10,25925.24
O36380,C11256,P20467,2025-04-04,1.0,0,69744.83
O36381,C11798,P20065,2025-11-20,2.0,10,88448.17
O36382,C11388,P20190,2025-12-28,1.0,5,48118.1
O36383,C10615,P20091,2025-12-17,5.0,10,75410.28
O36384,C10562,P20438,2025-03-03,7.0,0,120191.54
O36385,C10374,P20173,2025-07-06,3.0,10,110241.62
O36386,C10622,P20247,2026-06-26,7.0,5,128542.7
O36387,C11480,P20256,2025-10-31,6.0,10,20602.4
O36388,C10088,P20116,2026-03-12,4.0,0,121429.08
O36389,C11044,P20049,2025-08-01,1.0,5,27109.34
O36390,C11014,P20227,2026-02-10,6.0,5,134293.31
O36391,C10014,P20489,2025-05-14,4.0,10,24010.38
O36392,C10133,P20069,2025-08-07,4.0,10,63296.71
O36393,C11961,P20422,2026-02-25,3.0,15,80453.6
O36394,C11832,P20388,2025-11-15,7.0,10,303562.73
O36395,C11058,P20401,2025-06-06,5.0,0,305825.45
O36396,C10892,P20126,2025-07-07,5.0,10,86238.09
O36397,C11232,P20437,2026-04-21,7.0,5,388330.07
O36398,C11837,P20213,2025-06-11,2.0,0,71634.26
O36399,C11223,P20053,2025-05-09,6.0,10,163902.64
O36400,C10592,P20112,2025-10-31,5.0,0,119606.35
O36401,C10583,P20159,2025-03-30,3.0,0,70439.82
O36402,C11179,P20240,2025-06-11,6.0,10,153231.37
O36403,C11614,P20150,2025-02-05,4.0,10,27764.82
O36404,C11102,P20139,2025-08-15,1.0,10,2784.2
O36405,C11196,P20418,2025-05-31,1.0,0,38332.42
O36406,C10289,P20113,2025-02-16,5.0,15,269532.11
O36407,C11569,P20143,2025-08-19,2.0,10,84064.72
O36408,C11836,P20370,2026-06-23,1.0,15,56702.83
O36409,C11812,P20138,2025-06-14,2.0,10,41121.29
O36410,C11013,P20486,2025-03-07,1.0,10,54509.39
O36411,C10879,P20480,2025-03-21,2.0,0,94484.0
O36412,C11444,P20437,2025-05-20,7.0,10,367891.65
O36413,C10007,P20304,2026-02-04,2.0,10,91933.11
O36414,C11184,P20031,2025-05-10,4.0,0,13431.08
O36415,C10240,P20293,2026-03-22,3.0,10,15802.56
O36416,C11987,P20108,2025-01-29,1.0,10,36395.41
O36417,C11447,P20284,2025-07-21,6.0,10,333862.18
O36418,C10536,P20159,2025-08-25,5.0,5,111529.72
O36419,C11750,P20326,2025-12-05,3.0,0,67104.09
O36420,C10070,P20014,2026-02-03,4.0,0,78134.72
O36421,C11904,P20122,2026-03-15,4.0,10,188193.17
O36422,C10216,P20215,2025-10-16,4.0,0,207109.4
O36423,C11128,P20272,2025-09-09,5.0,0,294768.4
O36424,C11751,P20025,2025-04-10,1.0,20,17443.69
O36425,C11078,P20423,2026-02-26,1.0,0,33496.35
O36426,C10806,P20322,2025-01-18,7.0,10,399561.18
O36427,C10330,P20294,2026-04-16,7.0,15,53059.72
O36428,C10848,P20169,2025-01-07,2.0,10,85098.26
O36429,C11227,P20103,2026-02-23,2.0,10,47044.19
O36430,C11312,P20354,2026-01-15,6.0,20,88981.54
O36431,C10045,P20371,2026-05-23,2.0,15,20908.86
O36432,C10829,P20040,2025-04-24,5.0,10,155163.96
O36433,C10198,P20235,2026-05-26,3.0,5,153156.04
O36434,C11240,P20320,2026-04-14,7.0,5,66187.58
O36435,C11505,P20089,2025-04-03,1.0,15,4311.05
O36436,C11333,P20100,2026-05-07,2.0,15,1849.89
O36437,C10896,P20144,2025-04-12,7.0,15,55452.63
O36438,C11459,P20082,2026-05-08,5.0,10,58414.55
O36439,C10332,P20077,2026-06-20,5.0,5,302381.01
O36440,C10696,P20059,2026-04-30,6.0,0,114249.06
O36441,C10027,P20229,2026-04-24,2.0,0,75710.88
O36442,C11190,P20091,2025-06-16,7.0,10,105574.39
O36443,C10318,P20354,2025-05-20,7.0,0,129764.74
O36444,C11298,P20395,2025-04-04,6.0,0,5281.02
O36445,C11407,P20001,2025-06-30,7.0,15,56946.38
O36446,C10365,P20269,2025-01-04,4.0,0,76161.0
O36447,C11127,P20286,2026-01-24,4.0,15,150265.52
O36448,C10960,P20197,2025-09-29,4.0,0,77816.2
O36449,C11527,P20274,2025-05-12,2.0,15,120562.74
O36450,C11869,P20078,2026-05-27,5.0,5,244542.06
O36451,C10373,P20141,2025-02-21,5.0,0,152032.2
O36452,C11640,P20288,2025-10-17,1.0,10,26642.12
O36453,C11950,P20071,2026-03-22,7.0,15,443256.61
O36454,C10245,P20456,2025-08-25,4.0,5,1729.46
O36455,C11841,P20050,2026-05-06,2.0,10,132469.67
O36456,C11193,P20455,2025-10-07,1.0,20,34261.25
O36457,C11652,P20372,2025-02-13,5.0,0,66124.4
O36458,C11677,P20369,2025-12-25,7.0,15,145342.61
O36459,C11442,P20080,2026-06-10,7.0,0,107445.45
O36460,C11380,P20235,2026-04-07,1.0,5,51052.01
O36461,C10478,P20287,2025-04-11,4.0,0,246392.84
O36462,C10125,P20307,2026-04-06,7.0,5,470122.75
O36463,C10537,P20155,2025-09-25,7.0,0,485084.32
O36464,C10706,P20060,2025-12-28,7.0,0,54684.28
O36465,C11920,P20033,2026-02-12,3.0,5,133599.11
O36466,C11636,P20437,2025-02-06,4.0,10,210223.8
O36467,C11426,P20127,2026-04-13,4.0,10,120165.66
O36468,C11541,P20221,2025-09-16,2.0,10,98275.86
O36469,C10531,P20200,2026-05-24,3.0,0,179596.08
O36470,C11706,P20417,2025-11-05,7.0,15,5070.47
O36471,C10786,P20126,2025-09-30,6.0,5,109234.91
O36472,C10254,P20041,2025-04-20,3.0,0,107433.96
O36473,C10121,P20275,2025-09-17,3.0,10,12354.07
O36474,C11056,P20469,2025-09-25,5.0,10,220679.78
O36475,C10661,P20297,2025-02-01,1.0,0,53552.31
O36476,C11802,P20085,2025-06-26,5.0,0,43817.4
O36477,C11061,P20089,2025-04-14,6.0,15,25866.28
O36478,C11713,P20042,2025-08-24,3.0,5,167551.84
O36479,C11366,P20120,2025-04-03,2.0,5,53509.87
O36480,C11037,P20279,2025-07-20,6.0,15,340761.29
O36481,C11207,P20459,2025-02-04,7.0,0,379746.78
O36482,C11681,P20033,2025-04-27,4.0,10,168756.77
O36483,C11289,P20276,2026-04-03,7.0,0,488919.2
O36484,C10088,P20153,2026-04-16,4.0,0,65488.48
O36485,C11964,P20090,2026-02-03,5.0,0,120044.75
O36486,C11486,P20104,2025-04-27,7.0,10,18462.59
O36487,C10046,P20436,2025-12-28,6.0,0,446837.28
O36488,C11416,P20012,2025-07-23,5.0,10,246071.34
O36489,C11143,P20160,2025-05-26,2.0,20,48183.55
O36490,C10933,P20417,2026-03-20,4.0,10,3067.85
O36491,C11555,P20458,2025-10-24,7.0,0,273108.5
O36492,C11471,P20196,2026-05-02,5.0,0,220108.35
O36493,C11756,P20399,2025-08-19,7.0,5,198420.97
O36494,C11966,P20307,2025-07-22,1.0,5,67160.39
O36495,C10745,P20262,2025-12-28,5.0,20,87928.24
O36496,C11630,P20091,2026-01-30,5.0,20,67031.36
O36497,C10967,P20197,2025-09-05,3.0,5,55444.04
O36498,C10763,P20069,2026-03-16,1.0,0,17582.42
O36499,C10762,P20466,2026-01-31,1.0,15,19077.77
O36500,C10794,P20220,2025-12-22,7.0,10,16204.04
O36501,C10744,P20419,2026-02-05,2.0,5,20343.62
O36502,C11070,P20379,2025-08-29,7.0,5,373218.81
O36503,C11910,P20214,2025-12-07,3.0,5,162001.12
O36504,C11532,P20418,2025-08-17,1.0,15,32582.56
O36505,C10558,P20447,2026-06-27,3.0,0,191786.22
O36506,C11995,P20452,2026-06-23,3.0,15,88000.12
O36507,C10526,P20146,2026-06-13,4.0,0,57055.12
O36508,C10597,P20233,2025-09-24,7.0,15,79865.12
O36509,C11855,P20371,2025-05-09,1.0,5,11684.36
O36510,C10840,P20410,2025-08-08,4.0,0,77090.64
O36511,C10003,P20234,2025-03-23,7.0,0,270446.96
O36512,C11052,P20214,2025-01-20,5.0,10,255791.25
O36513,C11405,P20367,2025-11-23,7.0,0,362965.4
O36514,C10157,P20481,2025-02-06,5.0,10,148801.86
O36515,C10855,P20061,2026-01-17,4.0,0,118706.52
O36516,C11938,P20363,2025-02-08,5.0,0,47971.55
O36517,C11955,P20078,2025-04-19,4.0,5,195633.65
O36518,C10511,P20095,2026-03-05,7.0,10,428372.53
O36519,C11357,P20330,2025-03-05,2.0,5,121472.49
O36520,C11868,P20499,2025-06-24,3.0,5,104863.24
O36521,C10687,P20216,2025-02-01,2.0,10,116665.18
O36522,C11138,P20213,2026-06-15,1.0,5,34026.27
O36523,C11413,P20304,2025-04-16,2.0,0,102147.9
O36524,C11511,P20200,2026-04-27,2.0,0,119730.72
O36525,C11867,P20352,2025-07-25,5.0,0,245898.4
O36526,C11274,P20031,2025-09-04,6.0,10,18131.96
O36527,C10571,P20290,2025-03-30,7.0,5,364627.01
O36528,C10715,P20343,2025-11-12,6.0,5,321307.29
O36529,C11339,P20473,2025-01-11,4.0,10,81206.03
O36530,C10239,P20135,2025-02-18,1.0,0,24047.48
O36531,C11258,P20083,2025-06-20,6.0,10,40199.54
O36532,C10303,P20391,2025-05-23,5.0,0,2511.5
O36533,C10607,P20047,2025-07-26,1.0,10,17437.41
O36534,C10991,P20392,2026-04-08,3.0,10,172235.7
O36535,C11677,P20206,2026-05-24,4.0,15,119597.69
O36536,C10334,P20385,2025-07-20,5.0,15,164483.16
O36537,C10113,P20381,2025-01-05,2.0,10,128078.05
O36538,C11645,P20077,2025-07-30,7.0,15,378772.0
O36539,C10362,P20259,2025-01-29,3.0,0,93768.93
O36540,C11881,P20437,2025-07-09,2.0,0,116791.0
O36541,C10801,P20092,2025-07-07,6.0,15,197845.83
O36542,C10097,P20422,2025-05-30,7.0,15,187725.06
O36543,C11982,P20435,2026-06-09,1.0,5,45392.62
O36544,C11871,P20399,2026-01-01,3.0,5,85037.56
O36545,C10016,P20100,2025-06-06,7.0,15,6474.61
O36546,C10556,P20383,2025-03-21,7.0,0,5653.9
O36547,C11978,P20195,2025-09-30,5.0,0,106944.2
O36548,C10376,P20192,2026-06-02,2.0,10,46114.51
O36549,C10742,P20068,2025-08-20,6.0,0,398370.9
O36550,C10390,P20389,2025-06-09,2.0,5,112174.04
O36551,C10620,P20242,2025-12-10,1.0,15,708.48
O36552,C11241,P20090,2025-10-16,1.0,0,24008.95
O36553,C11423,P20345,2025-07-24,6.0,15,56216.23
O36554,C11284,P20010,2025-11-01,4.0,20,67804.26
O36555,C10824,P20264,2025-12-26,6.0,15,44173.7
O36556,C10320,P20268,2026-02-04,4.0,20,236817.79
O36557,C10196,P20320,2026-03-25,6.0,5,56732.21
O36558,C11502,P20118,2025-04-16,6.0,10,253925.33
O36559,C10418,P20250,2025-03-23,1.0,15,33370.88
O36560,C11499,P20059,2025-12-08,4.0,5,72357.74
O36561,C10607,P20195,2026-02-25,6.0,5,121916.39
O36562,C10568,P20475,2025-02-18,7.0,10,78860.06
O36563,C10544,P20050,2025-07-25,2.0,10,132469.67
O36564,C10231,P20407,2025-08-06,1.0,10,4904.02
O36565,C10884,P20296,2026-03-12,7.0,10,224124.45
O36566,C10521,P20378,2025-11-18,7.0,10,67290.17
O36567,C10703,P20097,2025-08-19,3.0,10,108275.89
O36568,C11897,P20462,2026-05-02,1.0,5,50986.63
O36569,C11224,P20127,2026-03-05,6.0,0,200276.1
O36570,C10846,P20246,2025-10-11,5.0,10,152696.93
O36571,C10673,P20087,2026-05-01,5.0,0,205925.75
O36572,C11623,P20479,2025-10-03,7.0,20,378060.54
O36573,C10021,P20077,2026-03-09,7.0,15,378772.0
O36574,C11335,P20377,2025-07-04,1.0,10,55516.42
O36575,C10588,P20204,2025-08-04,3.0,20,92957.69
O36576,C11977,P20483,2025-04-07,1.0,10,33854.63
O36577,C10898,P20146,2025-04-29,3.0,0,42791.34
O36578,C11677,P20149,2025-12-31,6.0,10,329593.27
O36579,C11662,P20493,2026-02-07,2.0,0,40207.92
O36580,C11787,P20111,2026-02-01,2.0,5,39111.16
O36581,C11924,P20490,2026-04-03,3.0,5,185261.17
O36582,C11620,P20129,2025-11-14,7.0,10,98838.31
O36583,C11458,P20253,2026-01-17,4.0,5,181649.61
O36584,C10371,P20166,2025-05-22,2.0,5,48657.73
O36585,C11584,P20297,2026-04-02,5.0,0,267761.55
O36586,C11915,P20426,2026-05-16,1.0,5,25737.4
O36587,C10078,P20495,2025-11-19,6.0,0,449574.0
O36588,C11566,P20137,2025-09-25,4.0,0,115381.32
O36589,C11309,P20279,2026-05-02,7.0,10,420940.42
O36590,C10648,P20334,2025-06-09,5.0,0,12310.7
O36591,C10140,P20011,2025-01-14,1.0,0,10486.86
O36592,C10553,P20071,2025-06-04,5.0,0,372484.55
O36593,C10998,P20159,2025-04-11,4.0,10,84527.78
O36594,C10282,P20216,2025-02-12,3.0,15,165275.67
O36595,C11586,P20026,2025-07-12,1.0,20,43547.85
O36596,C11282,P20286,2025-11-07,5.0,10,198880.83
O36597,C11847,P20162,2026-04-10,6.0,5,88353.13
O36598,C11384,P20430,2025-06-12,7.0,0,392498.82
O36599,C10440,P20102,2025-12-17,6.0,0,383196.66
O36600,C10270,P20069,2025-08-22,5.0,10,79120.89
O36601,C11158,P20133,2026-02-07,7.0,5,418578.13
O36602,C10746,P20189,2025-12-17,4.0,10,156304.94
O36603,C11664,P20211,2025-06-16,4.0,0,281736.44
O36604,C10104,P20243,2025-05-28,7.0,0,240924.46
O36605,C10766,P20166,2025-01-28,6.0,0,153655.98
O36606,C10095,P20412,2025-09-16,6.0,10,37749.13
O36607,C11873,P20410,2026-03-18,7.0,0,134908.62
O36608,C10729,P20061,2026-06-11,4.0,10,106835.87
O36609,C11597,P20362,2025-07-30,3.0,0,161841.45
O36610,C10480,P20279,2026-06-27,2.0,5,126950.29
O36611,C10780,P20430,2026-03-21,5.0,0,280356.3
O36612,C11265,P20113,2026-03-29,3.0,0,190257.96
O36613,C10013,P20030,2026-02-08,5.0,0,319801.35
O36614,C11171,P20323,2025-03-07,6.0,0,28266.3
O36615,C11964,P20476,2026-02-09,3.0,0,69054.15
O36616,C11776,P20161,2026-03-11,6.0,15,93822.71
O36617,C10601,P20234,2025-08-16,7.0,0,270446.96
O36618,C10095,P20387,2026-04-21,7.0,0,275313.57
O36619,C11851,P20453,2026-04-13,6.0,10,161676.86
O36620,C10293,P20377,2025-04-11,6.0,10,333098.51
O36621,C10025,P20339,2026-02-27,1.0,0,59809.37
O36622,C11296,P20170,2025-12-22,2.0,10,86645.59
O36623,C11529,P20318,2025-05-19,6.0,10,40739.27
O36624,C11190,P20186,2025-05-11,5.0,0,45662.05
O36625,C10939,P20057,2026-04-13,4.0,5,156558.44
O36626,C10762,P20240,2026-04-25,2.0,0,56752.36
O36627,C11111,P20257,2025-04-21,5.0,0,8763.85
O36628,C10654,P20358,2025-06-02,1.0,20,23472.8
O36629,C11670,P20201,2025-08-30,6.0,0,229462.62
O36630,C10985,P20444,2025-10-06,5.0,0,306310.5
O36631,C11815,P20325,2025-12-29,5.0,20,32202.4
O36632,C10638,P20315,2026-02-12,5.0,10,322656.66
O36633,C11852,P20302,2025-06-24,2.0,10,84606.55
O36634,C10491,P20106,2025-05-15,6.0,10,325146.2
O36635,C11932,P20290,2026-05-21,5.0,10,246740.08
O36636,C11165,P20101,2025-10-21,4.0,10,107058.71
O36637,C11892,P20097,2026-05-10,6.0,0,240613.08
O36638,C11127,P20153,2026-02-23,3.0,5,46660.54
O36639,C11250,P20426,2025-07-25,4.0,0,108368.0
O36640,C11926,P20029,2025-11-14,1.0,0,23904.99
O36641,C10575,P20153,2025-03-14,7.0,5,108874.6
O36642,C10294,P20438,2025-09-16,2.0,10,30906.4
O36643,C10896,P20379,2025-12-24,3.0,0,168369.39
O36644,C11330,P20073,2025-05-28,2.0,0,84957.2
O36645,C11278,P20254,2025-08-13,2.0,10,103518.67
O36646,C11204,P20451,2025-04-15,5.0,10,180006.75
O36647,C10040,P20399,2025-12-22,4.0,15,101448.32
O36648,C10776,P20004,2026-06-22,3.0,10,37877.52
O36649,C11725,P20237,2025-09-18,5.0,20,61380.2
O36650,C10520,P20038,2025-03-11,3.0,10,37033.47
O36651,C11640,P20020,2026-03-23,6.0,10,326388.04
O36652,C11761,P20113,2026-03-23,6.0,15,323438.53
O36653,C10546,P20023,2025-09-14,4.0,15,227926.92
O36654,C10236,P20421,2026-06-15,5.0,10,294333.62
O36655,C10463,P20446,2025-04-29,3.0,5,194534.87
O36656,C11252,P20367,2025-03-07,7.0,0,362965.4
O36657,C11724,P20136,2025-09-02,6.0,15,4873.87
O36658,C11849,P20421,2025-02-26,5.0,10,294333.62
O36659,C10483,P20248,2025-02-13,2.0,15,45195.86
O36660,C10430,P20301,2026-06-08,6.0,0,357752.52
O36661,C11046,P20097,2026-02-28,1.0,0,40102.18
O36662,C10343,P20033,2026-06-20,3.0,5,133599.11
O36663,C11064,P20135,2026-01-30,7.0,15,143082.51
O36664,C11197,P20255,2026-03-26,6.0,15,31707.82
O36665,C11463,P20278,2025-09-14,4.0,0,164734.64
O36666,C11203,P20133,2025-12-27,3.0,10,169949.02
O36667,C11622,P20238,2026-01-15,1.0,0,1012.89
O36668,C10133,P20015,2026-03-19,3.0,5,165725.05
O36669,C10351,P20277,2026-06-18,3.0,5,11607.76
O36670,C11549,P20126,2026-04-19,6.0,10,103485.71
O36671,C11564,P20345,2025-06-06,3.0,15,28108.11
O36672,C10506,P20017,2025-03-30,4.0,0,152597.72
O36673,C10084,P20312,2025-07-21,1.0,5,53416.39
O36674,C10993,P20050,2026-04-07,6.0,10,397409.0
O36675,C11488,P20135,2026-04-26,1.0,0,24047.48
O36676,C10830,P20118,2026-03-30,4.0,20,150474.27
O36677,C10861,P20378,2026-04-15,3.0,15,27236.5
O36678,C10343,P20306,2026-01-15,3.0,0,137644.92
O36679,C11304,P20060,2026-02-05,6.0,5,44528.63
O36680,C10866,P20125,2025-03-20,1.0,0,33935.68
O36681,C11287,P20467,2026-01-21,3.0,5,198772.77
O36682,C11190,P20116,2025-12-09,7.0,10,191250.8
O36683,C10293,P20391,2026-03-21,2.0,0,1004.6
O36684,C11533,P20424,2025-02-21,3.0,15,58535.86
O36685,C11604,P20173,2025-09-08,7.0,10,257230.45
O36686,C11250,P20187,2025-11-25,3.0,20,171743.3
O36687,C11194,P20498,2026-05-09,5.0,0,220010.65
O36688,C10598,P20088,2025-12-16,1.0,15,10706.23
O36689,C10645,P20203,2026-04-04,1.0,10,21159.4
O36690,C10448,P20361,2026-05-13,7.0,0,306017.6
O36691,C10690,P20311,2025-05-05,2.0,0,103437.76
O36692,C11002,P20320,2025-07-23,2.0,15,16920.13
O36693,C10855,P20449,2025-01-21,2.0,5,15389.68
O36694,C10502,P20182,2025-12-28,1.0,5,16634.39
O36695,C10764,P20352,2025-12-27,5.0,15,209013.64
O36696,C11551,P20168,2025-04-26,5.0,0,90771.95
O36697,C10735,P20181,2025-02-24,4.0,5,263514.5
O36698,C11403,P20300,2025-10-19,1.0,10,23611.72
O36699,C11225,P20447,2025-02-20,4.0,10,230143.46
O36700,C11643,P20130,2025-09-11,3.0,0,214264.65
O36701,C10250,P20463,2026-05-07,2.0,10,60324.64
O36702,C11973,P20149,2025-08-13,4.0,10,219728.84
O36703,C11433,P20472,2026-04-14,6.0,10,225084.26
O36704,C10601,P20306,2025-04-13,4.0,10,165173.9
O36705,C10125,P20209,2025-02-17,1.0,0,53887.0
O36706,C10113,P20111,2025-12-08,2.0,15,34994.19
O36707,C10981,P20436,2025-08-21,2.0,5,141498.47
O36708,C11161,P20500,2025-08-16,5.0,20,157829.84
O36709,C11783,P20137,2026-06-06,4.0,0,115381.32
O36710,C11520,P20355,2025-01-13,5.0,5,161135.25
O36711,C11702,P20404,2026-05-14,4.0,0,281422.36
O36712,C10150,P20211,2026-03-21,1.0,10,63390.7
O36713,C10875,P20146,2025-12-06,1.0,0,14263.78
O36714,C10343,P20084,2025-11-20,3.0,10,85345.57
O36715,C11969,P20030,2025-06-06,4.0,15,217464.92
O36716,C10580,P20488,2026-03-07,4.0,0,247335.44
O36717,C11757,P20065,2026-02-11,2.0,0,98275.74
O36718,C10783,P20024,2025-06-07,7.0,15,174163.76
O36719,C10321,P20472,2025-07-04,2.0,5,79196.31
O36720,C10822,P20431,2026-05-06,7.0,5,8252.32
O36721,C11950,P20211,2026-06-20,5.0,0,352170.55
O36722,C11885,P20222,2025-12-23,3.0,5,186928.14
O36723,C10532,P20090,2025-12-28,1.0,0,24008.95
O36724,C11313,P20106,2025-08-12,4.0,10,216764.14
O36725,C11513,P20172,2025-07-23,5.0,5,264303.92
O36726,C10492,P20230,2025-01-08,3.0,10,170119.33
O36727,C10612,P20413,2026-04-17,2.0,0,107475.4
O36728,C10252,P20077,2025-06-21,3.0,5,181428.61
O36729,C11101,P20068,2025-04-06,5.0,0,331975.75
O36730,C11671,P20365,2025-11-02,1.0,15,35199.55
O36731,C11416,P20401,2025-09-15,2.0,5,116213.67
O36732,C11436,P20353,2026-04-19,6.0,0,392863.44
O36733,C10173,P20389,2025-10-27,2.0,0,118077.94
O36734,C10875,P20092,2026-04-10,1.0,0,38793.3
O36735,C10201,P20088,2025-11-24,7.0,0,88168.99
O36736,C10217,P20465,2025-04-20,2.0,5,64334.63
O36737,C10376,P20050,2025-05-09,5.0,0,367971.3
O36738,C11744,P20103,2025-05-17,7.0,20,146359.7
O36739,C11610,P20368,2026-06-23,2.0,0,125714.96
O36740,C10011,P20424,2025-06-13,4.0,10,82638.86
O36741,C11823,P20492,2025-12-15,3.0,0,67354.08
O36742,C11792,P20046,2026-04-08,7.0,0,61834.57
O36743,C11036,P20179,2026-05-19,5.0,20,73672.24
O36744,C10892,P20267,2025-05-31,1.0,15,50542.6
O36745,C11614,P20268,2025-09-03,5.0,10,333025.02
O36746,C10435,P20397,2025-04-20,4.0,10,266366.2
O36747,C11708,P20320,2025-10-02,7.0,20,55736.91
O36748,C11632,P20008,2025-03-08,2.0,10,33996.2
O36749,C10818,P20449,2025-02-19,2.0,0,16199.66
O36750,C11397,P20265,2026-05-30,6.0,0,274980.54
O36751,C11297,P20476,2025-08-14,5.0,10,103581.22
O36752,C10931,P20386,2026-05-21,2.0,10,105333.44
O36753,C11921,P20078,2025-06-04,2.0,10,92668.57
O36754,C11949,P20397,2026-04-25,4.0,0,295962.44
O36755,C10691,P20240,2025-04-21,1.0,15,24119.75
O36756,C11600,P20258,2026-04-28,6.0,10,77775.71
O36757,C11533,P20196,2025-10-01,6.0,10,237717.02
O36758,C11156,P20460,2025-06-04,6.0,0,79857.0
O36759,C10855,P20432,2025-06-16,7.0,20,271280.97
O36760,C11948,P20330,2025-01-19,3.0,10,172618.8
O36761,C10784,P20131,2025-12-11,5.0,10,116268.16
O36762,C10319,P20452,2025-10-21,1.0,15,29333.37
O36763,C10844,P20390,2026-04-07,3.0,15,77932.0
O36764,C11973,P20343,2025-12-04,1.0,0,56369.7
O36765,C11877,P20261,2026-03-28,5.0,15,146380.03
O36766,C10621,P20242,2025-12-10,6.0,10,4500.95
O36767,C10785,P20387,2025-03-26,4.0,0,157322.04
O36768,C11192,P20394,2026-01-24,4.0,0,149417.56
O36769,C10397,P20171,2025-08-15,4.0,5,242564.15
O36770,C11204,P20147,2025-10-13,1.0,10,30205.77
O36771,C11082,P20270,2025-10-11,5.0,10,172671.03
O36772,C11504,P20149,2025-04-19,2.0,0,122071.58
O36773,C11957,P20380,2025-05-15,2.0,15,6594.59
O36774,C11615,P20299,2025-10-18,4.0,15,66727.41
O36775,C10460,P20028,2026-05-23,7.0,10,407786.21
O36776,C10061,P20149,2025-01-29,1.0,15,51880.42
O36777,C10369,P20420,2026-01-29,2.0,15,110512.17
O36778,C11145,P20280,2025-01-27,1.0,0,19925.25
O36779,C10719,P20182,2026-04-12,5.0,10,78794.46
O36780,C10546,P20166,2025-01-13,7.0,20,143412.25
O36781,C11606,P20017,2026-03-21,7.0,0,267046.01
O36782,C11041,P20150,2025-08-12,4.0,20,24679.84
O36783,C10496,P20339,2026-04-08,3.0,0,179428.11
O36784,C10497,P20045,2025-01-21,4.0,5,241191.13
O36785,C10505,P20330,2026-01-22,3.0,10,172618.8
O36786,C11556,P20189,2025-11-22,7.0,10,273533.65
O36787,C10969,P20139,2026-04-12,2.0,10,5568.41
O36788,C11339,P20061,2026-06-06,7.0,5,197349.59
O36789,C11093,P20294,2025-08-13,6.0,10,48155.04
O36790,C11751,P20322,2026-04-20,3.0,10,171240.51
O36791,C10161,P20033,2026-04-03,6.0,5,267198.22
O36792,C11638,P20299,2025-08-01,1.0,10,17663.14
O36793,C11912,P20415,2026-04-26,7.0,15,339724.29
O36794,C10718,P20112,2025-06-29,6.0,0,143527.62
O36795,C11169,P20291,2026-06-22,3.0,5,77019.2
O36796,C11593,P20037,2026-06-11,2.0,0,50987.68
O36797,C11619,P20431,2025-01-22,2.0,10,2233.71
O36798,C10993,P20495,2025-12-11,7.0,0,524503.0
O36799,C11409,P20100,2025-01-21,4.0,5,4135.05
O36800,C10269,P20023,2026-02-12,2.0,0,134074.66
O36801,C11947,P20420,2026-05-02,1.0,0,65007.16
O36802,C11478,P20424,2026-06-12,3.0,5,65422.43
O36803,C10699,P20487,2026-02-20,5.0,5,90772.36
O36804,C11542,P20218,2025-09-29,2.0,5,61154.01
O36805,C10865,P20089,2025-07-24,6.0,0,30430.92
O36806,C10350,P20209,2025-10-25,3.0,15,137411.85
O36807,C10110,P20271,2025-04-18,4.0,0,272769.0
O36808,C11507,P20421,2025-06-01,5.0,15,277981.75
O36809,C10407,P20237,2025-01-13,4.0,10,55242.18
O36810,C10650,P20388,2025-03-20,1.0,0,48184.56
O36811,C10051,P20406,2025-06-18,4.0,5,34925.38
O36812,C11427,P20209,2025-09-06,3.0,20,129328.8
O36813,C11587,P20278,2025-05-01,5.0,10,185326.47
O36814,C11500,P20465,2026-01-22,7.0,0,237022.31
O36815,C11111,P20206,2026-03-15,4.0,5,133668.0
O36816,C11092,P20078,2025-09-29,4.0,5,195633.65
O36817,C10596,P20401,2025-10-27,7.0,15,363932.29
O36818,C10979,P20328,2026-04-18,6.0,15,256019.18
O36819,C11066,P20098,2025-06-07,6.0,0,387551.34
O36820,C10731,P20346,2025-08-15,1.0,0,14150.04
O36821,C10057,P20365,2026-02-25,7.0,0,289878.68
O36822,C10738,P20350,2025-01-24,7.0,20,34980.4
O36823,C10196,P20470,2026-06-22,3.0,10,11443.06
O36824,C11784,P20336,2026-06-24,4.0,15,9246.2
O36825,C11702,P20094,2025-05-08,3.0,5,160903.25
O36826,C11086,P20080,2025-04-04,2.0,10,27628.83
O36827,C11287,P20038,2026-02-25,1.0,0,13716.1
O36828,C10112,P20408,2025-09-29,6.0,15,185747.97
O36829,C10765,P20228,2026-04-29,7.0,5,201539.95
O36830,C10711,P20483,2025-01-05,1.0,15,31973.82
O36831,C11202,P20134,2025-06-06,1.0,0,60700.22
O36832,C10948,P20196,2025-02-21,3.0,10,118858.51
O36833,C10026,P20466,2025-08-31,7.0,5,149255.46
O36834,C10410,P20390,2026-02-24,6.0,0,183369.42
O36835,C10758,P20282,2026-03-01,6.0,5,139806.01
O36836,C10531,P20101,2025-03-21,4.0,10,107058.71
O36837,C11801,P20475,2025-12-20,4.0,0,50069.88
O36838,C11341,P20425,2025-10-20,3.0,0,161491.47
O36839,C11556,P20075,2025-04-26,3.0,5,61445.0
O36840,C11130,P20294,2026-06-13,2.0,0,17835.2
O36841,C10749,P20208,2026-04-25,5.0,5,191666.35
O36842,C11842,P20083,2025-10-15,5.0,5,35360.71
O36843,C11488,P20427,2026-04-22,1.0,0,20304.1
O36844,C10246,P20437,2025-01-25,4.0,0,233582.0
O36845,C11105,P20143,2026-03-07,6.0,15,238183.36
O36846,C10662,P20474,2025-10-05,7.0,0,240059.05
O36847,C10909,P20056,2025-11-13,1.0,10,48613.46
O36848,C10396,P20361,2025-12-24,7.0,5,290716.72
O36849,C10522,P20440,2025-10-03,6.0,20,312036.48
O36850,C11857,P20287,2025-12-10,4.0,0,246392.84
O36851,C11760,P20211,2026-03-07,4.0,15,239475.97
O36852,C10926,P20441,2026-03-15,2.0,5,63613.03
O36853,C10264,P20179,2026-04-07,3.0,0,55254.18
O36854,C11685,P20408,2025-09-27,7.0,0,254948.19
O36855,C10790,P20058,2026-03-07,3.0,5,201780.63
O36856,C11298,P20073,2025-01-21,3.0,0,127435.8
O36857,C11730,P20215,2025-05-23,5.0,5,245942.41
O36858,C11968,P20388,2025-12-19,3.0,15,122870.63
O36859,C10172,P20266,2026-04-10,5.0,5,203118.88
O36860,C10265,P20447,2026-04-13,6.0,5,364393.82
O36861,C11987,P20073,2026-05-28,1.0,10,38230.74
O36862,C11846,P20467,2026-04-09,7.0,10,439392.43
O36863,C11050,P20271,2026-01-29,5.0,0,340961.25
O36864,C11493,P20499,2025-02-27,4.0,10,132458.83
O36865,C11886,P20354,2025-05-06,2.0,5,35221.86
O36866,C10476,P20234,2026-04-06,7.0,0,270446.96
O36867,C10356,P20319,2025-02-21,2.0,0,8922.6
O36868,C11050,P20019,2025-09-26,4.0,0,225286.16
O36869,C10034,P20113,2025-04-06,6.0,5,361490.12
O36870,C10264,P20063,2025-09-30,7.0,0,452211.76
O36871,C11162,P20372,2025-11-19,1.0,5,12563.64
O36872,C10816,P20184,2025-05-13,2.0,10,50203.35
O36873,C11719,P20277,2025-03-30,7.0,10,25659.27
O36874,C10875,P20162,2025-01-05,4.0,10,55801.98
O36875,C10754,P20243,2025-12-23,2.0,10,61952.0
O36876,C10566,P20145,2025-12-09,5.0,15,311437.15
O36877,C10462,P20146,2025-07-23,6.0,15,72745.28
O36878,C11192,P20081,2026-04-16,2.0,15,34188.84
O36879,C11655,P20322,2026-04-09,6.0,0,380534.46
O36880,C10655,P20435,2026-05-12,6.0,0,286690.26
O36881,C10081,P20321,2025-03-04,5.0,5,21912.98
O36882,C10757,P20043,2025-08-27,7.0,5,374637.39
O36883,C11938,P20313,2026-06-24,6.0,0,97330.32
O36884,C11888,P20394,2025-07-17,5.0,0,186771.95
O36885,C10870,P20293,2025-01-30,2.0,20,9364.48
O36886,C11431,P20176,2025-07-28,2.0,0,89202.6
O36887,C11598,P20376,2025-03-04,6.0,5,47019.07
O36888,C11070,P20069,2025-02-26,5.0,0,87912.1
O36889,C10599,P20056,2026-03-09,2.0,10,97226.91
O36890,C11635,P20119,2025-11-04,6.0,5,67646.8
O36891,C10807,P20204,2026-04-11,7.0,0,271126.59
O36892,C11935,P20420,2025-04-17,1.0,20,52005.73
O36893,C11077,P20415,2025-10-28,3.0,10,154160.6
O36894,C10984,P20055,2025-02-15,7.0,10,182078.63
O36895,C10704,P20038,2025-03-18,7.0,20,76810.16
O36896,C11983,P20243,2025-06-18,3.0,5,98090.67
O36897,C10476,P20201,2025-05-09,4.0,10,137677.57
O36898,C10592,P20236,2025-09-25,6.0,0,438015.54
O36899,C10016,P20474,2026-02-23,3.0,10,92594.21
O36900,C11384,P20015,2025-06-10,1.0,0,58149.14
O36901,C10487,P20144,2025-02-27,6.0,0,55918.62
O36902,C11862,P20077,2026-01-19,3.0,5,181428.61
O36903,C10706,P20473,2026-05-25,3.0,0,67671.69
O36904,C11526,P20478,2026-03-06,1.0,5,21702.24
O36905,C11165,P20309,2025-12-06,5.0,5,9955.43
O36906,C10620,P20440,2025-01-26,3.0,10,175520.52
O36907,C11839,P20263,2026-01-07,7.0,0,295935.92
O36908,C11019,P20185,2025-02-05,4.0,0,199526.32
O36909,C10777,P20055,2026-06-15,7.0,10,182078.63
O36910,C10447,P20308,2025-09-24,3.0,10,159782.25
O36911,C10290,P20004,2026-03-08,3.0,0,42086.13
O36912,C10209,P20299,2025-01-19,1.0,5,18644.42
O36913,C11499,P20040,2025-12-05,1.0,10,31032.79
O36914,C10413,P20230,2025-05-20,6.0,0,378042.96
O36915,C10677,P20377,2025-03-08,4.0,5,234402.66
O36916,C11451,P20286,2026-06-14,2.0,0,88391.48
O36917,C11878,P20138,2026-01-04,1.0,15,19418.39
O36918,C11395,P20478,2025-09-18,2.0,0,45688.92
O36919,C11856,P20103,2025-07-22,4.0,0,104542.64
O36920,C10664,P20007,2026-02-14,3.0,15,5482.35
O36921,C11991,P20164,2025-03-21,6.0,0,413481.36
O36922,C10290,P20419,2025-04-23,3.0,5,30515.43
O36923,C11456,P20472,2025-05-17,7.0,0,291775.89
O36924,C11292,P20423,2025-07-08,6.0,20,160782.48
O36925,C10151,P20420,2025-10-04,2.0,15,110512.17
O36926,C11743,P20365,2025-04-13,7.0,10,260890.81
O36927,C11279,P20276,2025-04-17,4.0,0,279382.4
O36928,C11377,P20049,2025-06-22,4.0,0,114144.6
O36929,C11401,P20096,2025-11-27,1.0,5,53042.88
O36930,C11677,P20059,2025-07-10,2.0,0,38083.02
O36931,C10855,P20231,2025-08-13,6.0,10,264153.1
O36932,C11382,P20177,2025-11-19,1.0,10,33160.75
O36933,C10608,P20090,2026-05-23,2.0,15,40815.22
O36934,C11965,P20282,2025-05-14,7.0,0,171691.59
O36935,C10370,P20036,2025-02-06,1.0,10,45499.38
O36936,C11251,P20171,2025-04-03,1.0,10,57449.4
O36937,C10705,P20126,2025-03-16,4.0,5,72823.28
O36938,C11327,P20483,2025-07-02,4.0,15,127895.28
O36939,C10826,P20299,2026-04-04,3.0,0,58877.13
O36940,C11005,P20355,2026-02-13,3.0,10,91592.67
O36941,C11413,P20204,2025-07-26,4.0,15,131690.06
O36942,C10377,P20289,2025-09-02,4.0,0,134928.48
O36943,C10973,P20356,2025-11-29,7.0,5,461904.34
O36944,C10118,P20462,2026-06-09,1.0,0,53670.14
O36945,C11029,P20097,2025-10-21,3.0,10,108275.89
O36946,C10444,P20238,2025-09-30,4.0,10,3646.4
O36947,C11376,P20173,2026-01-14,2.0,0,81660.46
O36948,C10755,P20301,2025-01-26,2.0,10,107325.76
O36949,C11557,P20088,2026-06-28,3.0,15,32118.7
O36950,C11688,P20399,2025-04-01,2.0,15,50724.16
O36951,C10640,P20351,2026-04-21,6.0,5,302724.95
O36952,C10124,P20017,2025-07-07,1.0,5,36241.96
O36953,C10658,P20140,2025-07-14,3.0,15,97029.49
O36954,C11301,P20254,2026-06-18,6.0,5,327809.11
O36955,C10822,P20278,2025-03-26,4.0,10,148261.18
O36956,C11418,P20151,2025-03-18,7.0,10,203614.3
O36957,C10664,P20346,2025-11-26,7.0,5,94097.77
O36958,C10360,P20334,2026-01-18,6.0,0,14772.84
O36959,C10623,P20140,2026-03-09,2.0,0,76101.56
O36960,C11493,P20114,2026-01-12,1.0,5,34087.22
O36961,C11652,P20068,2025-12-07,4.0,5,252301.57
O36962,C11724,P20366,2025-06-26,5.0,15,164443.0
O36963,C11081,P20179,2026-03-02,1.0,5,17497.16
O36964,C11275,P20125,2026-02-28,2.0,0,67871.36
O36965,C11920,P20397,2025-06-23,1.0,5,70291.08
O36966,C10919,P20313,2026-02-10,7.0,0,113552.04
O36967,C11174,P20311,2025-03-23,5.0,0,258594.4
O36968,C10452,P20338,2025-01-21,5.0,0,193429.15
O36969,C11186,P20363,2026-02-02,1.0,0,9594.31
O36970,C10120,P20412,2025-11-26,7.0,0,48934.06
O36971,C10582,P20358,2025-08-13,4.0,0,117364.0
O36972,C11948,P20233,2026-02-06,7.0,10,84563.07
O36973,C11375,P20428,2026-03-14,6.0,0,195525.96
O36974,C10099,P20147,2025-09-29,4.0,0,134247.88
O36975,C11191,P20430,2025-10-07,5.0,15,238302.86
O36976,C11834,P20111,2025-08-11,3.0,10,55579.01
O36977,C11687,P20363,2026-05-24,3.0,0,28782.93
O36978,C11862,P20358,2025-12-08,4.0,0,117364.0
O36979,C12000,P20238,2025-02-11,3.0,10,2734.8
O36980,C10514,P20003,2025-06-25,4.0,5,205840.64
O36981,C10664,P20211,2025-09-02,2.0,0,140868.22
O36982,C10401,P20404,2025-09-10,4.0,0,281422.36
O36983,C10365,P20025,2025-10-01,2.0,15,37067.84
O36984,C11601,P20331,2025-11-30,6.0,10,331258.52
O36985,C11350,P20184,2025-01-11,5.0,5,132481.06
O36986,C10581,P20465,2025-06-01,3.0,0,101580.99
O36987,C11657,P20061,2025-07-08,6.0,0,178059.78
O36988,C10621,P20123,2025-07-30,6.0,5,403744.68
O36989,C10828,P20497,2025-04-07,7.0,15,47661.17
O36990,C10247,P20055,2025-12-05,7.0,0,202309.59
O36991,C10434,P20163,2025-02-16,5.0,20,286420.68
O36992,C11117,P20462,2025-02-26,1.0,0,53670.14
O36993,C11292,P20187,2025-03-16,1.0,5,67981.72
O36994,C10615,P20039,2025-09-11,6.0,0,127901.34
O36995,C10943,P20185,2025-06-19,6.0,10,269360.53
O36996,C10963,P20083,2025-05-26,7.0,5,49504.99
O36997,C10624,P20195,2025-02-02,5.0,10,96249.78
O36998,C10321,P20034,2026-05-30,4.0,5,19053.39
O36999,C11947,P20113,2025-09-14,4.0,5,240993.42
O37000,C11840,P20425,2025-05-06,3.0,10,145342.32
O37001,C10856,P20406,2025-04-23,5.0,0,45954.45
O37002,C10062,P20230,2025-12-08,1.0,5,59856.8
O37003,C10300,P20283,2025-02-17,5.0,0,357125.75
O37004,C10403,P20405,2025-12-30,5.0,5,241692.97
O37005,C10955,P20425,2026-02-02,7.0,10,339132.09
O37006,C11672,P20287,2025-07-14,3.0,0,184794.63
O37007,C11591,P20155,2025-11-17,4.0,15,235612.38
O37008,C11644,P20165,2025-05-18,6.0,15,19432.73
O37009,C11327,P20450,2025-12-21,1.0,5,40662.89
O37010,C11794,P20182,2025-03-11,3.0,0,52529.64
O37011,C10253,P20239,2026-04-28,1.0,10,5332.52
O37012,C11758,P20137,2025-02-28,1.0,15,24518.53
O37013,C10478,P20339,2026-01-24,4.0,0,239237.48
O37014,C11393,P20426,2025-12-17,6.0,15,138169.2
O37015,C11703,P20420,2025-12-05,6.0,15,331536.52
O37016,C11965,P20266,2026-03-12,7.0,5,284366.44
O37017,C10160,P20187,2026-03-26,4.0,10,257614.96
O37018,C10961,P20040,2026-01-12,3.0,5,98270.51
O37019,C11190,P20310,2026-01-26,2.0,10,72360.43
O37020,C10205,P20493,2026-04-26,3.0,0,60311.88
O37021,C11291,P20167,2025-04-24,3.0,0,91693.8
O37022,C11162,P20391,2025-06-21,2.0,10,904.14
O37023,C11392,P20260,2025-01-18,1.0,0,70206.21
O37024,C11467,P20143,2025-08-23,5.0,10,210161.79
O37025,C10858,P20204,2025-11-06,2.0,15,65845.03
O37026,C10760,P20176,2025-10-08,5.0,0,223006.5
O37027,C11591,P20262,2025-07-15,1.0,0,21982.06
O37028,C11940,P20252,2025-04-25,2.0,10,129811.81
O37029,C10721,P20329,2026-02-01,4.0,0,41038.04
O37030,C11041,P20419,2026-02-22,3.0,15,27303.28
O37031,C10068,P20200,2025-10-11,2.0,5,113744.18
O37032,C10133,P20199,2025-11-24,2.0,10,18162.14
O37033,C11724,P20196,2025-12-07,1.0,0,44021.67
O37034,C10919,P20314,2025-08-09,4.0,0,260312.6
O37035,C10430,P20077,2025-01-09,2.0,0,127318.32
O37036,C10308,P20019,2025-03-23,4.0,0,225286.16
O37037,C10650,P20062,2025-10-21,5.0,5,220250.09
O37038,C11198,P20327,2026-01-10,2.0,10,12716.62
O37039,C10412,P20394,2026-06-18,4.0,0,149417.56
O37040,C10097,P20281,2026-02-19,3.0,0,106730.88
O37041,C11707,P20428,2025-04-09,1.0,5,30958.28
O37042,C11178,P20250,2026-01-17,6.0,10,212003.24
O37043,C11719,P20227,2026-05-19,4.0,10,84816.83
O37044,C11266,P20127,2026-03-23,1.0,0,33379.35
O37045,C11328,P20058,2025-12-10,6.0,15,361081.12
O37046,C11309,P20409,2026-03-01,2.0,15,28459.24
O37047,C11051,P20477,2025-11-02,2.0,0,93393.28
O37048,C11426,P20376,2025-05-28,5.0,10,37120.32
O37049,C11384,P20204,2026-03-30,1.0,5,36795.75
O37050,C11084,P20243,2025-02-02,3.0,15,87765.34
O37051,C10202,P20367,2026-05-16,7.0,5,344817.13
O37052,C10762,P20424,2025-11-15,3.0,20,55092.58
O37053,C10874,P20332,2025-07-12,4.0,0,5282.12
O37054,C10581,P20500,2025-06-29,3.0,0,118372.38
O37055,C11994,P20326,2026-06-02,6.0,10,120787.36
O37056,C10370,P20252,2026-01-26,1.0,10,64905.9
O37057,C10533,P20394,2026-06-05,2.0,10,67237.9
O37058,C11176,P20322,2025-12-23,1.0,15,53909.05
O37059,C11126,P20376,2026-04-09,1.0,10,7424.06
O37060,C10899,P20493,2025-04-09,2.0,10,36187.13
O37061,C10607,P20409,2025-05-28,6.0,5,95422.16
O37062,C11470,P20199,2025-11-12,1.0,5,9585.58
O37063,C10873,P20488,2025-07-01,3.0,5,176226.5
O37064,C11253,P20343,2025-10-30,4.0,10,202930.92
O37065,C11149,P20240,2025-01-04,7.0,5,188701.6
O37066,C10770,P20139,2025-04-17,4.0,0,12374.24
O37067,C10834,P20122,2025-03-16,1.0,0,52275.88
O37068,C10999,P20420,2025-02-09,6.0,15,331536.52
O37069,C11905,P20049,2025-04-29,2.0,0,57072.3
O37070,C10938,P20304,2025-03-14,5.0,0,255369.75
O37071,C10236,P20115,2025-07-23,6.0,5,286884.76
O37072,C10162,P20343,2025-04-06,1.0,0,56369.7
O37073,C10554,P20251,2025-10-06,1.0,5,9130.6
O37074,C10788,P20491,2025-05-23,5.0,0,187946.15
O37075,C11377,P20007,2025-04-25,4.0,0,8599.76
O37076,C11092,P20219,2026-04-21,6.0,15,43875.15
O37077,C11197,P20077,2025-05-13,4.0,10,229172.98
O37078,C11867,P20179,2025-06-17,7.0,0,128926.42
O37079,C11661,P20145,2025-09-02,5.0,10,329756.99
O37080,C11706,P20416,2025-10-04,2.0,10,97675.43
O37081,C10559,P20154,2025-09-16,7.0,10,297182.66
O37082,C10261,P20121,2025-02-15,1.0,5,15119.32
O37083,C10217,P20124,2025-12-12,3.0,0,223994.01
O37084,C11841,P20150,2025-08-25,4.0,10,27764.82
O37085,C11148,P20397,2025-02-22,4.0,5,281164.32
O37086,C10805,P20381,2025-05-28,6.0,0,426926.82
O37087,C11186,P20268,2026-06-17,7.0,5,492136.97
O37088,C10201,P20327,2025-03-31,7.0,10,44508.18
O37089,C11478,P20001,2025-08-21,4.0,5,36369.12
O37090,C10402,P20161,2025-02-20,2.0,0,36793.22
O37091,C11486,P20244,2026-01-29,5.0,15,105797.5
O37092,C10275,P20375,2025-08-02,2.0,15,29758.24
O37093,C10206,P20398,2026-03-27,4.0,5,80129.04
O37094,C11064,P20251,2025-12-05,6.0,5,54783.61
O37095,C11297,P20367,2025-12-17,1.0,10,46666.98
O37096,C11724,P20064,2025-10-12,4.0,0,104643.64
O37097,C10867,P20299,2025-09-02,1.0,10,17663.14
O37098,C10093,P20248,2025-08-14,6.0,10,143563.32
O37099,C11066,P20442,2026-03-17,1.0,5,10010.95
O37100,C11489,P20297,2026-04-19,4.0,0,214209.24
O37101,C10379,P20465,2026-03-20,4.0,0,135441.32
O37102,C11131,P20452,2026-02-16,1.0,10,31058.86
O37103,C11352,P20500,2025-09-03,2.0,0,78914.92
O37104,C10065,P20115,2026-05-15,2.0,5,95628.25
O37105,C10365,P20295,2025-04-27,6.0,5,372011.58
O37106,C10821,P20001,2025-12-30,2.0,0,19141.64
O37107,C11508,P20041,2025-07-23,7.0,5,238145.28
O37108,C11671,P20173,2025-12-17,3.0,5,116366.16
O37109,C11925,P20088,2025-11-15,1.0,10,11336.01
O37110,C11048,P20482,2025-12-25,3.0,0,9585.42
O37111,C10540,P20098,2026-06-01,3.0,0,193775.67
O37112,C11086,P20088,2026-05-04,7.0,15,74943.64
O37113,C10491,P20251,2025-04-17,1.0,10,8650.04
O37114,C11297,P20335,2025-06-21,3.0,10,49144.16
O37115,C10229,P20465,2026-06-03,6.0,0,203161.98
O37116,C11044,P20141,2026-06-12,6.0,0,182438.64
O37117,C10003,P20071,2025-11-16,1.0,10,67047.22
O37118,C11445,P20137,2025-02-06,5.0,15,122592.65
O37119,C11754,P20492,2026-05-14,5.0,15,95418.28
O37120,C10911,P20447,2025-09-22,7.0,15,380376.0
O37121,C10307,P20099,2026-02-06,1.0,0,52210.4
O37122,C10432,P20151,2025-08-06,1.0,15,27471.77
O37123,C10136,P20438,2025-11-26,1.0,15,14594.69
O37124,C11933,P20175,2025-07-05,2.0,0,41533.92
O37125,C11968,P20167,2026-01-16,1.0,5,29036.37
O37126,C10515,P20343,2025-07-28,6.0,5,321307.29
O37127,C10193,P20410,2025-10-15,6.0,0,115635.96
O37128,C11609,P20257,2025-03-29,4.0,5,6660.53
O37129,C11439,P20398,2025-05-16,5.0,15,89618.01
O37130,C10873,P20224,2025-06-07,5.0,15,51578.3
O37131,C11142,P20499,2025-06-04,7.0,15,218925.01
O37132,C10666,P20368,2026-04-08,1.0,5,59714.61
O37133,C10209,P20330,2025-08-08,5.0,5,303681.23
O37134,C10952,P20065,2026-04-04,1.0,10,44224.08
O37135,C11058,P20069,2025-06-16,1.0,5,16703.3
O37136,C10649,P20067,2025-11-18,5.0,0,232031.5
O37137,C11342,P20433,2026-05-27,5.0,10,62819.91
O37138,C10120,P20050,2025-03-28,4.0,0,294377.04
O37139,C10627,P20314,2026-06-29,7.0,0,455547.05
O37140,C10525,P20309,2025-10-02,3.0,0,6287.64
O37141,C11605,P20091,2025-05-21,4.0,15,56976.66
O37142,C11961,P20115,2025-12-19,4.0,0,201322.64
O37143,C11869,P20374,2025-01-05,5.0,5,43837.56
O37144,C10769,P20057,2026-01-17,7.0,20,230717.7
O37145,C11113,P20342,2025-11-30,6.0,5,81547.51
O37146,C10512,P20018,2026-04-20,7.0,0,449702.96
O37147,C10047,P20272,2025-01-30,4.0,10,212233.25
O37148,C10772,P20130,2025-12-13,6.0,0,428529.3
O37149,C10740,P20495,2026-05-08,5.0,0,374645.0
O37150,C11983,P20269,2026-05-10,2.0,15,32368.42
O37151,C11716,P20429,2026-01-23,1.0,0,7134.12
O37152,C10522,P20080,2025-09-10,3.0,10,41443.25
O37153,C11308,P20456,2025-01-30,6.0,5,2594.18
O37154,C11401,P20299,2025-12-08,2.0,0,39251.42
O37155,C11662,P20456,2025-10-14,6.0,5,2594.18
O37156,C10134,P20310,2026-02-01,1.0,0,40200.24
O37157,C11691,P20202,2026-05-24,1.0,0,56349.71
O37158,C10248,P20225,2025-09-01,7.0,5,32895.69
O37159,C11676,P20159,2025-08-09,3.0,0,70439.82
O37160,C11342,P20204,2025-06-05,4.0,10,139436.53
O37161,C10436,P20137,2026-01-18,1.0,0,28845.33
O37162,C11200,P20485,2025-11-16,3.0,5,57390.88
O37163,C11859,P20073,2026-01-08,6.0,10,229384.44
O37164,C10686,P20048,2026-06-15,6.0,5,354254.09
O37165,C10586,P20018,2025-08-03,6.0,15,327640.73
O37166,C10351,P20478,2026-01-02,7.0,10,143920.1
O37167,C10143,P20480,2025-04-24,6.0,20,226761.6
O37168,C10967,P20488,2025-07-19,6.0,0,371003.16
O37169,C10804,P20471,2025-01-25,5.0,15,142922.95
O37170,C11422,P20267,2025-05-01,1.0,10,53515.69
O37171,C11648,P20446,2025-01-03,7.0,10,430024.46
O37172,C10718,P20340,2026-03-21,1.0,15,21715.14
O37173,C10643,P20019,2025-09-11,4.0,10,202757.54
O37174,C11393,P20100,2025-01-20,7.0,15,6474.61
O37175,C10501,P20116,2025-07-23,4.0,5,115357.63
O37176,C11646,P20346,2025-12-23,7.0,10,89145.25
O37177,C10370,P20074,2025-05-08,5.0,5,184737.38
O37178,C11603,P20280,2025-12-24,1.0,0,19925.25
O37179,C11406,P20269,2025-10-19,7.0,10,119953.58
O37180,C11110,P20125,2025-06-23,4.0,20,108594.18
O37181,C10787,P20116,2025-12-21,7.0,10,191250.8
O37182,C10739,P20174,2025-02-06,3.0,10,132631.91
O37183,C11484,P20181,2025-11-06,6.0,10,374467.97
O37184,C10950,P20226,2025-03-25,6.0,0,370535.46
O37185,C11349,P20157,2026-05-25,1.0,0,2724.1
O37186,C10522,P20164,2026-03-20,6.0,0,413481.36
O37187,C10489,P20071,2026-02-24,6.0,0,446981.46
O37188,C11953,P20499,2025-07-24,3.0,10,99344.12
O37189,C10397,P20222,2026-05-03,2.0,15,111500.99
O37190,C10896,P20126,2025-03-29,5.0,0,95820.1
O37191,C10355,P20145,2025-09-09,4.0,0,293117.32
O37192,C10947,P20176,2025-01-31,2.0,0,89202.6
O37193,C10288,P20461,2026-02-25,4.0,0,164608.08
O37194,C11483,P20152,2025-03-02,2.0,5,89773.31
O37195,C11648,P20182,2025-08-14,6.0,0,105059.28
O37196,C10998,P20375,2025-12-01,4.0,0,70019.4
O37197,C10536,P20479,2025-04-21,5.0,15,286920.94
O37198,C11315,P20347,2026-05-06,1.0,0,13900.12
O37199,C10851,P20498,2025-09-29,3.0,10,118805.75
O37200,C10838,P20085,2025-02-03,2.0,10,15774.26
O37201,C10168,P20364,2025-07-31,3.0,0,135269.76
O37202,C10950,P20383,2025-10-27,3.0,15,2059.64
O37203,C10621,P20121,2026-01-08,4.0,10,57294.25
O37204,C10428,P20129,2025-05-05,1.0,0,15688.62
O37205,C11726,P20463,2025-04-13,4.0,0,134054.76
O37206,C10490,P20451,2025-04-30,3.0,10,108004.05
O37207,C10355,P20006,2025-11-27,6.0,5,209160.02
O37208,C10196,P20334,2025-11-05,7.0,5,16373.23
O37209,C10545,P20183,2026-02-16,5.0,0,109532.6
O37210,C10717,P20038,2026-02-03,1.0,0,13716.1
O37211,C10824,P20417,2025-11-02,1.0,10,766.96
O37212,C10932,P20116,2025-06-12,6.0,15,154822.08
O37213,C11718,P20102,2025-03-06,3.0,10,172438.5
O37214,C11003,P20008,2025-08-04,4.0,0,75547.12
O37215,C10659,P20218,2025-01-26,6.0,15,164150.23
O37216,C10939,P20207,2025-02-13,5.0,10,122269.82
O37217,C10780,P20078,2025-03-31,2.0,10,92668.57
O37218,C10011,P20368,2025-05-13,4.0,0,251429.92
O37219,C11606,P20404,2025-06-10,1.0,5,66837.81
O37220,C11280,P20055,2026-01-15,6.0,15,147396.99
O37221,C10396,P20304,2025-09-18,4.0,0,204295.8
O37222,C10731,P20467,2026-01-18,2.0,10,125540.69
O37223,C11833,P20440,2026-01-04,7.0,10,409547.88
O37224,C10409,P20481,2025-04-21,7.0,0,231469.56
O37225,C10362,P20228,2025-03-18,5.0,10,136380.42
O37226,C11283,P20088,2025-07-28,7.0,0,88168.99
O37227,C11027,P20010,2025-01-13,7.0,10,133489.63
O37228,C10084,P20308,2025-01-25,6.0,20,284057.33
O37229,C10156,P20434,2026-06-30,5.0,20,70642.32
O37230,C11687,P20290,2025-05-20,2.0,15,93212.92
O37231,C11200,P20164,2025-10-02,2.0,5,130935.76
O37232,C10707,P20239,2026-01-05,7.0,10,37327.63
O37233,C11962,P20317,2025-08-10,3.0,10,178824.7
O37234,C10472,P20484,2025-02-06,1.0,0,57428.79
O37235,C10619,P20144,2025-05-09,3.0,0,27959.31
O37236,C11448,P20335,2025-11-12,4.0,10,65525.54
O37237,C10134,P20018,2025-11-19,2.0,0,128486.56
O37238,C10788,P20071,2026-03-09,3.0,15,189967.12
O37239,C10907,P20175,2025-08-06,1.0,5,19728.61
O37240,C10864,P20342,2025-09-05,1.0,0,14306.58
O37241,C11404,P20288,2025-04-21,2.0,5,56244.46
O37242,C10667,P20299,2025-05-27,6.0,15,100091.12
O37243,C10277,P20339,2025-12-10,3.0,15,152513.89
O37244,C11260,P20424,2026-05-24,5.0,0,114776.2
O37245,C11776,P20248,2026-05-20,2.0,10,47854.44
O37246,C10882,P20193,2025-05-14,7.0,10,376335.67
O37247,C10013,P20419,2026-04-09,4.0,10,38545.81
O37248,C10342,P20325,2025-07-10,3.0,10,21736.62
O37249,C10035,P20306,2025-06-12,3.0,0,137644.92
O37250,C10559,P20268,2026-04-01,2.0,5,140610.56
O37251,C11238,P20204,2025-03-02,6.0,0,232394.22
O37252,C11436,P20341,2025-01-05,3.0,0,159000.3
O37253,C10405,P20123,2025-02-06,3.0,0,212497.2
O37254,C11518,P20058,2026-04-05,4.0,0,283200.88
O37255,C10658,P20339,2025-08-05,6.0,10,322970.6
O37256,C10159,P20447,2025-05-19,4.0,0,255714.96
O37257,C10956,P20201,2025-04-09,5.0,10,172096.96
O37258,C11661,P20491,2025-09-21,4.0,10,135321.23
O37259,C11134,P20433,2025-08-12,7.0,15,83061.88
O37260,C10549,P20112,2025-01-11,5.0,10,107645.72
O37261,C11813,P20128,2025-11-23,4.0,20,203491.26
O37262,C11550,P20036,2025-12-16,5.0,0,252774.35
O37263,C10985,P20234,2026-01-14,6.0,10,208630.51
O37264,C11371,P20310,2025-08-19,4.0,0,160800.96
O37265,C11768,P20047,2025-05-21,4.0,10,69749.64
O37266,C11852,P20115,2025-02-18,2.0,5,95628.25
O37267,C11660,P20416,2026-03-27,4.0,10,195350.87
O37268,C10279,P20255,2026-05-06,5.0,0,31086.1
O37269,C10479,P20483,2025-07-24,2.0,0,75232.52
O37270,C10111,P20223,2026-02-13,5.0,10,75542.54
O37271,C11660,P20124,2026-02-11,4.0,15,253859.88
O37272,C11949,P20437,2025-02-20,4.0,0,233582.0
O37273,C10431,P20160,2025-06-24,5.0,15,127987.56
O37274,C10542,P20446,2025-09-18,6.0,0,409547.1
O37275,C11139,P20421,2026-04-25,6.0,10,353200.34
O37276,C11114,P20096,2025-08-11,7.0,20,312673.82
O37277,C11236,P20107,2025-09-26,6.0,0,73778.1
O37278,C11574,P20120,2025-11-14,3.0,5,80264.81
O37279,C11619,P20101,2026-01-20,2.0,0,59477.06
O37280,C11563,P20103,2025-08-07,2.0,5,49657.75
O37281,C11753,P20166,2025-02-23,6.0,10,138290.38
O37282,C10360,P20414,2025-07-19,4.0,10,73995.59
O37283,C11510,P20186,2025-12-05,2.0,20,14611.86
O37284,C10372,P20032,2025-11-01,5.0,0,20048.55
O37285,C11239,P20493,2025-09-02,4.0,5,76395.05
O37286,C11757,P20066,2025-07-27,2.0,5,50273.7
O37287,C11039,P20179,2026-05-26,1.0,15,15655.35
O37288,C10955,P20267,2025-09-16,2.0,0,118923.76
O37289,C10259,P20443,2026-01-15,6.0,20,310594.51
O37290,C10778,P20404,2025-06-12,5.0,5,334189.05
O37291,C11487,P20037,2025-12-07,2.0,10,45888.91
O37292,C10120,P20201,2026-06-14,7.0,5,254321.07
O37293,C10976,P20358,2025-02-03,3.0,15,74819.55
O37294,C10913,P20049,2025-11-19,6.0,10,154095.21
O37295,C11152,P20275,2025-06-30,7.0,10,28826.15
O37296,C10723,P20439,2025-12-13,7.0,10,84729.02
O37297,C10523,P20168,2025-07-11,3.0,5,51740.01
O37298,C11712,P20263,2025-09-03,4.0,0,169106.24
O37299,C11669,P20133,2025-09-02,3.0,15,160507.4
O37300,C10325,P20495,2025-05-13,5.0,0,374645.0
O37301,C11344,P20298,2025-07-16,1.0,15,25202.78
O37302,C11530,P20344,2025-12-13,1.0,10,16136.06
O37303,C11550,P20176,2025-02-18,4.0,5,169484.94
O37304,C11074,P20489,2025-03-05,4.0,10,24010.38
O37305,C11946,P20391,2025-04-14,3.0,10,1356.21
O37306,C11608,P20011,2025-08-01,7.0,10,66067.22
O37307,C10069,P20201,2026-06-01,5.0,15,162536.02
O37308,C10391,P20433,2025-04-29,3.0,0,41879.94
O37309,C10383,P20414,2025-08-30,5.0,15,87355.9
O37310,C10016,P20297,2025-10-07,5.0,5,254373.47
O37311,C11463,P20003,2026-02-28,1.0,15,46043.3
O37312,C10846,P20214,2025-12-29,7.0,0,397897.5
O37313,C10869,P20296,2025-11-02,5.0,0,177876.55
O37314,C10568,P20307,2026-05-01,2.0,10,127251.27
O37315,C11641,P20468,2025-11-10,5.0,0,48043.1
O37316,C10132,P20032,2026-05-28,1.0,20,3207.77
O37317,C11584,P20048,2025-06-16,6.0,0,372899.04
O37318,C11272,P20327,2026-01-29,3.0,0,21194.37
O37319,C10273,P20252,2025-03-04,5.0,0,360588.35
O37320,C11647,P20199,2025-09-29,2.0,0,20180.16
O37321,C11956,P20404,2025-02-06,4.0,10,253280.12
O37322,C11862,P20089,2025-01-16,3.0,5,14454.69
O37323,C11872,P20109,2025-12-09,4.0,5,55628.47
O37324,C11373,P20291,2025-12-12,2.0,0,54048.56
O37325,C10484,P20108,2026-06-23,1.0,0,40439.34
O37326,C10550,P20408,2025-08-21,6.0,0,218527.02
O37327,C10357,P20040,2026-02-20,7.0,10,217229.54
O37328,C11776,P20461,2025-09-24,1.0,10,37036.82
O37329,C11342,P20052,2025-11-22,6.0,10,321070.99
O37330,C11657,P20112,2026-03-19,7.0,20,133959.11
O37331,C11072,P20295,2025-03-17,3.0,15,166426.23
O37332,C11034,P20068,2025-09-04,5.0,5,315376.96
O37333,C10233,P20189,2025-11-09,5.0,5,206235.69
O37334,C10036,P20332,2025-12-09,4.0,15,4489.8
O37335,C10413,P20209,2025-07-01,1.0,10,48498.3
O37336,C11486,P20065,2026-02-03,5.0,0,245689.35
O37337,C11028,P20062,2025-08-29,6.0,10,250389.58
O37338,C10044,P20465,2025-10-19,7.0,20,189617.85
O37339,C10568,P20258,2025-02-23,5.0,15,61212.37
O37340,C11578,P20134,2025-05-25,1.0,0,60700.22
O37341,C11279,P20492,2025-12-22,1.0,20,17961.09
O37342,C10740,P20122,2026-04-22,2.0,20,83641.41
O37343,C10114,P20331,2025-01-22,7.0,0,429409.19
O37344,C11773,P20171,2025-11-27,4.0,15,217031.08
O37345,C10397,P20210,2025-10-19,7.0,15,198933.37
O37346,C11198,P20296,2025-08-24,1.0,0,35575.31
O37347,C11279,P20089,2025-01-29,7.0,10,31952.47
O37348,C10466,P20167,2025-06-09,2.0,0,61129.2
O37349,C11953,P20028,2026-06-14,7.0,10,407786.21
O37350,C11301,P20238,2025-04-11,1.0,15,860.96
O37351,C11488,P20336,2025-10-17,3.0,5,7750.49
O37352,C10847,P20063,2026-01-12,6.0,5,368229.58
O37353,C10502,P20448,2025-06-22,6.0,15,21559.28
O37354,C10441,P20255,2025-12-09,3.0,20,14921.33
O37355,C10069,P20396,2025-07-10,3.0,0,111177.81
O37356,C11533,P20041,2026-03-15,1.0,15,30439.62
O37357,C10326,P20500,2025-12-09,5.0,0,197287.3
O37358,C11766,P20029,2025-05-05,5.0,0,119524.95
O37359,C10067,P20279,2025-12-26,3.0,10,180403.04
O37360,C10304,P20469,2026-05-18,4.0,10,176543.82
O37361,C10972,P20080,2025-06-22,6.0,10,82886.49
O37362,C10484,P20051,2026-01-29,2.0,0,70258.24
O37363,C10929,P20112,2026-04-06,3.0,0,71763.81
O37364,C11572,P20361,2025-04-30,6.0,15,222955.68
O37365,C11441,P20301,2025-09-30,2.0,0,119250.84
O37366,C11183,P20090,2025-12-24,7.0,0,168062.65
O37367,C10149,P20229,2026-01-21,2.0,15,64354.25
O37368,C11051,P20150,2025-11-15,3.0,10,20823.61
O37369,C10987,P20243,2025-09-18,5.0,5,163484.45
O37370,C10584,P20138,2025-10-08,4.0,0,91380.64
O37371,C10248,P20135,2025-11-25,6.0,15,122642.15
O37372,C11125,P20457,2025-05-04,3.0,20,47459.88
O37373,C10702,P20089,2026-04-21,2.0,0,10143.64
O37374,C10096,P20494,2025-10-05,6.0,10,175884.43
O37375,C11408,P20015,2025-04-03,1.0,0,58149.14
O37376,C10282,P20333,2025-05-08,7.0,15,399904.02
O37377,C10322,P20362,2026-06-16,1.0,0,53947.15
O37378,C11420,P20174,2025-06-16,6.0,10,265263.82
O37379,C11302,P20090,2025-08-24,6.0,5,136851.02
O37380,C10529,P20213,2025-02-01,2.0,5,68052.55
O37381,C10263,P20343,2025-08-19,3.0,15,143742.73
O37382,C11643,P20061,2025-07-10,5.0,5,140963.99
O37383,C10580,P20364,2026-05-23,3.0,15,114979.3
O37384,C11664,P20220,2026-04-02,4.0,5,9773.87
O37385,C11317,P20061,2025-09-12,6.0,0,178059.78
O37386,C10294,P20307,2025-10-06,1.0,5,67160.39
O37387,C11632,P20166,2025-02-25,2.0,5,48657.73
O37388,C10395,P20012,2025-04-16,5.0,5,259741.97
O37389,C10513,P20216,2025-07-11,7.0,15,385643.24
O37390,C10921,P20077,2025-10-05,3.0,10,171879.73
O37391,C10810,P20232,2026-06-28,4.0,15,157234.12
O37392,C11204,P20112,2025-06-24,3.0,5,68175.62
O37393,C10920,P20066,2025-03-26,7.0,0,185218.88
O37394,C10693,P20182,2025-08-04,4.0,0,70039.52
O37395,C10235,P20423,2025-01-14,3.0,15,85415.69
O37396,C10952,P20204,2025-02-06,5.0,0,193661.85
O37397,C11855,P20423,2025-01-27,5.0,0,167481.75
O37398,C11361,P20371,2025-03-11,2.0,0,24598.66
O37399,C11032,P20206,2025-06-03,5.0,5,167085.0
O37400,C11467,P20286,2026-03-14,4.0,5,167943.81
O37401,C11965,P20105,2025-09-28,2.0,0,112079.24
O37402,C10539,P20242,2026-06-25,7.0,5,5542.84
O37403,C10820,P20235,2025-03-15,5.0,5,255260.06
O37404,C11682,P20176,2025-05-29,1.0,10,40141.17
O37405,C11115,P20211,2026-05-21,7.0,15,419082.95
O37406,C11878,P20031,2025-01-10,4.0,10,12087.97
O37407,C10272,P20235,2026-05-17,7.0,5,357364.08
O37408,C11858,P20242,2025-03-03,7.0,0,5834.57
O37409,C11029,P20491,2026-01-23,2.0,15,63901.69
O37410,C11618,P20153,2025-08-20,4.0,0,65488.48
O37411,C11923,P20196,2026-06-12,2.0,5,83641.17
O37412,C11243,P20498,2026-03-21,4.0,15,149607.24
O37413,C11142,P20435,2025-11-17,1.0,20,38225.37
O37414,C10593,P20269,2025-03-24,7.0,15,113289.49
O37415,C10976,P20484,2026-03-10,5.0,20,229715.16
O37416,C11606,P20447,2025-01-17,3.0,15,163018.29
O37417,C10115,P20384,2026-01-04,7.0,10,361368.5
O37418,C10263,P20170,2025-09-12,3.0,0,144409.32
O37419,C11330,P20438,2026-04-01,3.0,20,41208.53
O37420,C11678,P20357,2026-06-17,7.0,15,295128.98
O37421,C11446,P20323,2026-01-27,2.0,0,9422.1
O37422,C10207,P20336,2025-11-16,5.0,5,12917.48
O37423,C11647,P20474,2025-08-08,7.0,0,240059.05
O37424,C10303,P20232,2026-02-18,6.0,20,221977.58
O37425,C10112,P20184,2025-02-01,2.0,10,50203.35
O37426,C11441,P20359,2025-01-16,7.0,0,70815.5
O37427,C11579,P20275,2026-02-13,7.0,0,32029.06
O37428,C11883,P20430,2025-06-22,2.0,20,89714.02
O37429,C11309,P20399,2025-06-28,7.0,10,187977.76
O37430,C11664,P20032,2026-05-12,2.0,5,7618.45
O37431,C10185,P20177,2025-04-14,7.0,5,245021.11
O37432,C11765,P20405,2025-11-13,6.0,0,305296.38
O37433,C10901,P20065,2025-06-30,7.0,0,343965.09
O37434,C10221,P20198,2025-05-12,2.0,10,126122.67
O37435,C11888,P20027,2025-06-04,5.0,5,298206.19
O37436,C11468,P20151,2025-12-25,7.0,5,214926.2
O37437,C11141,P20303,2025-08-23,3.0,10,189922.56
O37438,C11094,P20479,2025-06-14,4.0,0,270043.24
O37439,C10898,P20268,2026-03-03,2.0,15,125809.45
O37440,C11094,P20085,2026-05-03,7.0,0,61344.36
O37441,C10622,P20500,2025-08-01,5.0,0,197287.3
O37442,C10427,P20066,2025-06-06,1.0,0,26459.84
O37443,C10644,P20133,2025-03-16,4.0,0,251776.32
O37444,C10568,P20393,2026-03-11,2.0,0,57505.02
O37445,C10443,P20404,2025-06-27,2.0,5,133675.62
O37446,C10601,P20366,2025-11-08,7.0,10,243762.56
O37447,C11161,P20082,2025-05-07,4.0,0,51924.04
O37448,C10504,P20381,2026-01-12,4.0,5,270386.99
O37449,C10131,P20319,2025-12-11,2.0,15,7584.21
O37450,C10218,P20470,2025-08-13,5.0,0,21190.85
O37451,C10688,P20328,2025-01-17,1.0,10,45179.86
O37452,C10171,P20098,2026-05-12,7.0,0,452143.23
O37453,C11499,P20073,2026-04-18,5.0,0,212393.0
O37454,C10612,P20327,2025-11-07,6.0,5,40269.3
O37455,C10992,P20030,2025-05-17,3.0,0,191880.81
O37456,C11153,P20125,2026-04-20,3.0,15,86535.98
O37457,C10057,P20210,2025-08-05,3.0,0,100302.54
O37458,C11205,P20475,2025-07-15,2.0,10,22531.45
O37459,C10246,P20272,2025-07-20,7.0,10,371408.18
O37460,C10144,P20213,2026-01-01,7.0,0,250719.91
O37461,C11075,P20133,2026-06-12,1.0,10,56649.67
O37462,C10368,P20157,2026-02-04,1.0,5,2587.9
O37463,C11483,P20047,2026-06-09,7.0,10,122061.87
O37464,C10218,P20357,2025-08-02,6.0,15,252967.7
O37465,C10616,P20363,2025-12-07,2.0,0,19188.62
O37466,C11919,P20382,2025-11-25,2.0,5,101504.95
O37467,C11591,P20022,2025-04-29,2.0,0,11016.08
O37468,C11281,P20462,2026-03-01,1.0,0,53670.14
O37469,C11882,P20441,2026-01-08,2.0,0,66961.08
O37470,C11180,P20083,2025-06-28,4.0,20,23821.95
O37471,C11589,P20419,2026-03-08,4.0,5,40687.25
O37472,C10442,P20472,2026-02-06,4.0,0,166729.08
O37473,C10841,P20234,2026-01-29,2.0,0,77270.56
O37474,C10956,P20060,2025-03-20,4.0,0,31248.16
O37475,C10699,P20454,2026-02-28,7.0,0,227579.94
O37476,C10876,P20188,2025-04-28,6.0,5,370261.57
O37477,C11686,P20058,2026-01-03,2.0,0,141600.44
O37478,C10776,P20259,2025-04-16,6.0,0,187537.86
O37479,C10762,P20162,2025-04-15,4.0,10,55801.98
O37480,C10945,P20301,2025-10-30,2.0,15,101363.21
O37481,C11834,P20306,2025-05-28,5.0,5,217937.79
O37482,C10923,P20002,2025-05-30,3.0,15,23892.71
O37483,C10935,P20271,2025-09-13,5.0,0,340961.25
O37484,C11747,P20421,2025-03-23,3.0,10,176600.17
O37485,C10025,P20143,2025-01-16,3.0,0,140107.86
O37486,C10806,P20188,2025-07-12,4.0,15,220857.78
O37487,C11877,P20352,2025-03-15,3.0,15,125408.18
O37488,C11688,P20341,2025-10-04,3.0,10,143100.27
O37489,C11560,P20448,2025-03-02,5.0,15,17966.07
O37490,C10764,P20465,2026-06-20,3.0,10,91422.89
O37491,C11084,P20482,2026-06-19,2.0,0,6390.28
O37492,C11491,P20224,2025-12-09,6.0,10,65534.78
O37493,C10434,P20498,2026-01-30,7.0,5,292614.16
O37494,C10879,P20367,2025-09-15,6.0,0,311113.2
O37495,C11090,P20180,2025-07-17,2.0,5,41970.05
O37496,C10910,P20023,2025-02-22,7.0,10,422335.18
O37497,C10565,P20355,2025-09-28,4.0,0,135692.84
O37498,C11952,P20037,2025-07-20,7.0,10,160611.19
O37499,C10106,P20107,2026-01-31,7.0,10,77467.0
O37500,C10096,P20297,2026-01-13,5.0,0,267761.55
O37501,C11712,P20229,2026-06-19,7.0,5,251738.68
O37502,C11575,P20313,2025-03-29,7.0,20,90841.63
O37503,C10168,P20097,2026-02-02,1.0,15,34086.85
O37504,C10042,P20281,2025-07-01,6.0,5,202788.67
O37505,C11903,P20110,2025-10-10,5.0,0,270134.05
O37506,C10104,P20037,2026-06-17,6.0,0,152963.04
O37507,C11869,P20040,2025-07-09,1.0,0,34480.88
O37508,C11228,P20085,2025-07-24,3.0,0,26290.44
O37509,C10520,P20302,2025-02-13,1.0,15,39953.09
O37510,C11999,P20188,2025-10-27,3.0,20,155899.61
O37511,C10282,P20240,2025-10-06,6.0,15,144718.52
O37512,C11932,P20358,2026-01-20,7.0,5,195117.65
O37513,C11067,P20488,2025-11-07,5.0,0,309169.3
O37514,C10947,P20354,2026-06-12,5.0,10,83420.19
O37515,C11134,P20019,2025-10-01,4.0,10,202757.54
O37516,C11234,P20347,2026-04-27,6.0,5,79230.68
O37517,C10749,P20393,2026-03-27,4.0,10,103509.04
O37518,C11892,P20325,2026-06-16,7.0,10,50718.78
O37519,C10831,P20261,2026-06-15,6.0,10,185988.74
O37520,C10049,P20473,2026-06-09,7.0,5,150005.58
O37521,C10115,P20410,2025-01-17,3.0,10,52036.18
O37522,C11179,P20403,2025-01-30,6.0,0,140593.56
O37523,C11673,P20158,2026-04-15,6.0,10,96651.58
O37524,C10503,P20484,2025-10-31,3.0,0,172286.37
O37525,C11703,P20304,2025-04-03,2.0,0,102147.9
O37526,C11857,P20112,2025-06-11,7.0,0,167448.89
O37527,C11735,P20144,2025-11-24,2.0,0,18639.54
O37528,C10986,P20256,2025-09-11,6.0,20,18313.25
O37529,C10071,P20455,2026-03-16,2.0,5,81370.46
O37530,C11012,P20018,2026-06-28,5.0,15,273033.94
O37531,C11543,P20184,2025-04-30,6.0,0,167344.5
O37532,C11736,P20405,2026-05-29,1.0,0,50882.73
O37533,C11360,P20287,2025-04-07,3.0,10,166315.17
O37534,C10067,P20385,2026-01-05,4.0,0,154807.68
O37535,C11517,P20131,2026-02-21,3.0,10,69760.9
O37536,C11674,P20479,2025-09-14,6.0,5,384811.62
O37537,C11778,P20281,2025-05-08,1.0,15,30240.42
O37538,C10967,P20245,2025-12-25,3.0,5,12028.08
O37539,C11237,P20008,2025-06-05,4.0,10,67992.41
O37540,C10181,P20193,2025-02-26,4.0,0,238943.28
O37541,C11790,P20318,2025-03-17,1.0,10,6789.88
O37542,C10613,P20391,2025-06-07,4.0,10,1808.28
O37543,C11887,P20007,2025-03-26,5.0,5,10212.22
O37544,C11623,P20136,2025-11-18,4.0,0,3822.64
O37545,C10697,P20019,2025-11-05,7.0,10,354825.7
O37546,C10603,P20401,2026-06-14,1.0,15,51990.33
O37547,C10248,P20139,2025-10-11,1.0,0,3093.56
O37548,C11238,P20367,2025-02-11,3.0,10,140000.94
O37549,C10359,P20489,2025-05-14,4.0,5,25344.29
O37550,C10249,P20177,2026-02-08,4.0,5,140012.06
O37551,C10638,P20011,2026-05-08,6.0,20,50336.93
O37552,C11947,P20486,2025-08-10,6.0,10,327056.35
O37553,C10950,P20041,2025-08-17,1.0,15,30439.62
O37554,C11905,P20446,2026-03-28,6.0,5,389069.74
O37555,C11540,P20114,2025-11-02,3.0,0,107643.84
O37556,C11112,P20180,2025-04-29,7.0,10,139163.85
O37557,C10663,P20194,2025-11-20,3.0,15,15524.35
O37558,C10176,P20196,2025-06-08,5.0,15,187092.1
O37559,C10723,P20498,2025-08-27,7.0,0,308014.91
O37560,C10426,P20348,2026-01-31,5.0,0,193054.3
O37561,C11795,P20225,2025-11-16,1.0,5,4699.38
O37562,C11627,P20331,2025-07-08,3.0,10,165629.26
O37563,C10771,P20323,2025-11-05,3.0,0,14133.15
O37564,C11948,P20424,2025-09-06,5.0,0,114776.2
O37565,C10703,P20261,2026-06-22,7.0,10,216986.87
O37566,C10081,P20116,2026-05-21,6.0,10,163929.26
O37567,C10927,P20469,2026-01-29,5.0,15,208419.79
O37568,C10138,P20150,2026-02-10,1.0,15,6555.58
O37569,C11457,P20118,2025-06-30,7.0,0,329162.47
O37570,C10470,P20165,2025-01-21,3.0,15,9716.37
O37571,C10350,P20252,2025-06-04,1.0,10,64905.9
O37572,C11150,P20267,2025-07-13,5.0,20,237847.52
O37573,C11905,P20044,2025-08-12,4.0,0,137697.16
O37574,C11941,P20470,2026-02-03,5.0,0,21190.85
O37575,C11892,P20489,2025-10-07,3.0,10,18007.79
O37576,C11333,P20181,2025-01-10,1.0,15,58944.03
O37577,C11879,P20077,2026-01-11,6.0,15,324661.72
O37578,C11254,P20374,2026-04-17,6.0,10,49836.38
O37579,C11484,P20116,2025-06-01,3.0,5,86518.22
O37580,C11369,P20445,2025-05-04,5.0,10,332090.14
O37581,C10310,P20067,2026-02-28,5.0,15,197226.78
O37582,C11977,P20013,2026-06-07,2.0,10,109875.83
O37583,C11044,P20092,2026-05-28,5.0,10,174569.85
O37584,C11905,P20246,2025-06-20,3.0,0,101797.95
O37585,C11585,P20267,2025-05-05,7.0,10,374609.84
O37586,C11002,P20139,2025-06-24,7.0,5,20572.17
O37587,C11671,P20341,2026-05-19,1.0,20,42400.08
O37588,C11565,P20244,2026-01-20,1.0,10,22404.18
O37589,C11584,P20341,2025-04-16,2.0,10,95400.18
O37590,C11501,P20391,2026-06-12,6.0,20,2411.04
O37591,C10269,P20273,2025-02-07,3.0,0,110127.75
O37592,C11027,P20304,2026-01-30,5.0,0,255369.75
O37593,C10770,P20398,2026-04-22,4.0,10,75911.72
O37594,C10016,P20191,2026-04-12,1.0,0,1544.54
O37595,C10606,P20448,2026-05-20,3.0,0,12681.93
O37596,C11382,P20097,2025-11-11,7.0,15,238607.97
O37597,C11670,P20331,2025-10-12,2.0,10,110419.51
O37598,C10813,P20205,2026-04-09,4.0,0,257222.4
O37599,C11863,P20449,2025-09-21,6.0,0,48598.98
O37600,C11157,P20418,2026-03-05,3.0,0,114997.26
O37601,C11336,P20137,2025-12-31,5.0,10,129803.99
O37602,C11991,P20077,2025-06-30,6.0,0,381954.96
O37603,C10482,P20384,2025-09-01,7.0,15,341292.48
O37604,C10895,P20037,2025-11-09,1.0,10,22944.46
O37605,C11568,P20286,2025-03-17,7.0,0,309370.18
O37606,C11329,P20425,2025-09-19,5.0,0,269152.45
O37607,C10269,P20429,2025-08-19,2.0,10,12841.42
O37608,C10414,P20485,2026-01-15,1.0,0,20137.15
O37609,C10025,P20303,2025-11-05,4.0,5,267298.42
O37610,C10316,P20135,2026-01-23,1.0,15,20440.36
O37611,C10571,P20142,2025-11-21,7.0,5,317214.11
O37612,C10725,P20254,2026-04-01,5.0,0,287551.85
O37613,C11692,P20048,2026-05-27,6.0,15,316964.18
O37614,C11008,P20255,2025-12-09,3.0,0,18651.66
O37615,C11850,P20134,2026-05-31,7.0,0,424901.54
O37616,C11300,P20290,2026-03-18,3.0,0,164493.39
O37617,C11954,P20208,2025-09-19,3.0,15,102894.57
O37618,C10389,P20499,2026-04-08,7.0,15,218925.01
O37619,C10722,P20101,2025-08-15,7.0,0,208169.71
O37620,C10444,P20484,2026-06-07,7.0,10,361801.38
O37621,C10999,P20046,2025-07-08,2.0,0,17667.02
O37622,C11451,P20443,2025-07-28,2.0,10,116472.94
O37623,C11081,P20070,2025-01-13,3.0,0,91490.55
O37624,C10697,P20136,2025-06-11,4.0,0,3822.64
O37625,C10971,P20280,2026-05-08,5.0,15,84682.31
O37626,C11590,P20067,2026-03-11,4.0,0,185625.2
O37627,C10721,P20004,2025-01-05,7.0,0,98200.97
O37628,C10368,P20224,2025-07-21,7.0,15,72209.62
O37629,C11965,P20001,2026-02-20,3.0,10,25841.21
O37630,C10342,P20290,2025-01-12,5.0,10,246740.08
O37631,C11829,P20109,2026-02-01,2.0,15,24886.42
O37632,C11876,P20265,2025-12-07,1.0,5,43538.59
O37633,C10304,P20063,2026-01-08,1.0,0,64601.68
O37634,C10764,P20460,2026-01-13,5.0,0,66547.5
O37635,C11398,P20266,2025-08-13,4.0,0,171047.48
O37636,C11974,P20138,2025-07-01,5.0,0,114225.8
O37637,C10816,P20434,2025-10-24,4.0,5,67110.2
O37638,C10112,P20044,2025-11-03,7.0,0,240970.03
O37639,C10878,P20374,2026-03-07,6.0,5,52605.07
O37640,C11030,P20432,2025-04-28,4.0,0,193772.12
O37641,C10930,P20471,2025-12-18,1.0,5,31947.48
O37642,C10703,P20262,2025-02-15,2.0,10,39567.71
O37643,C10846,P20216,2025-08-15,3.0,5,184719.87
O37644,C10944,P20121,2025-12-22,7.0,0,111405.49
O37645,C10279,P20152,2025-10-21,2.0,20,75598.58
O37646,C10382,P20213,2025-08-28,3.0,10,96706.25
O37647,C11876,P20234,2025-12-14,6.0,5,220221.1
O37648,C10013,P20351,2025-05-21,1.0,10,47798.68
O37649,C10303,P20111,2025-07-23,7.0,10,129684.37
O37650,C11580,P20442,2025-09-26,3.0,0,31613.52
O37651,C11641,P20361,2025-11-09,6.0,0,262300.8
O37652,C10160,P20320,2026-02-22,7.0,10,62704.03
O37653,C10154,P20222,2025-05-17,4.0,5,249237.52
O37654,C10754,P20440,2025-12-17,5.0,0,325038.0
O37655,C10181,P20226,2025-06-10,7.0,0,432291.37
O37656,C11550,P20210,2025-06-22,7.0,0,234039.26
O37657,C11204,P20396,2025-05-10,3.0,15,94501.14
O37658,C10377,P20419,2025-03-20,2.0,0,21414.34
O37659,C11828,P20071,2025-02-26,1.0,0,74496.91
O37660,C10776,P20489,2026-02-04,1.0,10,6002.6
O37661,C11192,P20360,2025-12-29,7.0,5,132385.74
O37662,C11238,P20089,2025-12-01,7.0,10,31952.47
O37663,C11174,P20262,2025-05-14,6.0,5,125297.74
O37664,C10016,P20449,2025-01-14,5.0,5,38474.19
O37665,C11115,P20366,2025-10-10,4.0,10,139292.89
O37666,C11144,P20464,2026-02-25,7.0,0,16260.72
O37667,C11980,P20188,2025-05-07,4.0,5,246841.05
O37668,C10253,P20112,2025-08-06,1.0,20,19137.02
O37669,C11084,P20452,2026-05-04,4.0,0,138039.4
O37670,C11290,P20413,2025-09-17,7.0,0,376163.9
O37671,C11433,P20422,2025-08-06,7.0,0,220853.01
O37672,C10031,P20239,2026-05-04,6.0,0,35550.12
O37673,C11045,P20476,2026-03-19,5.0,0,115090.25
O37674,C10731,P20256,2025-04-09,1.0,0,3815.26
O37675,C11617,P20150,2025-07-01,4.0,0,30849.8
O37676,C10289,P20127,2025-06-18,3.0,5,95131.15
O37677,C11567,P20392,2025-08-21,3.0,0,191373.0
O37678,C10498,P20319,2025-04-03,6.0,10,24091.02
O37679,C11770,P20480,2026-04-17,4.0,10,170071.2
O37680,C11498,P20481,2026-05-31,3.0,5,94241.18
O37681,C11429,P20397,2025-03-26,5.0,20,295962.44
O37682,C10548,P20411,2026-06-03,2.0,10,118554.5
O37683,C10961,P20402,2026-01-16,5.0,10,141656.18
O37684,C10132,P20274,2026-02-11,6.0,0,425515.56
O37685,C11348,P20333,2025-08-20,5.0,15,285645.73
O37686,C10858,P20470,2025-09-08,4.0,15,14409.78
O37687,C11156,P20446,2025-03-26,7.0,0,477804.95
O37688,C10521,P20398,2025-11-15,5.0,10,94889.66
O37689,C10030,P20139,2025-07-12,4.0,10,11136.82
O37690,C10627,P20103,2025-10-27,1.0,0,26135.66
O37691,C11325,P20242,2025-12-24,4.0,5,3167.34
O37692,C10004,P20117,2026-03-29,6.0,0,135366.66
O37693,C11349,P20214,2026-05-21,4.0,0,227370.0
O37694,C10509,P20484,2025-03-06,1.0,0,57428.79
O37695,C11261,P20017,2025-08-10,7.0,10,240341.41
O37696,C11559,P20179,2026-04-11,2.0,10,33152.51
O37697,C10016,P20224,2025-03-13,6.0,15,61893.96
O37698,C11558,P20270,2026-04-19,1.0,5,36452.77
O37699,C10997,P20490,2025-01-19,4.0,0,260015.68
O37700,C11608,P20313,2026-06-06,6.0,0,97330.32
O37701,C11840,P20349,2026-02-19,3.0,15,161686.27
O37702,C11470,P20134,2025-12-30,4.0,5,230660.84
O37703,C11527,P20114,2026-06-12,1.0,10,32293.15
O37704,C10956,P20441,2025-03-21,4.0,0,133922.16
O37705,C11254,P20132,2025-07-09,7.0,5,491697.87
O37706,C11131,P20139,2025-05-28,1.0,0,3093.56
O37707,C11744,P20365,2026-03-19,5.0,0,207056.2
O37708,C11413,P20232,2025-09-22,2.0,10,83241.59
O37709,C11744,P20458,2026-05-24,2.0,5,74129.45
O37710,C10263,P20375,2025-10-28,6.0,0,105029.1
O37711,C11587,P20092,2026-04-11,1.0,15,32974.3
O37712,C11089,P20267,2025-12-31,2.0,5,112977.57
O37713,C10265,P20099,2026-02-03,3.0,0,156631.2
O37714,C11362,P20207,2026-05-08,6.0,15,138572.46
O37715,C11325,P20008,2026-06-26,3.0,0,56660.34
O37716,C10378,P20468,2026-04-25,2.0,15,16334.65
O37717,C11199,P20370,2025-06-17,1.0,15,56702.83
O37718,C10963,P20443,2025-04-01,6.0,0,388243.14
O37719,C11176,P20405,2025-10-27,3.0,5,145015.78
O37720,C10476,P20321,2025-06-23,7.0,0,32292.82
O37721,C11290,P20093,2026-01-08,2.0,5,15098.96
O37722,C10329,P20408,2025-01-24,4.0,10,131116.21
O37723,C11997,P20158,2025-07-20,3.0,0,53695.32
O37724,C11840,P20360,2025-01-07,5.0,0,99538.15
O37725,C11187,P20099,2025-01-06,6.0,5,297599.28
O37726,C10438,P20225,2025-06-10,3.0,5,14098.15
O37727,C11367,P20340,2025-09-05,6.0,10,137954.99
O37728,C11391,P20441,2025-06-15,2.0,10,60264.97
O37729,C11489,P20208,2026-03-04,2.0,10,72631.46
O37730,C11774,P20073,2025-05-25,6.0,15,216640.86
O37731,C11223,P20479,2026-05-26,2.0,0,135021.62
O37732,C11524,P20401,2026-06-27,1.0,10,55048.58
O37733,C10016,P20059,2026-05-24,6.0,5,108536.61
O37734,C11845,P20287,2025-08-08,1.0,20,49278.57
O37735,C11320,P20064,2025-03-17,6.0,5,149117.19
O37736,C10868,P20256,2025-11-15,4.0,20,12208.83
O37737,C10511,P20048,2025-02-07,4.0,10,223739.42
O37738,C11812,P20279,2026-05-29,3.0,10,180403.04
O37739,C10984,P20198,2025-09-03,2.0,5,133129.48
O37740,C11263,P20158,2025-05-20,4.0,5,68014.07
O37741,C10581,P20311,2025-09-15,2.0,5,98265.87
O37742,C11325,P20007,2026-01-16,3.0,0,6449.82
O37743,C10006,P20248,2026-04-23,1.0,15,22597.93
O37744,C11244,P20368,2025-07-04,4.0,10,226286.93
O37745,C11019,P20232,2025-10-30,5.0,15,196542.65
O37746,C11790,P20106,2026-05-09,5.0,5,286008.24
O37747,C11477,P20494,2025-06-13,5.0,0,162855.95
O37748,C11457,P20459,2025-07-22,7.0,10,341772.1
O37749,C10807,P20098,2026-02-12,5.0,5,306811.48
O37750,C11894,P20268,2025-07-29,5.0,15,314523.63
O37751,C11410,P20060,2025-04-11,5.0,10,35154.18
O37752,C10619,P20500,2026-03-22,5.0,0,197287.3
O37753,C11319,P20308,2026-01-03,4.0,10,213043.0
O37754,C11142,P20493,2025-08-27,5.0,10,90467.82
O37755,C10405,P20495,2025-10-18,6.0,10,404616.6
O37756,C11704,P20411,2026-01-07,6.0,5,375422.58
O37757,C10997,P20140,2026-03-07,5.0,0,190253.9
O37758,C11787,P20397,2025-10-07,7.0,0,517934.27
O37759,C10594,P20328,2026-04-12,3.0,10,135539.57
O37760,C10566,P20464,2025-11-12,4.0,0,9291.84
O37761,C10752,P20190,2025-03-18,6.0,10,273513.4
O37762,C11902,P20125,2025-05-31,3.0,5,96716.69
O37763,C10012,P20413,2026-01-31,2.0,15,91354.09
O37764,C11233,P20163,2026-05-11,5.0,20,286420.68
O37765,C10165,P20060,2025-10-24,1.0,10,7030.84
O37766,C10878,P20413,2026-02-11,7.0,5,357355.7
O37767,C11318,P20031,2025-10-14,7.0,5,22329.17
O37768,C11935,P20333,2026-05-08,7.0,0,470475.32
O37769,C11543,P20076,2026-06-20,5.0,0,194677.7
O37770,C10078,P20243,2026-04-01,5.0,10,154880.01
O37771,C11458,P20317,2026-05-07,3.0,15,168889.99
O37772,C11601,P20258,2025-01-09,7.0,0,100820.37
O37773,C10614,P20417,2025-05-12,7.0,5,5667.0
O37774,C11987,P20456,2025-03-18,7.0,10,2867.26
O37775,C10869,P20190,2025-05-11,2.0,15,86106.07
O37776,C10812,P20489,2026-02-16,3.0,0,20008.65
O37777,C11823,P20377,2025-03-31,4.0,0,246739.64
O37778,C11707,P20315,2026-05-13,7.0,15,426623.81
O37779,C11101,P20296,2025-12-20,2.0,0,71150.62
O37780,C11072,P20177,2025-09-28,6.0,10,198964.51
O37781,C10767,P20489,2026-01-27,2.0,10,12005.19
O37782,C10082,P20288,2026-03-08,2.0,5,56244.46
O37783,C11919,P20294,2026-04-17,3.0,5,25415.16
O37784,C11745,P20348,2025-11-04,5.0,15,164096.16
O37785,C10209,P20207,2026-05-23,5.0,0,135855.35
O37786,C11469,P20215,2025-02-24,5.0,0,258886.75
O37787,C11995,P20344,2025-02-06,5.0,5,85162.51
O37788,C11620,P20141,2025-02-24,5.0,5,144430.59
O37789,C10522,P20085,2026-06-08,4.0,10,31548.53
O37790,C11053,P20182,2026-04-08,1.0,15,14883.4
O37791,C11328,P20332,2026-04-23,6.0,15,6734.7
O37792,C10994,P20128,2025-07-30,2.0,0,127182.04
O37793,C10465,P20269,2025-08-14,1.0,0,19040.25
O37794,C11526,P20039,2025-01-07,4.0,0,85267.56
O37795,C11470,P20023,2026-06-24,7.0,15,398872.11
O37796,C10628,P20242,2025-07-31,7.0,5,5542.84
O37797,C11514,P20366,2025-07-08,5.0,5,183789.23
O37798,C10781,P20107,2025-03-16,7.0,15,73163.28
O37799,C11452,P20348,2025-04-24,4.0,5,146721.27
O37800,C10559,P20142,2025-05-31,6.0,0,286208.22
O37801,C11383,P20145,2026-03-12,6.0,5,417692.18
O37802,C10960,P20280,2025-03-25,4.0,10,71730.9
O37803,C10091,P20245,2025-07-31,7.0,10,26588.39
O37804,C11077,P20442,2026-04-06,1.0,10,9484.06
O37805,C11754,P20191,2025-06-26,2.0,0,3089.08
O37806,C10860,P20290,2025-11-08,3.0,0,164493.39
O37807,C11613,P20179,2025-06-08,3.0,10,49728.76
O37808,C11228,P20112,2025-07-05,6.0,15,121998.48
O37809,C10556,P20214,2026-04-16,2.0,0,113685.0
O37810,C10156,P20138,2025-11-05,5.0,0,114225.8
O37811,C10002,P20374,2025-09-03,4.0,10,33224.26
O37812,C11381,P20200,2026-01-19,7.0,5,398104.64
O37813,C10825,P20405,2025-02-11,5.0,0,254413.65
O37814,C11593,P20421,2025-10-12,6.0,5,372822.58
O37815,C10802,P20007,2025-10-27,4.0,20,6879.81
O37816,C10983,P20346,2026-03-12,3.0,10,38205.11
O37817,C11082,P20013,2026-01-04,6.0,5,347940.14
O37818,C11278,P20080,2026-05-01,6.0,15,78281.68
O37819,C11204,P20286,2026-03-12,2.0,0,88391.48
O37820,C10493,P20159,2026-03-04,1.0,5,22305.94
O37821,C10669,P20389,2025-06-30,6.0,5,336522.13
O37822,C11059,P20416,2025-12-06,1.0,5,51550.92
O37823,C10075,P20272,2026-05-06,2.0,15,100221.26
O37824,C10944,P20495,2026-05-10,6.0,0,449574.0
O37825,C11313,P20201,2025-06-12,7.0,0,267706.39
O37826,C10371,P20150,2026-04-01,6.0,15,39333.49
O37827,C10587,P20448,2025-04-02,3.0,0,12681.93
O37828,C10329,P20428,2025-04-15,4.0,5,123833.11
O37829,C10590,P20296,2026-03-15,7.0,5,236575.81
O37830,C11791,P20493,2026-05-13,1.0,20,16083.17
O37831,C10777,P20293,2025-11-24,3.0,5,16680.48
O37832,C10304,P20334,2026-06-25,7.0,5,16373.23
O37833,C10579,P20272,2026-05-24,6.0,10,318349.87
O37834,C10221,P20043,2025-09-08,2.0,20,90138.32
O37835,C10979,P20468,2025-07-10,5.0,15,40836.64
O37836,C11188,P20319,2025-02-16,3.0,0,13383.9
O37837,C11504,P20492,2025-09-08,3.0,15,57250.97
O37838,C11479,P20015,2025-03-05,5.0,15,247133.84
O37839,C10375,P20248,2025-11-16,6.0,10,143563.32
O37840,C11244,P20172,2026-06-08,3.0,10,150235.91
O37841,C11708,P20218,2025-10-19,1.0,5,30577.0
O37842,C11278,P20137,2025-01-29,6.0,10,155764.78
O37843,C11746,P20321,2026-03-13,1.0,10,4151.93
O37844,C10188,P20227,2025-02-16,1.0,0,23560.23
O37845,C11215,P20044,2026-02-21,3.0,0,103272.87
O37846,C11413,P20020,2026-03-27,6.0,0,362653.38
O37847,C11239,P20493,2025-03-15,3.0,15,51265.1
O37848,C11399,P20119,2025-02-22,3.0,10,32043.22
O37849,C11110,P20454,2025-08-21,6.0,5,185315.09
O37850,C10474,P20234,2025-07-19,6.0,15,197039.93
O37851,C11642,P20458,2025-04-07,6.0,10,210683.7
O37852,C10844,P20368,2025-02-18,7.0,15,374002.01
O37853,C11832,P20379,2026-06-06,6.0,0,336738.78
O37854,C10531,P20417,2025-02-09,2.0,5,1619.14
O37855,C11071,P20336,2025-06-02,6.0,10,14685.14
O37856,C11089,P20356,2025-04-16,5.0,0,347296.5
O37857,C10963,P20262,2025-07-30,6.0,0,131892.36
O37858,C10475,P20083,2025-07-21,3.0,5,21216.43
O37859,C11170,P20031,2026-03-09,5.0,10,15109.96
O37860,C10946,P20322,2025-05-27,7.0,5,421759.03
O37861,C11822,P20274,2026-05-14,4.0,5,269493.19
O37862,C11406,P20234,2025-10-09,1.0,5,36703.52
O37863,C11090,P20028,2025-11-06,2.0,0,129455.94
O37864,C10517,P20252,2025-02-20,5.0,15,306500.1
O37865,C11117,P20324,2026-05-10,7.0,0,144153.24
O37866,C11889,P20253,2026-02-13,1.0,10,43022.28
O37867,C10426,P20449,2025-09-30,2.0,0,16199.66
O37868,C11492,P20239,2026-04-03,6.0,5,33772.61
O37869,C11118,P20490,2025-04-30,7.0,15,386773.32
O37870,C11642,P20370,2025-02-15,1.0,20,53367.37
O37871,C10133,P20464,2025-08-31,7.0,5,15447.68
O37872,C11458,P20429,2025-11-07,3.0,0,21402.36
O37873,C11365,P20314,2025-11-27,3.0,0,195234.45
O37874,C10314,P20175,2025-01-11,6.0,0,124601.76
O37875,C10591,P20194,2026-02-28,1.0,10,5479.18
O37876,C11236,P20180,2025-02-17,6.0,5,125910.15
O37877,C11544,P20420,2026-01-12,6.0,10,351038.66
O37878,C11009,P20385,2025-01-08,2.0,10,69663.46
O37879,C10159,P20295,2026-06-10,1.0,0,65265.19
O37880,C11292,P20215,2026-01-05,4.0,10,186398.46
O37881,C10661,P20474,2026-03-16,6.0,15,174900.16
O37882,C11886,P20203,2026-04-29,2.0,10,42318.79
O37883,C11982,P20250,2025-09-30,2.0,15,66741.76
O37884,C11627,P20362,2025-05-11,1.0,10,48552.44
O37885,C10748,P20257,2026-06-05,5.0,10,7887.46
O37886,C11498,P20075,2025-04-24,7.0,15,128279.92
O37887,C10801,P20344,2026-06-16,6.0,10,96816.33
O37888,C10410,P20202,2026-05-14,6.0,5,321193.35
O37889,C11498,P20142,2025-12-05,1.0,5,45316.3
O37890,C11380,P20206,2025-01-21,5.0,15,149497.11
O37891,C10680,P20199,2025-02-02,2.0,0,20180.16
O37892,C11217,P20407,2025-05-13,7.0,5,36235.25
O37893,C11723,P20171,2025-01-26,3.0,5,181923.11
O37894,C11295,P20406,2025-12-30,6.0,10,49630.81
O37895,C10114,P20316,2025-04-02,3.0,10,48553.1
O37896,C10897,P20228,2026-06-29,7.0,5,201539.95
O37897,C11547,P20411,2025-08-26,6.0,0,395181.66
O37898,C11079,P20440,2025-01-18,7.0,15,386795.22
O37899,C11794,P20386,2025-10-01,1.0,10,52666.72
O37900,C10065,P20423,2025-10-16,6.0,15,170831.38
O37901,C10684,P20179,2025-01-27,5.0,0,92090.3
O37902,C11296,P20366,2026-03-10,6.0,10,208939.34
O37903,C11526,P20275,2025-04-18,1.0,10,4118.02
O37904,C11686,P20062,2025-11-20,7.0,5,308350.13
O37905,C11386,P20327,2026-06-15,4.0,15,24020.29
O37906,C10146,P20204,2025-04-14,1.0,0,38732.37
O37907,C10943,P20451,2025-11-28,1.0,10,36001.35
O37908,C11233,P20447,2025-12-28,1.0,10,57535.87
O37909,C11310,P20367,2025-10-16,1.0,5,49259.59
O37910,C11034,P20133,2026-03-20,5.0,10,283248.36
O37911,C10739,P20072,2025-02-06,6.0,0,391087.26
O37912,C10186,P20078,2025-12-14,5.0,10,231671.43
O37913,C11598,P20189,2025-02-12,5.0,0,217090.2
O37914,C11621,P20356,2025-05-06,4.0,5,263945.34
O37915,C11488,P20071,2025-01-09,4.0,0,297987.64
O37916,C11158,P20263,2026-06-10,6.0,5,240976.39
O37917,C10835,P20306,2025-05-11,6.0,10,247760.86
O37918,C10809,P20046,2025-11-21,7.0,15,52559.38
O37919,C10171,P20224,2025-07-03,1.0,5,11529.27
O37920,C10213,P20328,2025-10-09,5.0,0,250999.2
O37921,C11997,P20250,2025-02-22,4.0,5,149187.47
O37922,C11554,P20076,2026-06-17,3.0,10,105125.96
O37923,C11850,P20074,2026-01-12,1.0,0,38892.08
O37924,C11526,P20142,2025-10-22,7.0,5,317214.11
O37925,C11596,P20073,2025-07-27,2.0,10,76461.48
O37926,C11624,P20102,2026-04-22,5.0,0,319330.55
O37927,C10027,P20094,2025-03-10,1.0,0,56457.28
O37928,C11014,P20069,2026-03-13,6.0,0,105494.52
O37929,C11092,P20065,2025-10-28,1.0,5,46680.98
O37930,C10790,P20193,2025-01-27,2.0,0,119471.64
O37931,C10408,P20441,2025-04-16,6.0,10,180794.92
O37932,C11576,P20062,2025-01-11,3.0,0,139105.32
O37933,C11133,P20020,2025-08-04,4.0,5,229680.47
O37934,C10074,P20241,2025-11-17,4.0,0,246378.76
O37935,C10578,P20203,2026-04-05,2.0,10,42318.79
O37936,C10680,P20410,2026-06-10,7.0,15,114672.33
O37937,C11286,P20300,2025-06-09,2.0,10,47223.45
O37938,C11392,P20195,2026-04-09,7.0,5,142235.79
O37939,C10786,P20454,2026-06-06,7.0,10,204821.95
O37940,C10849,P20062,2025-09-30,4.0,0,185473.76
O37941,C10870,P20107,2025-08-29,3.0,0,36889.05
O37942,C10237,P20125,2025-06-16,3.0,0,101807.04
O37943,C10727,P20301,2025-11-23,1.0,0,59625.42
O37944,C11390,P20267,2026-06-13,2.0,0,118923.76
O37945,C11310,P20456,2025-09-30,2.0,5,864.73
O37946,C10378,P20477,2026-01-11,2.0,0,93393.28
O37947,C10661,P20202,2026-01-10,6.0,15,287383.52
O37948,C10830,P20162,2025-11-30,4.0,15,52701.87
O37949,C10906,P20344,2025-01-03,4.0,20,57372.64
O37950,C10376,P20302,2025-08-31,4.0,0,188014.56
O37951,C10619,P20112,2025-02-20,3.0,15,60999.24
O37952,C10653,P20337,2025-12-16,4.0,15,86317.53
O37953,C11100,P20032,2025-06-23,1.0,15,3408.25
O37954,C11033,P20459,2025-04-26,6.0,5,309222.38
O37955,C10196,P20098,2025-12-27,4.0,10,232530.8
O37956,C10807,P20472,2025-12-21,6.0,0,250093.62
O37957,C11816,P20247,2025-03-17,6.0,0,115978.38
O37958,C10893,P20261,2025-03-22,3.0,0,103327.08
O37959,C11654,P20191,2025-08-17,2.0,15,2625.72
O37960,C11314,P20029,2025-03-13,6.0,0,143429.94
O37961,C11085,P20048,2026-02-07,1.0,0,62149.84
O37962,C10937,P20496,2025-08-06,3.0,15,42734.07
O37963,C11413,P20250,2026-03-28,5.0,0,196299.3
O37964,C10847,P20226,2026-01-02,6.0,15,314955.14
O37965,C10818,P20272,2025-11-08,7.0,10,371408.18
O37966,C11924,P20153,2025-10-25,6.0,0,98232.72
O37967,C11587,P20485,2025-01-24,2.0,0,40274.3
O37968,C10564,P20328,2025-04-20,4.0,5,190759.39
O37969,C10634,P20285,2025-02-21,3.0,20,127829.78
O37970,C10679,P20180,2025-10-17,5.0,15,93880.38
O37971,C11018,P20302,2026-03-20,3.0,0,141010.92
O37972,C10008,P20153,2026-04-12,4.0,5,62214.06
O37973,C11393,P20234,2025-09-16,3.0,5,110110.55
O37974,C11069,P20023,2025-11-20,5.0,10,301667.99
O37975,C10344,P20418,2025-12-04,3.0,0,114997.26
O37976,C11781,P20451,2026-02-26,1.0,0,40001.5
O37977,C10796,P20094,2025-09-16,1.0,10,50811.55
O37978,C11399,P20370,2025-03-06,4.0,5,253495.0
O37979,C11643,P20245,2025-06-12,7.0,0,29542.66
O37980,C11051,P20290,2025-06-13,7.0,10,345436.12
O37981,C11217,P20160,2025-02-08,5.0,10,135516.24
O37982,C11954,P20373,2025-11-16,5.0,5,96082.38
O37983,C10849,P20285,2025-12-26,5.0,10,239680.85
O37984,C11381,P20009,2025-09-26,5.0,5,146154.41
O37985,C10062,P20450,2025-11-20,5.0,10,192613.68
O37986,C11086,P20185,2025-11-22,7.0,15,296795.4
O37987,C10422,P20295,2025-09-14,2.0,10,117477.34
O37988,C11818,P20135,2025-07-19,3.0,10,64928.2
O37989,C10633,P20110,2026-03-14,6.0,10,291744.77
O37990,C10792,P20069,2025-04-14,5.0,5,83516.49
O37991,C10551,P20136,2026-01-07,7.0,0,6689.62
O37992,C11404,P20096,2025-06-13,6.0,0,335007.66
O37993,C11301,P20119,2025-04-23,1.0,10,10681.07
O37994,C10606,P20374,2025-04-16,7.0,5,61372.58
O37995,C11455,P20274,2025-12-30,6.0,5,404239.78
O37996,C11139,P20358,2025-01-21,7.0,10,184848.3
O37997,C11712,P20366,2025-05-09,6.0,0,232154.82
O37998,C11145,P20338,2026-04-28,7.0,10,243720.73
O37999,C10525,P20177,2025-07-18,3.0,5,105009.05
O38000,C10899,P20361,2026-06-05,6.0,5,249185.76
O38001,C11440,P20237,2026-02-24,4.0,0,61380.2
O38002,C10163,P20272,2025-08-14,7.0,0,412675.76
O38003,C10787,P20277,2025-07-28,4.0,0,16291.6
O38004,C10910,P20138,2025-09-02,7.0,5,151920.31
O38005,C11712,P20362,2025-10-15,5.0,5,256248.96
O38006,C10982,P20132,2025-03-07,2.0,10,133091.15
O38007,C11361,P20044,2025-06-02,7.0,5,228921.53
O38008,C10379,P20123,2026-05-06,2.0,10,127498.32
O38009,C11348,P20136,2026-03-11,3.0,10,2580.28
O38010,C10173,P20367,2025-08-06,2.0,0,103704.4
O38011,C11000,P20373,2026-03-05,6.0,0,121367.22
O38012,C11811,P20126,2026-05-17,4.0,0,76656.08
O38013,C10064,P20439,2025-08-09,5.0,15,57158.46
O38014,C11125,P20275,2026-03-11,1.0,15,3889.24
O38015,C11346,P20495,2025-10-07,6.0,0,449574.0
O38016,C10975,P20064,2025-04-02,4.0,10,94179.28
O38017,C10066,P20296,2026-06-08,4.0,20,113840.99
O38018,C11867,P20232,2025-05-19,3.0,10,124862.39
O38019,C11581,P20051,2025-01-23,6.0,5,200235.98
O38020,C11623,P20137,2026-02-21,7.0,0,201917.31
O38021,C10458,P20158,2025-12-14,2.0,0,35796.88
O38022,C11603,P20056,2025-08-25,1.0,10,48613.46
O38023,C10453,P20081,2025-07-02,1.0,10,18099.97
O38024,C11283,P20232,2026-05-23,7.0,5,307531.44
O38025,C11958,P20428,2025-07-17,2.0,0,65175.32
O38026,C11741,P20443,2025-05-03,7.0,15,385007.78
O38027,C11450,P20399,2026-06-30,5.0,15,126810.4
O38028,C10979,P20452,2026-01-16,2.0,0,69019.7
O38029,C11960,P20326,2026-05-30,5.0,0,111840.15
O38030,C10178,P20128,2025-01-06,1.0,5,60411.47
O38031,C11955,P20126,2025-10-31,6.0,0,114984.12
O38032,C10280,P20317,2025-07-11,3.0,0,198694.11
O38033,C10344,P20080,2026-01-11,4.0,0,61397.4
O38034,C11041,P20474,2026-06-09,6.0,20,164611.92
O38035,C10296,P20377,2025-02-05,1.0,15,52432.17
O38036,C10202,P20357,2025-03-11,1.0,0,49601.51
O38037,C10962,P20407,2025-10-16,1.0,15,4631.57
O38038,C10684,P20333,2025-04-15,4.0,10,241958.74
O38039,C11943,P20175,2025-11-09,5.0,0,103834.8
O38040,C11798,P20145,2025-02-24,3.0,15,186862.29
O38041,C11218,P20441,2025-04-17,6.0,10,180794.92
O38042,C11173,P20126,2025-11-03,6.0,15,97736.5
O38043,C10375,P20182,2025-02-05,3.0,5,49903.16
O38044,C11912,P20219,2025-05-13,3.0,5,24518.46
O38045,C10035,P20436,2025-01-25,5.0,0,372364.4
O38046,C11393,P20278,2025-02-06,6.0,5,234746.86
O38047,C10029,P20485,2025-01-19,2.0,10,36246.87
O38048,C10775,P20083,2025-02-04,2.0,15,12655.41
O38049,C10221,P20423,2025-12-29,3.0,10,90440.14
O38050,C10053,P20483,2026-02-22,1.0,0,37616.26
O38051,C11957,P20141,2026-03-06,1.0,0,30406.44
O38052,C10791,P20334,2026-06-02,4.0,15,8371.28
O38053,C11377,P20496,2026-04-12,2.0,5,31841.07
O38054,C11416,P20095,2025-07-18,1.0,0,67995.64
O38055,C10076,P20365,2026-06-30,7.0,15,246396.88
O38056,C10494,P20194,2025-07-30,3.0,15,15524.35
O38057,C11712,P20110,2026-05-16,4.0,10,194496.52
O38058,C11546,P20052,2025-08-29,2.0,0,118915.18
O38059,C11999,P20103,2025-06-19,4.0,5,99315.51
O38060,C10117,P20101,2025-10-21,1.0,10,26764.68
O38061,C10280,P20142,2025-11-11,3.0,15,121638.49
O38062,C11754,P20201,2025-05-07,7.0,20,214165.11
O38063,C11199,P20458,2026-04-13,3.0,5,111194.17
O38064,C10746,P20319,2026-01-02,3.0,15,11376.32
O38065,C10949,P20199,2025-01-21,1.0,0,10090.08
O38066,C10764,P20284,2025-11-12,7.0,0,432784.31
O38067,C10295,P20494,2025-03-31,7.0,5,216598.41
O38068,C11018,P20217,2026-02-08,5.0,20,299046.6
O38069,C11475,P20046,2026-06-02,6.0,0,53001.06
O38070,C11858,P20028,2026-03-27,6.0,0,388367.82
O38071,C11542,P20002,2025-05-30,3.0,15,23892.71
O38072,C11045,P20383,2026-03-22,6.0,0,4846.2
O38073,C11097,P20017,2025-03-21,5.0,0,190747.15
O38074,C10842,P20315,2025-01-17,3.0,10,193594.0
O38075,C11060,P20436,2025-05-18,5.0,10,335127.96
O38076,C11531,P20388,2026-05-23,2.0,5,91550.66
O38077,C11923,P20077,2025-03-15,6.0,15,324661.72
O38078,C11257,P20466,2025-03-15,7.0,0,157111.01
O38079,C11752,P20387,2025-02-19,2.0,15,66861.87
O38080,C10497,P20371,2025-01-10,3.0,10,33208.19
O38081,C10206,P20165,2025-04-13,7.0,5,25338.76
O38082,C10426,P20097,2026-01-23,4.0,15,136347.41
O38083,C11965,P20105,2026-01-20,4.0,0,224158.48
O38084,C10044,P20024,2025-10-26,1.0,0,29271.22
O38085,C11115,P20200,2025-12-05,2.0,15,101771.11
O38086,C11953,P20035,2026-01-24,2.0,0,49096.6
O38087,C11852,P20002,2026-04-19,4.0,0,37478.76
O38088,C11494,P20289,2025-05-22,3.0,5,96136.54
O38089,C10605,P20332,2025-06-19,7.0,0,9243.71
O38090,C11491,P20342,2025-01-13,7.0,15,85124.15
O38091,C11875,P20461,2026-03-25,7.0,15,244854.52
O38092,C10454,P20138,2025-06-23,1.0,5,21702.9
O38093,C10595,P20337,2025-05-12,2.0,5,48236.27
O38094,C11357,P20062,2026-06-24,1.0,5,44050.02
O38095,C10507,P20299,2025-09-26,2.0,0,39251.42
O38096,C10794,P20197,2025-09-08,5.0,0,97270.25
O38097,C11494,P20377,2026-01-05,7.0,0,431794.37
O38098,C10021,P20059,2026-06-10,5.0,5,90447.17
O38099,C11252,P20265,2026-05-21,1.0,10,41247.08
O38100,C11400,P20333,2025-06-27,7.0,15,399904.02
O38101,C11154,P20188,2025-09-16,7.0,10,409236.47
O38102,C11711,P20063,2025-09-17,4.0,10,232566.05
O38103,C10620,P20308,2025-05-15,4.0,0,236714.44
O38104,C10414,P20279,2026-04-06,2.0,15,113587.1
O38105,C11819,P20030,2026-05-04,6.0,15,326197.38
O38106,C11095,P20171,2025-03-22,5.0,15,271288.85
O38107,C11428,P20452,2026-01-02,5.0,0,172549.25
O38108,C11586,P20021,2025-02-28,1.0,10,9470.1
O38109,C11631,P20299,2025-03-15,7.0,10,123641.97
O38110,C11815,P20201,2025-08-27,6.0,0,229462.62
O38111,C11421,P20135,2025-05-09,1.0,20,19237.98
O38112,C10337,P20272,2026-02-16,4.0,0,235814.72
O38113,C11668,P20023,2025-11-11,4.0,0,268149.32
O38114,C11529,P20442,2026-01-09,6.0,5,60065.69
O38115,C10910,P20087,2026-03-13,6.0,0,247110.9
O38116,C10276,P20031,2025-05-18,4.0,15,11416.42
O38117,C10892,P20121,2026-03-31,3.0,5,45357.95
O38118,C10013,P20069,2025-01-09,7.0,5,116923.09
O38119,C11027,P20134,2025-08-20,5.0,10,273150.99
O38120,C10978,P20371,2026-02-01,5.0,0,61496.65
O38121,C11248,P20449,2025-11-14,1.0,10,7289.85
O38122,C10974,P20315,2026-05-22,5.0,10,322656.66
O38123,C10175,P20496,2026-06-06,1.0,5,15920.54
O38124,C11923,P20412,2025-03-28,6.0,20,33554.78
O38125,C11409,P20146,2025-11-14,6.0,10,77024.41
O38126,C11626,P20472,2025-11-29,3.0,10,112542.13
O38127,C11944,P20333,2025-12-26,7.0,15,399904.02
O38128,C10241,P20481,2025-08-29,6.0,10,178562.23
O38129,C10547,P20394,2025-02-25,7.0,5,248406.69
O38130,C10014,P20263,2025-04-20,4.0,0,169106.24
O38131,C11219,P20293,2025-02-18,3.0,10,15802.56
O38132,C11421,P20480,2025-01-16,4.0,20,151174.4
O38133,C11455,P20429,2025-03-14,4.0,5,27109.66
O38134,C11330,P20086,2025-07-21,1.0,0,13141.87
O38135,C11358,P20016,2025-04-03,7.0,5,193520.65
O38136,C10725,P20216,2025-02-02,4.0,10,233330.36
O38137,C11434,P20116,2026-02-23,7.0,0,212500.89
O38138,C10003,P20118,2025-07-22,3.0,15,119909.19
O38139,C10691,P20270,2025-11-08,2.0,15,65231.28
O38140,C11576,P20395,2026-04-14,6.0,5,5016.97
O38141,C11476,P20467,2026-01-29,1.0,0,69744.83
O38142,C11700,P20343,2025-07-30,7.0,10,355129.11
O38143,C11843,P20162,2025-06-05,6.0,0,93003.3
O38144,C10747,P20188,2025-11-18,4.0,5,246841.05
O38145,C10769,P20104,2026-03-11,4.0,0,11722.28
O38146,C10872,P20141,2025-02-09,5.0,10,136828.98
O38147,C10495,P20167,2025-02-09,7.0,0,213952.2
O38148,C10417,P20300,2026-03-29,1.0,15,22299.96
O38149,C11415,P20028,2025-07-09,1.0,10,58255.17
O38150,C11397,P20424,2025-01-15,3.0,20,55092.58
O38151,C10628,P20272,2025-05-04,2.0,0,117907.36
O38152,C11076,P20050,2025-10-07,3.0,0,220782.78
O38153,C11400,P20371,2025-02-17,3.0,5,35053.09
O38154,C11419,P20156,2025-07-08,3.0,0,224443.8
O38155,C11947,P20324,2025-10-31,2.0,0,41186.64
O38156,C11021,P20348,2025-04-15,3.0,10,104249.32
O38157,C10142,P20121,2026-01-04,6.0,10,85941.38
O38158,C11110,P20444,2026-05-16,1.0,0,61262.1
O38159,C11488,P20140,2026-04-05,2.0,5,72296.48
O38160,C10046,P20016,2025-09-04,4.0,5,110583.23
O38161,C10844,P20309,2025-09-21,5.0,0,10479.4
O38162,C11009,P20438,2025-07-25,5.0,15,72973.44
O38163,C11262,P20049,2026-05-22,7.0,0,199753.05
O38164,C10010,P20164,2026-06-14,6.0,0,413481.36
O38165,C10664,P20062,2025-12-30,1.0,0,46368.44
O38166,C10573,P20340,2025-12-06,5.0,0,127736.1
O38167,C11554,P20154,2026-02-11,6.0,15,240576.43
O38168,C11622,P20312,2026-03-29,6.0,0,337366.68
O38169,C10649,P20376,2025-05-30,5.0,10,37120.32
O38170,C10913,P20346,2025-07-12,5.0,5,67212.69
O38171,C11766,P20150,2025-05-27,6.0,10,41647.23
O38172,C10640,P20376,2026-02-10,6.0,15,42069.7
O38173,C10616,P20073,2025-07-02,4.0,15,144427.24
O38174,C10698,P20069,2025-04-16,5.0,0,87912.1
O38175,C10909,P20465,2025-08-24,3.0,15,86343.84
O38176,C10178,P20177,2025-06-28,6.0,5,210018.1
O38177,C10869,P20354,2026-03-08,1.0,5,17610.93
O38178,C11030,P20002,2026-02-05,1.0,10,8432.72
O38179,C10853,P20309,2026-06-09,7.0,20,11736.93
O38180,C10307,P20119,2026-06-24,6.0,0,71207.16
O38181,C10548,P20007,2025-11-19,1.0,10,1934.95
O38182,C10327,P20255,2025-09-18,4.0,0,24868.88
O38183,C11380,P20484,2026-02-03,7.0,5,381901.45
O38184,C11817,P20461,2025-12-03,4.0,15,139916.87
O38185,C10395,P20404,2025-10-27,6.0,5,401026.86
O38186,C10300,P20478,2025-04-29,7.0,0,159911.22
O38187,C11550,P20414,2026-02-17,5.0,5,97633.07
O38188,C10749,P20075,2026-01-19,3.0,10,58211.06
O38189,C10285,P20351,2026-04-25,5.0,5,252270.79
O38190,C10330,P20195,2025-11-01,1.0,0,21388.84
O38191,C10050,P20187,2025-07-15,7.0,5,475872.07
O38192,C10773,P20450,2025-11-29,3.0,15,109147.75
O38193,C11992,P20496,2025-01-20,1.0,10,15082.61
O38194,C11646,P20003,2026-03-09,3.0,10,146255.19
O38195,C11733,P20184,2026-03-02,6.0,10,150610.05
O38196,C10378,P20335,2025-08-17,2.0,0,36403.08
O38197,C11788,P20273,2026-06-08,4.0,10,132153.3
O38198,C11624,P20368,2025-08-05,7.0,5,418002.24
O38199,C11000,P20052,2026-01-10,4.0,0,237830.36
O38200,C11849,P20263,2025-02-05,7.0,0,295935.92
O38201,C11562,P20368,2025-01-28,6.0,10,339430.39
O38202,C10774,P20133,2026-01-07,1.0,0,62944.08
O38203,C11168,P20482,2025-03-27,1.0,0,3195.14
O38204,C11084,P20225,2025-07-07,2.0,0,9893.44
O38205,C10868,P20310,2025-11-01,5.0,0,201001.2
O38206,C11804,P20061,2026-02-26,7.0,5,197349.59
O38207,C11099,P20365,2025-03-21,3.0,10,111810.35
O38208,C10003,P20016,2025-07-05,6.0,0,174605.1
O38209,C11599,P20229,2025-01-05,2.0,0,75710.88
O38210,C10748,P20195,2026-05-12,6.0,10,115499.74
O38211,C11472,P20251,2026-05-24,2.0,10,17300.09
O38212,C11982,P20443,2025-01-02,1.0,10,58236.47
O38213,C11765,P20303,2025-08-05,1.0,0,70341.69
O38214,C11926,P20048,2026-06-21,5.0,15,264136.82
O38215,C10275,P20235,2025-09-14,7.0,5,357364.08
O38216,C11554,P20121,2026-03-29,7.0,10,100264.94
O38217,C11616,P20499,2026-02-28,6.0,0,220764.72
O38218,C10215,P20320,2025-11-20,6.0,0,59718.12
O38219,C11707,P20050,2026-05-14,5.0,10,331174.17
O38220,C11509,P20469,2025-07-16,1.0,0,49039.95
O38221,C10329,P20041,2026-05-19,4.0,0,143245.28
O38222,C10255,P20456,2025-09-29,5.0,10,2048.04
O38223,C11411,P20022,2025-01-18,2.0,5,10465.28
O38224,C10126,P20371,2025-04-17,1.0,10,11069.4
O38225,C10767,P20182,2026-06-13,6.0,10,94553.35
O38226,C11608,P20005,2025-05-05,6.0,5,141533.28
O38227,C11574,P20145,2026-04-28,3.0,5,208846.09
O38228,C11348,P20357,2025-01-04,3.0,15,126483.85
O38229,C11228,P20078,2025-12-17,4.0,5,195633.65
O38230,C11196,P20231,2025-12-17,6.0,10,264153.1
O38231,C11759,P20297,2025-08-16,1.0,0,53552.31
O38232,C10217,P20348,2025-01-16,6.0,15,196915.39
O38233,C11269,P20479,2026-03-01,6.0,0,405064.86
O38234,C11360,P20209,2026-04-09,2.0,10,96996.6
O38235,C11727,P20163,2025-09-03,4.0,5,272099.65
O38236,C11322,P20168,2025-06-26,2.0,10,32677.9
O38237,C10832,P20278,2026-06-27,7.0,5,273871.34
O38238,C10182,P20237,2026-05-24,3.0,10,41431.63
O38239,C10334,P20176,2025-08-21,2.0,0,89202.6
O38240,C10511,P20053,2025-02-07,3.0,5,86504.17
O38241,C10383,P20349,2026-05-06,7.0,15,377267.96
O38242,C11741,P20010,2026-03-20,5.0,0,105944.15
O38243,C11897,P20146,2025-01-20,7.0,0,99846.46
O38244,C11223,P20227,2025-04-21,3.0,5,67146.66
O38245,C10332,P20236,2026-05-02,6.0,20,350412.43
O38246,C11189,P20464,2025-03-30,7.0,0,16260.72
O38247,C11266,P20242,2025-11-15,3.0,0,2500.53
O38248,C10900,P20305,2025-04-28,7.0,10,270223.19
O38249,C10642,P20071,2026-03-10,6.0,0,446981.46
O38250,C11251,P20158,2025-08-27,4.0,5,68014.07
O38251,C10634,P20019,2025-03-13,6.0,15,287239.85
O38252,C11580,P20055,2026-02-03,7.0,0,202309.59
O38253,C10451,P20444,2026-02-08,6.0,10,330815.34
O38254,C10196,P20215,2025-09-08,6.0,5,295130.89
O38255,C11894,P20456,2025-07-14,4.0,15,1547.41
O38256,C11228,P20209,2025-08-10,1.0,20,43109.6
O38257,C10458,P20021,2025-07-01,7.0,5,69973.49
O38258,C10830,P20282,2025-09-13,1.0,10,22074.63
O38259,C10257,P20249,2025-03-29,7.0,10,333959.6
O38260,C11553,P20028,2026-05-07,3.0,0,194183.91
O38261,C11296,P20423,2025-12-02,5.0,0,167481.75
O38262,C10009,P20417,2026-06-22,1.0,20,681.74
O38263,C10761,P20296,2026-02-11,3.0,5,101389.63
O38264,C10949,P20211,2025-10-16,4.0,0,281736.44
O38265,C11225,P20285,2025-12-28,1.0,15,45273.05
O38266,C11083,P20020,2026-03-17,1.0,10,54398.01
O38267,C10887,P20020,2025-01-30,6.0,0,362653.38
O38268,C10393,P20330,2025-08-11,7.0,0,447530.23
O38269,C11676,P20396,2025-05-04,6.0,0,222355.62
O38270,C11143,P20120,2025-08-03,3.0,15,71815.88
O38271,C11577,P20097,2025-04-28,6.0,15,204521.12
O38272,C10399,P20120,2025-08-15,3.0,0,84489.27
O38273,C11858,P20025,2026-03-20,2.0,15,37067.84
O38274,C10331,P20153,2026-03-13,7.0,5,108874.6
O38275,C11291,P20245,2025-01-12,2.0,10,7596.68
O38276,C11544,P20260,2025-05-02,5.0,0,351031.05
O38277,C11719,P20004,2026-05-04,7.0,5,93290.92
O38278,C10480,P20393,2025-09-08,1.0,0,28752.51
O38279,C10134,P20143,2026-04-27,2.0,0,93405.24
O38280,C11717,P20282,2025-10-07,3.0,0,73582.11
O38281,C10916,P20335,2025-12-03,6.0,0,109209.24
O38282,C10935,P20346,2025-06-17,6.0,20,67920.19
O38283,C10355,P20220,2025-11-24,1.0,20,2057.66
O38284,C10584,P20327,2025-09-03,7.0,15,42035.5
O38285,C11522,P20160,2025-10-28,2.0,0,60229.44
O38286,C10625,P20076,2025-07-19,5.0,5,184943.82
O38287,C11131,P20099,2026-05-15,5.0,5,247999.4
O38288,C10290,P20180,2025-01-13,5.0,5,104925.12
O38289,C10825,P20127,2026-01-01,5.0,0,166896.75
O38290,C10629,P20032,2025-04-07,6.0,5,22855.35
O38291,C11019,P20265,2025-03-12,6.0,0,274980.54
O38292,C10632,P20334,2025-12-23,6.0,15,12556.91
O38293,C11171,P20013,2026-06-28,7.0,10,384565.42
O38294,C10327,P20440,2025-09-07,3.0,5,185271.66
O38295,C11439,P20380,2025-09-11,5.0,10,17456.26
O38296,C10210,P20428,2025-07-01,4.0,0,130350.64
O38297,C11320,P20481,2025-06-15,6.0,0,198402.48
O38298,C11422,P20352,2025-01-04,5.0,0,245898.4
O38299,C11127,P20339,2026-04-08,2.0,10,107656.87
O38300,C10636,P20414,2025-05-25,7.0,0,143880.31
O38301,C11781,P20400,2025-06-14,1.0,10,46469.78
O38302,C11532,P20396,2025-12-10,6.0,0,222355.62
O38303,C11915,P20202,2025-04-15,6.0,0,338098.26
O38304,C10868,P20450,2025-11-10,2.0,0,85606.08
O38305,C11233,P20018,2025-06-18,1.0,10,57818.95
O38306,C11957,P20397,2026-06-04,3.0,5,210873.24
O38307,C10428,P20093,2026-03-12,6.0,10,42912.83
O38308,C10393,P20280,2026-05-27,1.0,0,19925.25
O38309,C10826,P20358,2026-02-13,4.0,0,117364.0
O38310,C10916,P20396,2026-03-12,6.0,10,200120.06
O38311,C11133,P20316,2025-11-11,5.0,0,89913.15
O38312,C11913,P20060,2026-06-26,7.0,0,54684.28
O38313,C10348,P20477,2025-03-04,2.0,0,93393.28
O38314,C10050,P20214,2025-02-01,1.0,10,51158.25
O38315,C10916,P20100,2025-07-30,2.0,10,1958.71
O38316,C11129,P20001,2026-04-08,5.0,0,47854.1
O38317,C11444,P20043,2025-03-21,3.0,10,152108.41
O38318,C11397,P20311,2025-12-09,7.0,10,325828.94
O38319,C11051,P20168,2025-08-20,5.0,5,86233.35
O38320,C10968,P20192,2025-05-09,3.0,0,76857.51
O38321,C10800,P20034,2025-01-19,2.0,10,9025.29
O38322,C11793,P20034,2025-12-23,3.0,10,13537.94
O38323,C11297,P20176,2026-02-23,6.0,0,267607.8
O38324,C11017,P20417,2025-03-22,3.0,10,2300.89
O38325,C10649,P20196,2025-04-28,3.0,5,125461.76
O38326,C11364,P20486,2026-05-09,6.0,10,327056.35
O38327,C10301,P20158,2026-05-07,3.0,0,53695.32
O38328,C11504,P20245,2025-08-13,6.0,0,25322.28
O38329,C11858,P20500,2026-02-23,6.0,5,224907.52
O38330,C11568,P20366,2025-05-17,7.0,5,257304.93
O38331,C11581,P20340,2025-08-14,3.0,5,72809.58
O38332,C11289,P20346,2025-11-30,6.0,10,76410.22
O38333,C11566,P20335,2025-08-17,1.0,10,16381.39
O38334,C11620,P20071,2025-11-19,3.0,10,201141.66
O38335,C10166,P20327,2025-04-18,3.0,0,21194.37
O38336,C10316,P20114,2026-03-21,5.0,10,161465.76
O38337,C10001,P20285,2025-01-07,5.0,5,252996.45
O38338,C11020,P20407,2025-05-08,7.0,0,38142.37
O38339,C11785,P20418,2025-12-19,7.0,0,268326.94
O38340,C11285,P20468,2025-09-24,7.0,0,67260.34
O38341,C10063,P20143,2025-08-02,5.0,5,221837.44
O38342,C10483,P20097,2025-09-04,3.0,0,120306.54
O38343,C11700,P20309,2026-01-09,5.0,20,8383.52
O38344,C11345,P20401,2026-02-25,1.0,15,51990.33
O38345,C11870,P20320,2025-02-10,2.0,15,16920.13
O38346,C11225,P20212,2025-12-14,5.0,5,106079.14
O38347,C10222,P20317,2025-05-23,6.0,15,337779.99
O38348,C10152,P20185,2025-05-21,5.0,0,249407.9
O38349,C10644,P20205,2025-04-17,1.0,10,57875.04
O38350,C10626,P20364,2025-02-02,6.0,5,257012.54
O38351,C11486,P20216,2025-07-19,6.0,0,388883.94
O38352,C10217,P20246,2025-04-29,6.0,0,203595.9
O38353,C10196,P20239,2025-08-17,6.0,10,31995.11
O38354,C11817,P20293,2025-07-04,4.0,0,23411.2
O38355,C11226,P20391,2025-08-03,4.0,10,1808.28
O38356,C10995,P20008,2025-05-10,6.0,15,96322.58
O38357,C11015,P20471,2025-09-29,6.0,0,201773.58
O38358,C10647,P20078,2025-01-08,6.0,5,293450.48
O38359,C11258,P20324,2026-02-07,1.0,10,18533.99
O38360,C11165,P20277,2026-01-04,5.0,0,20364.5
O38361,C10708,P20445,2026-06-21,2.0,15,125456.28
O38362,C11522,P20494,2025-02-22,7.0,15,193798.58
O38363,C11579,P20202,2025-09-04,6.0,0,338098.26
O38364,C11081,P20214,2025-12-03,7.0,0,397897.5
O38365,C11956,P20094,2025-10-08,5.0,20,225829.12
O38366,C11528,P20478,2025-02-02,1.0,20,18275.57
O38367,C11166,P20464,2025-12-09,7.0,5,15447.68
O38368,C10722,P20075,2025-08-27,1.0,0,21559.65
O38369,C11608,P20470,2026-05-07,6.0,10,22886.12
O38370,C11760,P20157,2025-06-26,7.0,0,19068.7
O38371,C11563,P20153,2025-02-13,3.0,15,41748.91
O38372,C10640,P20442,2025-10-31,1.0,10,9484.06
O38373,C10106,P20142,2025-09-26,3.0,10,128793.7
O38374,C10165,P20078,2026-02-04,7.0,0,360377.78
O38375,C10215,P20322,2026-03-07,7.0,10,399561.18
O38376,C11095,P20182,2026-02-25,1.0,0,17509.88
O38377,C11740,P20461,2025-05-11,3.0,0,123456.06
O38378,C11689,P20195,2026-02-14,3.0,5,60958.19
O38379,C11603,P20158,2025-08-13,6.0,5,102021.11
O38380,C10090,P20146,2025-05-23,6.0,10,77024.41
O38381,C11796,P20054,2026-06-24,7.0,15,190661.98
O38382,C10874,P20356,2025-05-05,5.0,5,329931.68
O38383,C11252,P20277,2025-07-31,3.0,5,11607.76
O38384,C11103,P20309,2026-03-04,4.0,5,7964.34
O38385,C10608,P20083,2026-03-13,1.0,0,7444.36
O38386,C10349,P20400,2025-08-26,6.0,10,278818.69
O38387,C11866,P20156,2025-11-24,2.0,5,142147.74
O38388,C10894,P20004,2025-04-29,7.0,15,83470.82
O38389,C10246,P20499,2025-02-15,1.0,10,33114.71
O38390,C10272,P20311,2025-03-25,5.0,0,258594.4
O38391,C10403,P20271,2025-12-18,5.0,0,340961.25
O38392,C11693,P20064,2025-01-13,3.0,5,74558.59
O38393,C11140,P20449,2025-06-21,5.0,0,40499.15
O38394,C11459,P20112,2025-08-22,6.0,5,136351.24
O38395,C11554,P20239,2025-06-30,5.0,0,29625.1
O38396,C11466,P20144,2025-02-20,1.0,20,7455.82
O38397,C11196,P20374,2026-01-30,7.0,0,64602.72
O38398,C11040,P20020,2026-03-05,4.0,10,217592.03
O38399,C10961,P20064,2025-10-01,4.0,0,104643.64
O38400,C11776,P20289,2025-07-26,7.0,5,224318.6
O38401,C10898,P20081,2025-05-28,7.0,0,140777.56
O38402,C11080,P20197,2025-10-27,3.0,5,55444.04
O38403,C11615,P20382,2026-03-29,7.0,5,355267.34
O38404,C11127,P20069,2026-01-18,5.0,10,79120.89
O38405,C10284,P20186,2026-06-18,5.0,10,41095.84
O38406,C11729,P20167,2025-08-21,4.0,10,110032.56
O38407,C10517,P20205,2025-05-09,7.0,15,382618.32
O38408,C10618,P20492,2025-08-25,3.0,15,57250.97
O38409,C11302,P20164,2026-04-30,5.0,10,310111.02
O38410,C11909,P20094,2025-08-29,3.0,0,169371.84
O38411,C10612,P20249,2025-08-11,6.0,20,254445.41
O38412,C10750,P20068,2025-04-09,1.0,15,56435.88
O38413,C11293,P20343,2025-09-30,6.0,10,304396.38
O38414,C11857,P20021,2026-02-03,5.0,5,49981.07
O38415,C10400,P20319,2026-06-01,5.0,0,22306.5
O38416,C11527,P20085,2026-03-06,5.0,10,39435.66
O38417,C10086,P20390,2026-06-07,4.0,15,103909.34
O38418,C10320,P20024,2025-12-14,4.0,10,105376.39
O38419,C11056,P20111,2026-03-27,5.0,10,92631.69
O38420,C10336,P20437,2025-02-11,5.0,0,291977.5
O38421,C10051,P20351,2025-04-04,1.0,5,50454.16
O38422,C11103,P20083,2026-05-01,1.0,10,6699.92
O38423,C11722,P20358,2026-06-01,3.0,0,88023.0
O38424,C10174,P20460,2025-05-30,7.0,10,83849.85
O38425,C11972,P20078,2026-05-14,3.0,10,139002.86
O38426,C11642,P20434,2026-01-06,4.0,0,70642.32
O38427,C10501,P20380,2026-04-30,2.0,0,7758.34
O38428,C11599,P20140,2026-01-18,1.0,15,32343.16
O38429,C10076,P20440,2025-07-11,3.0,0,195022.8
O38430,C10316,P20376,2025-08-09,7.0,5,54855.58
O38431,C11857,P20271,2025-02-16,7.0,10,429611.18
O38432,C11397,P20339,2025-05-07,1.0,15,50837.96
O38433,C11105,P20476,2025-01-07,1.0,15,19565.34
O38434,C11897,P20424,2025-04-26,6.0,5,130844.87
O38435,C11664,P20169,2026-01-01,2.0,5,89825.94
O38436,C11719,P20197,2025-02-15,1.0,15,16535.94
O38437,C11779,P20453,2026-01-28,6.0,10,161676.86
O38438,C10697,P20262,2025-01-23,7.0,10,138486.98
O38439,C11010,P20215,2025-05-11,2.0,5,98376.96
O38440,C10732,P20067,2025-05-07,7.0,5,308601.9
O38441,C11095,P20229,2026-03-21,6.0,5,215776.01
O38442,C10969,P20161,2025-11-05,7.0,5,122337.46
O38443,C10854,P20427,2026-03-09,6.0,0,121824.6
O38444,C10666,P20122,2026-04-18,2.0,20,83641.41
O38445,C11781,P20149,2025-02-17,1.0,0,61035.79
O38446,C10652,P20340,2025-03-23,1.0,0,25547.22
O38447,C11095,P20193,2025-04-19,3.0,5,170247.09
O38448,C10046,P20231,2025-09-20,1.0,10,44025.52
O38449,C11071,P20111,2025-01-31,7.0,15,122479.68
O38450,C11615,P20145,2025-12-24,1.0,10,65951.4
O38451,C11446,P20221,2026-04-25,1.0,15,46408.04
O38452,C10149,P20392,2025-07-08,3.0,15,162667.05
O38453,C10910,P20064,2025-01-05,2.0,15,44473.55
O38454,C11154,P20126,2025-10-13,3.0,0,57492.06
O38455,C10456,P20218,2026-01-29,7.0,5,214039.03
O38456,C11663,P20284,2026-03-31,7.0,5,411145.09
O38457,C10877,P20354,2026-03-02,1.0,5,17610.93
O38458,C11655,P20474,2025-01-27,5.0,10,154323.68
O38459,C10966,P20397,2025-05-07,1.0,5,70291.08
O38460,C10869,P20236,2025-05-15,3.0,10,197106.99
O38461,C11529,P20485,2026-06-19,6.0,5,114781.76
O38462,C10929,P20013,2025-11-27,6.0,0,366252.78
O38463,C11024,P20422,2026-01-27,3.0,5,89918.73
O38464,C11001,P20153,2025-01-08,4.0,15,55665.21
O38465,C10774,P20239,2025-09-18,7.0,10,37327.63
O38466,C10244,P20190,2025-07-18,6.0,20,243123.02
O38467,C10474,P20151,2026-01-21,5.0,15,137358.85
O38468,C10382,P20086,2026-04-17,3.0,5,37454.33
O38469,C11127,P20021,2025-06-28,6.0,0,63133.98
O38470,C10489,P20182,2026-03-26,6.0,10,94553.35
O38471,C11061,P20319,2025-08-28,2.0,10,8030.34
O38472,C11678,P20158,2026-06-08,1.0,5,17003.52
O38473,C11573,P20459,2025-07-02,6.0,0,325497.24
O38474,C11544,P20452,2025-12-24,6.0,10,186353.19
O38475,C11767,P20481,2026-01-11,2.0,0,66134.16
O38476,C11357,P20367,2026-06-22,7.0,15,308520.59
O38477,C10397,P20076,2025-03-23,3.0,10,105125.96
O38478,C10296,P20329,2025-12-24,3.0,0,30778.53
O38479,C10107,P20416,2025-07-04,2.0,0,108528.26
O38480,C10860,P20203,2025-10-15,2.0,10,42318.79
O38481,C10954,P20229,2025-03-03,4.0,10,136279.58
O38482,C10530,P20152,2026-05-22,1.0,10,42524.2
O38483,C11849,P20263,2026-04-07,2.0,10,76097.81
O38484,C11107,P20072,2025-01-30,1.0,10,58663.09
O38485,C10934,P20225,2025-01-31,6.0,5,28196.3
O38486,C10288,P20473,2025-10-20,5.0,15,95868.23
O38487,C10706,P20385,2025-06-22,3.0,5,110300.47
O38488,C11485,P20131,2025-05-08,2.0,0,51674.74
O38489,C10215,P20360,2025-03-27,5.0,0,99538.15
O38490,C11305,P20028,2025-11-11,3.0,0,194183.91
O38491,C10732,P20299,2025-01-28,4.0,5,74577.7
O38492,C11978,P20097,2025-05-02,3.0,10,108275.89
O38493,C11483,P20046,2025-09-08,2.0,0,17667.02
O38494,C11825,P20001,2026-02-07,5.0,15,40675.98
O38495,C10344,P20166,2026-03-19,5.0,10,115241.99
O38496,C10194,P20245,2025-09-29,5.0,0,21101.9
O38497,C10158,P20219,2025-04-23,3.0,0,25808.91
O38498,C10465,P20102,2026-01-29,1.0,5,60672.8
O38499,C10104,P20291,2025-01-19,7.0,0,189169.96
O38500,C10034,P20458,2026-04-10,1.0,0,39015.5
O38501,C11126,P20204,2025-07-10,3.0,0,116197.11
O38502,C10639,P20202,2026-05-08,2.0,5,107064.45
O38503,C11750,P20054,2025-06-12,3.0,0,96132.09
O38504,C10325,P20482,2025-10-22,1.0,0,3195.14
O38505,C11968,P20280,2025-03-14,3.0,15,50809.39
O38506,C11832,P20412,2025-11-05,5.0,0,34952.9
O38507,C10691,P20278,2025-10-29,2.0,5,78248.95
O38508,C10592,P20493,2025-11-04,7.0,0,140727.72
O38509,C10141,P20016,2025-05-04,2.0,0,58201.7
O38510,C10474,P20013,2025-09-18,4.0,10,219751.67
O38511,C11055,P20356,2025-07-14,7.0,0,486215.1
O38512,C10884,P20356,2025-12-17,3.0,0,208377.9
O38513,C11959,P20318,2026-05-04,6.0,10,40739.27
O38514,C10063,P20427,2025-07-19,6.0,0,121824.6
O38515,C11584,P20087,2026-05-23,7.0,5,273881.25
O38516,C11111,P20078,2026-03-22,7.0,0,360377.78
O38517,C10304,P20416,2025-03-21,7.0,0,379848.91
O38518,C11085,P20067,2026-04-14,6.0,0,278437.8
O38519,C10396,P20347,2026-03-18,5.0,20,55600.48
O38520,C10334,P20211,2025-09-29,6.0,5,401474.43
O38521,C11976,P20214,2025-12-09,3.0,10,153474.75
O38522,C10786,P20185,2025-05-04,4.0,10,179573.69
O38523,C10411,P20449,2025-08-11,4.0,10,29159.39
O38524,C10284,P20453,2026-05-05,3.0,10,80838.43
O38525,C10466,P20433,2025-10-24,6.0,10,75383.89
O38526,C10080,P20033,2025-04-29,3.0,5,133599.11
O38527,C11716,P20115,2025-03-17,7.0,5,334698.89
O38528,C10784,P20275,2025-09-15,7.0,15,27224.7
O38529,C11101,P20420,2026-06-16,3.0,15,165768.26
O38530,C11978,P20499,2025-12-17,7.0,0,257558.84
O38531,C10733,P20198,2025-10-04,1.0,5,66564.74
O38532,C11929,P20380,2025-09-12,4.0,10,13965.01
O38533,C11818,P20143,2025-09-21,2.0,0,93405.24
O38534,C11564,P20228,2025-01-29,6.0,15,154564.48
O38535,C11385,P20120,2026-04-12,6.0,5,160529.61
O38536,C10077,P20353,2025-02-04,1.0,10,58929.52
O38537,C10509,P20024,2025-10-21,5.0,0,146356.1
O38538,C11188,P20027,2025-07-22,2.0,0,125560.5
O38539,C11033,P20433,2025-03-09,2.0,0,27919.96
O38540,C11199,P20075,2025-05-11,2.0,0,43119.3
O38541,C10462,P20241,2025-04-21,7.0,5,409604.69
O38542,C11331,P20023,2026-06-08,4.0,15,227926.92
O38543,C11612,P20161,2025-10-15,5.0,5,87383.9
O38544,C10245,P20041,2025-02-12,1.0,0,35811.32
O38545,C10122,P20238,2025-10-21,7.0,0,7090.23
O38546,C10185,P20239,2025-10-12,5.0,10,26662.59
O38547,C10032,P20056,2025-01-19,6.0,5,307885.21
O38548,C10998,P20413,2026-05-22,1.0,20,42990.16
O38549,C11987,P20415,2025-02-17,7.0,10,359708.08
O38550,C10762,P20449,2025-08-07,4.0,15,27539.42
O38551,C10569,P20098,2025-07-07,6.0,0,387551.34
O38552,C10310,P20146,2025-01-31,5.0,10,64187.01
O38553,C11396,P20466,2025-09-16,2.0,0,44888.86
O38554,C11680,P20262,2025-12-10,5.0,10,98919.27
O38555,C10830,P20436,2025-11-04,6.0,5,424495.42
O38556,C11620,P20040,2025-03-12,7.0,10,217229.54
O38557,C10992,P20193,2025-11-03,7.0,0,418150.74
O38558,C11080,P20239,2025-04-09,4.0,5,22515.08
O38559,C10791,P20042,2025-01-21,4.0,0,235160.48
O38560,C11297,P20222,2025-01-06,4.0,0,262355.28
O38561,C10464,P20196,2025-08-19,1.0,10,39619.5
O38562,C10678,P20288,2025-03-23,5.0,20,118409.4
O38563,C11480,P20010,2025-08-05,2.0,10,38139.89
O38564,C10979,P20235,2025-12-01,7.0,5,357364.08
O38565,C10670,P20325,2026-04-04,2.0,0,16101.2
O38566,C11273,P20265,2025-03-28,3.0,0,137490.27
O38567,C10698,P20069,2026-05-30,4.0,0,70329.68
O38568,C10994,P20445,2026-05-28,6.0,20,354229.49
O38569,C10078,P20139,2026-04-23,2.0,5,5877.76
O38570,C10534,P20355,2026-05-13,4.0,15,115338.91
O38571,C10108,P20219,2026-03-25,2.0,10,15485.35
O38572,C11297,P20196,2025-09-17,5.0,10,198097.52
O38573,C10764,P20074,2026-06-21,3.0,15,99174.8
O38574,C10015,P20103,2025-07-19,4.0,0,104542.64
O38575,C10370,P20225,2026-04-08,1.0,5,4699.38
O38576,C11328,P20123,2025-04-04,1.0,15,60207.54
O38577,C11696,P20102,2025-12-18,2.0,10,114959.0
O38578,C10205,P20264,2025-04-18,7.0,0,60630.57
O38579,C11137,P20433,2025-12-21,5.0,0,69799.9
O38580,C11704,P20408,2026-04-14,6.0,10,196674.32
O38581,C10865,P20487,2025-04-05,7.0,0,133769.79
O38582,C11277,P20161,2025-04-01,4.0,15,62548.47
O38583,C10441,P20233,2025-02-13,3.0,0,40268.13
O38584,C11210,P20491,2026-04-01,5.0,10,169151.54
O38585,C10859,P20275,2026-01-19,2.0,10,8236.04
O38586,C10227,P20258,2025-01-23,5.0,10,64813.1
O38587,C10528,P20311,2025-01-23,3.0,5,147398.81
O38588,C11692,P20139,2025-08-22,5.0,15,13147.63
O38589,C10354,P20227,2025-11-07,4.0,10,84816.83
O38590,C10623,P20273,2026-02-21,2.0,10,66076.65
O38591,C11025,P20426,2025-11-29,3.0,0,81276.0
O38592,C11577,P20317,2025-04-13,2.0,0,132462.74
O38593,C11584,P20387,2026-05-15,6.0,0,235983.06
O38594,C10927,P20086,2026-04-28,4.0,0,52567.48
O38595,C11444,P20291,2025-07-08,3.0,10,72965.56
O38596,C11644,P20469,2026-04-05,6.0,5,279527.71
O38597,C11185,P20217,2025-07-08,6.0,10,403712.91
O38598,C10161,P20359,2025-12-17,6.0,0,60699.0
O38599,C10871,P20066,2025-04-24,3.0,5,75410.54
O38600,C11152,P20257,2025-04-14,2.0,15,2979.71
O38601,C11746,P20135,2026-05-23,5.0,15,102201.79
O38602,C11175,P20404,2025-12-11,5.0,15,299011.26
O38603,C10444,P20427,2025-01-21,6.0,15,103550.91
O38604,C11791,P20375,2026-01-22,1.0,10,15754.36
O38605,C11495,P20390,2025-07-28,1.0,15,25977.33
O38606,C10463,P20055,2026-04-28,3.0,10,78033.7
O38607,C11754,P20356,2026-04-18,2.0,20,111134.88
O38608,C11054,P20243,2026-01-28,3.0,0,103253.34
O38609,C10473,P20252,2026-05-31,2.0,15,122600.04
O38610,C10557,P20021,2025-07-07,4.0,10,37880.39
O38611,C10080,P20307,2025-12-12,1.0,0,70695.15
O38612,C11063,P20430,2025-12-18,3.0,0,168213.78
O38613,C10240,P20163,2026-06-25,7.0,15,426050.76
O38614,C10557,P20356,2025-02-16,4.0,5,263945.34
O38615,C10590,P20264,2025-03-18,5.0,20,34646.04
O38616,C11361,P20498,2025-12-09,1.0,0,44002.13
O38617,C11932,P20068,2025-07-10,2.0,5,126150.78
O38618,C11885,P20107,2026-06-27,6.0,0,73778.1
O38619,C11824,P20400,2025-02-05,5.0,5,245257.18
O38620,C11976,P20067,2026-02-28,5.0,10,208828.35
O38621,C11304,P20199,2025-12-17,4.0,10,36324.29
O38622,C11140,P20192,2025-07-07,7.0,0,179334.19
O38623,C10269,P20002,2026-06-11,3.0,0,28109.07
O38624,C11940,P20257,2025-11-30,6.0,0,10516.62
O38625,C10335,P20442,2026-04-28,3.0,15,26871.49
O38626,C10312,P20001,2025-08-04,4.0,0,38283.28
O38627,C11077,P20358,2025-06-07,5.0,5,139369.75
O38628,C11092,P20115,2025-08-29,1.0,5,47814.13
O38629,C10694,P20391,2025-10-23,5.0,15,2134.78
O38630,C10034,P20088,2026-04-07,4.0,0,50382.28
O38631,C11820,P20197,2025-02-14,5.0,0,97270.25
O38632,C11842,P20469,2026-05-10,6.0,10,264815.73
O38633,C10386,P20092,2025-06-24,5.0,20,155173.2
O38634,C10249,P20274,2025-12-12,5.0,10,319136.67
O38635,C11135,P20344,2025-02-25,5.0,0,89644.75
O38636,C11118,P20160,2025-12-07,1.0,5,28608.98
O38637,C11434,P20173,2025-04-18,2.0,20,65328.37
O38638,C11203,P20033,2025-08-02,2.0,5,89066.07
O38639,C11071,P20458,2026-05-14,3.0,5,111194.17
O38640,C10794,P20073,2026-02-01,2.0,5,80709.34
O38641,C10852,P20433,2026-05-12,2.0,20,22335.97
O38642,C10874,P20417,2025-06-22,2.0,10,1533.92
O38643,C11628,P20481,2025-04-15,7.0,10,208322.6
O38644,C10376,P20455,2026-04-24,5.0,0,214132.8
O38645,C10724,P20196,2026-02-03,7.0,10,277336.52
O38646,C11611,P20284,2026-03-10,5.0,5,293675.07
O38647,C11914,P20087,2025-07-13,6.0,0,247110.9
O38648,C10202,P20309,2026-04-11,1.0,15,1781.5
O38649,C10445,P20224,2025-12-07,7.0,5,80704.87
O38650,C11943,P20044,2025-02-28,5.0,0,172121.45
O38651,C11957,P20336,2026-06-22,5.0,15,11557.75
O38652,C10297,P20494,2026-04-23,2.0,0,65142.38
O38653,C11332,P20439,2025-04-13,1.0,10,12104.14
O38654,C11747,P20138,2026-06-17,1.0,10,20560.64
O38655,C10493,P20270,2025-11-18,2.0,15,65231.28
O38656,C10338,P20359,2025-01-14,7.0,15,60193.18
O38657,C11969,P20036,2026-04-01,2.0,10,90998.77
O38658,C10923,P20034,2025-08-09,1.0,0,5014.05
O38659,C11670,P20088,2026-01-26,4.0,5,47863.17
O38660,C11866,P20146,2025-06-22,2.0,15,24248.43
O38661,C11090,P20016,2025-03-22,2.0,0,58201.7
O38662,C10792,P20233,2025-12-02,1.0,10,12080.44
O38663,C11446,P20421,2025-08-13,7.0,0,457852.29
O38664,C11564,P20041,2025-02-04,4.0,0,143245.28
O38665,C11948,P20255,2025-07-07,6.0,0,37303.32
O38666,C11653,P20281,2025-08-12,4.0,0,142307.84
O38667,C11517,P20126,2026-05-09,3.0,20,45993.65
O38668,C11906,P20008,2025-11-07,4.0,15,64215.05
O38669,C10962,P20472,2026-06-05,2.0,5,79196.31
O38670,C10317,P20468,2026-06-24,5.0,10,43238.79
O38671,C10942,P20368,2026-01-04,1.0,10,56571.73
O38672,C11861,P20350,2026-04-20,6.0,15,31857.15
O38673,C10626,P20340,2025-01-31,2.0,15,43430.27
O38674,C10075,P20402,2025-08-20,6.0,0,188874.9
O38675,C11738,P20324,2026-05-12,1.0,5,19563.65
O38676,C10939,P20176,2025-06-24,6.0,10,240847.02
O38677,C10059,P20228,2025-10-25,4.0,20,96981.63
O38678,C10386,P20454,2025-12-31,1.0,10,29260.28
O38679,C10015,P20323,2025-03-27,2.0,15,8008.78
O38680,C11255,P20402,2025-03-30,5.0,15,133786.39
O38681,C11641,P20367,2025-02-23,2.0,10,93333.96
O38682,C11701,P20488,2025-12-27,7.0,15,367911.47
O38683,C10199,P20018,2026-04-21,3.0,5,183093.35
O38684,C11940,P20056,2025-08-17,1.0,5,51314.2
O38685,C11378,P20407,2026-06-18,2.0,10,9808.04
O38686,C10035,P20035,2026-01-08,4.0,0,98193.2
O38687,C10162,P20390,2026-04-14,4.0,0,122246.28
O38688,C11781,P20118,2026-02-24,7.0,10,296246.22
O38689,C10982,P20282,2026-06-16,6.0,5,139806.01
O38690,C10799,P20254,2026-02-04,2.0,15,97767.63
O38691,C10895,P20213,2025-07-03,6.0,20,171922.22
O38692,C10471,P20061,2025-03-31,3.0,5,84578.4
O38693,C10531,P20088,2026-01-18,1.0,5,11965.79
O38694,C11988,P20271,2026-01-04,3.0,10,184119.08
O38695,C10792,P20347,2025-03-15,5.0,5,66025.57
O38696,C10852,P20032,2025-09-26,7.0,0,28067.97
O38697,C11447,P20396,2025-01-15,6.0,10,200120.06
O38698,C10348,P20133,2025-11-25,2.0,10,113299.34
O38699,C10694,P20064,2026-01-27,6.0,0,156965.46
O38700,C10935,P20199,2026-03-10,3.0,15,25729.7
O38701,C10913,P20256,2025-12-10,7.0,10,24036.14
O38702,C10147,P20342,2025-07-14,5.0,0,71532.9
O38703,C11398,P20155,2025-02-05,3.0,10,187103.95
O38704,C11712,P20463,2025-07-24,5.0,0,167568.45
O38705,C10675,P20231,2025-02-26,7.0,0,342420.68
O38706,C11440,P20301,2025-04-20,4.0,15,202726.43
O38707,C10687,P20035,2026-05-11,4.0,15,83464.22
O38708,C11518,P20026,2025-08-13,2.0,0,108869.62
O38709,C11583,P20023,2026-01-21,3.0,15,170945.19
O38710,C11280,P20141,2025-03-05,4.0,0,121625.76
O38711,C10960,P20474,2025-12-18,6.0,0,205764.9
O38712,C10686,P20387,2026-04-08,7.0,0,275313.57
O38713,C11127,P20285,2025-11-16,1.0,0,53262.41
O38714,C10121,P20450,2025-12-23,7.0,5,284640.22
O38715,C10419,P20320,2025-04-03,6.0,15,50760.4
O38716,C10350,P20156,2025-10-27,4.0,0,299258.4
O38717,C11681,P20471,2026-05-09,4.0,5,127789.93
O38718,C10042,P20420,2026-01-24,3.0,10,175519.33
O38719,C11391,P20113,2026-03-10,5.0,0,317096.6
O38720,C10029,P20390,2025-04-12,1.0,10,27505.41
O38721,C10966,P20139,2026-01-13,1.0,5,2938.88
O38722,C11916,P20422,2025-12-04,5.0,0,157752.15
O38723,C10785,P20374,2026-05-07,3.0,10,24918.19
O38724,C10014,P20418,2025-03-01,4.0,0,153329.68
O38725,C10920,P20209,2026-05-24,5.0,0,269435.0
O38726,C11977,P20323,2026-01-27,7.0,5,31328.48
O38727,C10818,P20364,2025-04-29,7.0,5,299847.97
O38728,C10825,P20430,2026-04-16,7.0,10,353248.94
O38729,C11509,P20482,2025-11-24,1.0,5,3035.38
O38730,C11213,P20086,2025-01-21,1.0,10,11827.68
O38731,C10872,P20285,2025-04-07,7.0,10,335553.18
O38732,C10295,P20060,2026-05-28,7.0,5,51950.07
O38733,C11207,P20054,2025-12-16,7.0,15,190661.98
O38734,C10864,P20093,2025-05-12,4.0,20,25429.82
O38735,C10548,P20325,2026-06-30,4.0,10,28982.16
O38736,C11906,P20458,2025-02-01,2.0,0,78031.0
O38737,C11061,P20458,2025-09-16,6.0,5,222388.35
O38738,C11008,P20373,2026-04-21,5.0,0,101139.35
O38739,C11038,P20265,2025-02-02,4.0,5,174154.34
O38740,C11947,P20382,2026-01-23,2.0,0,106847.32
O38741,C10635,P20213,2026-04-01,3.0,10,96706.25
O38742,C10595,P20333,2025-05-24,7.0,0,470475.32
O38743,C11183,P20010,2025-08-12,1.0,20,16951.06
O38744,C11518,P20358,2025-08-05,5.0,0,146705.0
O38745,C11353,P20203,2025-06-05,6.0,10,126956.38
O38746,C10614,P20196,2026-06-04,3.0,15,112255.26
O38747,C11873,P20058,2025-02-05,5.0,0,354001.1
O38748,C11107,P20494,2025-01-09,5.0,15,138427.56
O38749,C11580,P20256,2025-02-09,4.0,5,14497.99
O38750,C11604,P20223,2026-04-14,2.0,20,26859.57
O38751,C11584,P20369,2025-06-28,5.0,20,97709.32
O38752,C11593,P20180,2026-05-16,6.0,0,132537.0
O38753,C11611,P20418,2026-01-08,3.0,15,97747.67
O38754,C11046,P20362,2025-03-09,6.0,0,323682.9
O38755,C11156,P20035,2026-02-28,5.0,0,122741.5
O38756,C10465,P20359,2026-05-30,6.0,0,60699.0
O38757,C11480,P20103,2025-12-30,6.0,0,156813.96
O38758,C11326,P20161,2026-03-27,7.0,10,115898.64
O38759,C10955,P20200,2026-05-31,2.0,5,113744.18
O38760,C10930,P20160,2025-11-25,1.0,10,27103.25
O38761,C11291,P20183,2026-01-05,5.0,0,109532.6
O38762,C10799,P20353,2026-01-22,3.0,20,157145.38
O38763,C10395,P20136,2025-04-24,7.0,0,6689.62
O38764,C11144,P20430,2025-02-07,7.0,0,392498.82
O38765,C10246,P20398,2026-06-29,1.0,10,18977.93
O38766,C10568,P20226,2026-01-12,6.0,15,314955.14
O38767,C10038,P20392,2026-02-03,1.0,10,57411.9
O38768,C10245,P20243,2025-07-22,4.0,5,130787.56
O38769,C10021,P20106,2025-07-21,4.0,0,240849.04
O38770,C11134,P20071,2025-04-10,5.0,0,372484.55
O38771,C11630,P20077,2026-02-02,7.0,5,423333.41
O38772,C10394,P20054,2026-03-26,3.0,5,91325.49
O38773,C11434,P20277,2025-04-28,4.0,0,16291.6
O38774,C10987,P20111,2026-02-25,6.0,10,111158.03
O38775,C11672,P20224,2025-08-31,2.0,10,21844.93
O38776,C11767,P20075,2026-06-25,2.0,10,38807.37
O38777,C10008,P20014,2025-08-15,6.0,0,117202.08
O38778,C11468,P20459,2026-05-16,1.0,10,48824.59
O38779,C10328,P20258,2025-08-01,6.0,0,86417.46
O38780,C11911,P20482,2025-04-23,1.0,0,3195.14
O38781,C10290,P20189,2026-01-08,1.0,10,39076.24
O38782,C11787,P20364,2025-10-26,2.0,10,81161.86
O38783,C10511,P20239,2025-01-19,4.0,10,21330.07
O38784,C10912,P20401,2025-01-11,6.0,0,366990.54
O38785,C10361,P20334,2025-01-08,4.0,15,8371.28
O38786,C11933,P20473,2025-06-02,5.0,0,112786.15
O38787,C11623,P20304,2025-05-15,3.0,15,130238.57
O38788,C10716,P20091,2026-01-08,2.0,5,31839.9
O38789,C10219,P20392,2026-04-06,7.0,0,446537.0
O38790,C10406,P20184,2025-08-23,1.0,0,27890.75
O38791,C10753,P20017,2025-09-12,3.0,0,114448.29
O38792,C10923,P20453,2025-11-24,1.0,5,28443.15
O38793,C10832,P20012,2025-12-28,3.0,15,139440.43
O38794,C11794,P20166,2026-01-09,3.0,0,76827.99
O38795,C11645,P20146,2025-07-28,4.0,10,51349.61
O38796,C11792,P20282,2025-09-24,7.0,15,145937.85
O38797,C10794,P20479,2026-05-21,5.0,10,303798.64
O38798,C11244,P20037,2026-02-25,5.0,5,121095.74
O38799,C10595,P20070,2025-11-04,1.0,20,24397.48
O38800,C10107,P20169,2025-05-17,2.0,0,94553.62
O38801,C10581,P20335,2026-02-23,5.0,5,86457.32
O38802,C10609,P20170,2025-07-14,2.0,10,86645.59
O38803,C11748,P20497,2025-04-05,1.0,0,8010.28
O38804,C11310,P20253,2026-05-05,2.0,10,86044.55
O38805,C11773,P20346,2025-09-15,3.0,0,42450.12
O38806,C10008,P20499,2025-01-25,3.0,0,110382.36
O38807,C10806,P20460,2025-08-20,1.0,0,13309.5
O38808,C10189,P20297,2025-11-28,2.0,20,85683.7
O38809,C10081,P20431,2025-08-09,7.0,15,7383.65
O38810,C10108,P20142,2025-10-24,7.0,0,333909.59
O38811,C11345,P20385,2025-07-22,2.0,0,77403.84
O38812,C11603,P20273,2025-12-09,1.0,5,34873.79
O38813,C10686,P20225,2025-07-24,7.0,10,31164.34
O38814,C10346,P20183,2025-03-18,5.0,15,93102.71
O38815,C11887,P20221,2025-02-11,4.0,20,174712.64
O38816,C10328,P20053,2026-03-31,5.0,10,136585.53
O38817,C10555,P20118,2025-07-01,6.0,10,253925.33
O38818,C11723,P20365,2025-07-14,4.0,0,165644.96
O38819,C10302,P20159,2026-01-23,2.0,0,46959.88
O38820,C10200,P20446,2025-05-21,4.0,10,245728.26
O38821,C10893,P20136,2025-01-27,7.0,5,6355.14
O38822,C11443,P20414,2025-11-11,4.0,15,69884.72
O38823,C11063,P20077,2025-11-17,2.0,0,127318.32
O38824,C11756,P20336,2026-03-24,3.0,0,8158.41
O38825,C10307,P20450,2025-10-20,4.0,5,162651.55
O38826,C11028,P20045,2025-08-24,7.0,20,355439.56
O38827,C11657,P20018,2026-04-02,7.0,10,404732.66
O38828,C11872,P20355,2025-03-08,1.0,0,33923.21
O38829,C11101,P20429,2025-06-25,5.0,15,30320.01
O38830,C10468,P20403,2026-05-25,2.0,5,44521.29
O38831,C10179,P20205,2025-04-01,2.0,5,122180.64
O38832,C10645,P20499,2025-06-15,4.0,0,147176.48
O38833,C11847,P20324,2026-03-14,3.0,10,55601.96
O38834,C11765,P20083,2025-02-20,3.0,5,21216.43
O38835,C10276,P20050,2025-09-23,5.0,10,331174.17
O38836,C11176,P20281,2026-06-05,5.0,10,160096.32
O38837,C11188,P20166,2025-03-28,7.0,0,179265.31
O38838,C11314,P20243,2025-02-21,3.0,0,103253.34
O38839,C11402,P20377,2025-06-28,6.0,15,314593.04
O38840,C10621,P20479,2025-10-05,3.0,10,182279.19
O38841,C10638,P20164,2025-08-27,3.0,5,196403.65
O38842,C11776,P20324,2025-12-05,4.0,0,82373.28
O38843,C11334,P20056,2025-03-13,7.0,0,378104.65
O38844,C10930,P20039,2026-01-09,1.0,0,21316.89
O38845,C11937,P20319,2026-06-01,5.0,0,22306.5
O38846,C11413,P20128,2025-08-26,6.0,5,362468.81
O38847,C11881,P20391,2026-04-11,6.0,15,2561.73
O38848,C11682,P20122,2025-05-01,2.0,0,104551.76
O38849,C11788,P20247,2026-02-17,3.0,15,49290.81
O38850,C10183,P20186,2025-02-12,3.0,10,24657.51
O38851,C11845,P20208,2026-05-19,1.0,0,40350.81
O38852,C11330,P20315,2025-07-16,7.0,10,451719.32
O38853,C10072,P20304,2025-03-13,3.0,0,153221.85
O38854,C11243,P20389,2025-04-01,5.0,10,265675.36
O38855,C10719,P20239,2026-05-06,6.0,0,35550.12
O38856,C11197,P20215,2026-01-18,3.0,5,147565.45
O38857,C11677,P20292,2026-04-11,1.0,10,4566.06
O38858,C11296,P20224,2025-06-03,4.0,0,48544.28
O38859,C10726,P20088,2025-06-19,5.0,0,62977.85
O38860,C11492,P20025,2025-09-29,4.0,0,87218.44
O38861,C10269,P20429,2025-04-20,2.0,5,13554.83
O38862,C11044,P20220,2025-05-31,1.0,15,2186.26
O38863,C10578,P20275,2026-03-07,2.0,0,9151.16
O38864,C10995,P20135,2026-03-27,2.0,0,48094.96
O38865,C10815,P20492,2025-01-23,6.0,5,127972.75
O38866,C11527,P20442,2026-01-02,2.0,0,21075.68
O38867,C10147,P20233,2025-08-27,2.0,10,24160.88
O38868,C11453,P20465,2026-03-10,1.0,0,33860.33
O38869,C11189,P20066,2025-05-07,4.0,10,95255.42
O38870,C10890,P20080,2026-06-25,3.0,5,43745.65
O38871,C10310,P20423,2025-07-17,2.0,0,66992.7
O38872,C10518,P20255,2026-04-27,6.0,10,33572.99
O38873,C10014,P20125,2025-06-28,7.0,10,213794.78
O38874,C10132,P20146,2026-06-07,3.0,0,42791.34
O38875,C11878,P20103,2026-03-13,6.0,0,156813.96
O38876,C10755,P20385,2025-11-10,3.0,0,116105.76
O38877,C10439,P20447,2025-01-19,2.0,5,121464.61
O38878,C10743,P20387,2025-06-09,5.0,0,196652.55
O38879,C10740,P20383,2025-05-02,7.0,10,5088.51
O38880,C11698,P20277,2025-03-13,3.0,10,10996.83
O38881,C10795,P20382,2025-02-24,5.0,15,227050.56
O38882,C10263,P20124,2026-04-05,4.0,10,268792.81
O38883,C10643,P20414,2025-06-18,3.0,10,55496.69
O38884,C11967,P20267,2025-05-29,1.0,10,53515.69
O38885,C11249,P20278,2025-01-26,6.0,20,197681.57
O38886,C10258,P20111,2025-09-05,7.0,0,144093.74
O38887,C11258,P20381,2025-08-15,4.0,0,284617.88
O38888,C11360,P20313,2026-04-29,4.0,0,64886.88
O38889,C10409,P20089,2025-01-10,7.0,5,33727.6
O38890,C11852,P20387,2025-04-05,5.0,0,196652.55
O38891,C10975,P20158,2025-05-01,2.0,0,35796.88
O38892,C11048,P20216,2025-05-06,6.0,5,369439.74
O38893,C10271,P20384,2025-03-10,1.0,20,45888.06
O38894,C11119,P20301,2025-10-24,7.0,20,333902.35
O38895,C10142,P20036,2026-05-16,7.0,10,318495.68
O38896,C11718,P20087,2025-02-14,1.0,5,39125.89
O38897,C11742,P20118,2026-01-17,5.0,15,199848.64
O38898,C10902,P20328,2025-01-27,5.0,15,213349.32
O38899,C10974,P20448,2026-05-12,4.0,15,14372.85
O38900,C11105,P20182,2025-05-16,7.0,10,110312.24
O38901,C10274,P20068,2025-02-18,5.0,0,331975.75
O38902,C10276,P20434,2026-05-22,2.0,0,35321.16
O38903,C11907,P20359,2025-05-01,4.0,15,34396.1
O38904,C11982,P20491,2025-08-05,4.0,0,150356.92
O38905,C10465,P20159,2026-06-10,4.0,0,93919.76
O38906,C11232,P20285,2025-02-12,1.0,5,50599.29
O38907,C11320,P20443,2025-04-06,6.0,0,388243.14
O38908,C11063,P20164,2025-01-27,6.0,15,351459.16
O38909,C11972,P20461,2025-08-30,1.0,0,41152.02
O38910,C10288,P20361,2026-05-02,4.0,0,174867.2
O38911,C11148,P20073,2025-08-28,2.0,20,67965.76
O38912,C10876,P20119,2025-10-31,3.0,0,35603.58
O38913,C11993,P20341,2025-03-08,4.0,15,180200.34
O38914,C11307,P20499,2025-10-08,5.0,5,174772.07
O38915,C10878,P20195,2025-07-11,7.0,10,134749.69
O38916,C10180,P20089,2025-04-29,7.0,0,35502.74
O38917,C11121,P20345,2025-06-01,6.0,5,62829.9
O38918,C11215,P20076,2026-01-27,7.0,0,272548.78
O38919,C11098,P20221,2025-08-19,3.0,20,131034.48
O38920,C10447,P20139,2025-12-17,1.0,0,3093.56
O38921,C10785,P20372,2026-06-13,1.0,0,13224.88
O38922,C11521,P20395,2025-06-20,3.0,15,2244.43
O38923,C10561,P20241,2025-05-12,6.0,5,351089.73
O38924,C10484,P20154,2025-12-23,6.0,10,254727.99
O38925,C10849,P20053,2025-02-11,5.0,10,136585.53
O38926,C10722,P20142,2025-11-01,1.0,0,47701.37
O38927,C10116,P20320,2025-01-06,1.0,0,9953.02
O38928,C10535,P20464,2025-11-25,4.0,15,7898.06
O38929,C11122,P20394,2025-06-19,2.0,0,74708.78
O38930,C11352,P20031,2025-12-04,5.0,5,15949.41
O38931,C11933,P20223,2025-03-10,4.0,10,60434.03
O38932,C10407,P20292,2026-06-23,7.0,0,35513.8
O38933,C11337,P20266,2026-05-22,2.0,10,76971.37
O38934,C11726,P20282,2026-05-01,7.0,5,163107.01
O38935,C10694,P20276,2026-03-19,1.0,15,59368.76
O38936,C11172,P20381,2025-02-20,2.0,0,142308.94
O38937,C11366,P20044,2025-05-29,1.0,0,34424.29
O38938,C10495,P20062,2025-04-02,6.0,15,236479.04
O38939,C10948,P20201,2026-01-03,4.0,0,152975.08
O38940,C10023,P20335,2025-03-17,1.0,5,17291.46
O38941,C11129,P20009,2025-03-27,2.0,10,55384.83
O38942,C11699,P20071,2025-08-15,4.0,10,268188.88
O38943,C11603,P20090,2025-12-29,2.0,5,45617.0
O38944,C11826,P20024,2025-01-24,2.0,0,58542.44
O38945,C11825,P20140,2025-01-28,3.0,10,102737.11
O38946,C10558,P20316,2025-05-01,1.0,0,17982.63
O38947,C11617,P20340,2026-05-05,1.0,15,21715.14
O38948,C10941,P20376,2025-12-11,2.0,0,16497.92
O38949,C11683,P20078,2025-01-31,7.0,15,306321.11
O38950,C11246,P20214,2025-08-15,6.0,5,324002.25
O38951,C10855,P20016,2025-09-07,1.0,0,29100.85
O38952,C11039,P20029,2025-02-19,5.0,5,113548.7
O38953,C10891,P20416,2026-01-24,6.0,0,325584.78
O38954,C11657,P20467,2025-10-15,6.0,0,418468.98
O38955,C10078,P20375,2026-04-20,6.0,0,105029.1
O38956,C11346,P20291,2025-01-06,1.0,15,22970.64
O38957,C10807,P20043,2026-02-16,6.0,0,338018.7
O38958,C11265,P20352,2025-11-20,6.0,20,236062.46
O38959,C11042,P20375,2026-02-03,4.0,0,70019.4
O38960,C10768,P20053,2025-10-09,1.0,10,27317.11
O38961,C10454,P20276,2025-07-10,6.0,15,356212.56
O38962,C11467,P20371,2026-05-15,7.0,15,73181.01
O38963,C10928,P20232,2026-03-10,5.0,0,231226.65
O38964,C10277,P20212,2025-03-04,6.0,10,120595.23
O38965,C11448,P20008,2026-03-29,2.0,0,37773.56
O38966,C11500,P20122,2026-05-08,1.0,5,49662.09
O38967,C11051,P20483,2026-03-18,4.0,10,135418.54
O38968,C10514,P20042,2025-11-03,5.0,0,293950.6
O38969,C11889,P20333,2025-05-06,3.0,0,201632.28
O38970,C10464,P20233,2025-09-22,2.0,0,26845.42
O38971,C10807,P20070,2025-01-07,2.0,0,60993.7
O38972,C10824,P20367,2026-02-17,2.0,0,103704.4
O38973,C10363,P20016,2025-07-25,5.0,15,123678.61
O38974,C11407,P20069,2025-06-28,1.0,0,17582.42
O38975,C10751,P20053,2026-04-13,1.0,10,27317.11
O38976,C10525,P20173,2026-05-11,6.0,10,220483.24
O38977,C11406,P20435,2026-03-19,6.0,10,258021.23
O38978,C11208,P20482,2025-08-16,1.0,10,2875.63
O38979,C11218,P20262,2025-05-26,7.0,10,138486.98
O38980,C11486,P20379,2025-10-23,6.0,5,319901.84
O38981,C10056,P20289,2025-08-29,7.0,5,224318.6
O38982,C11254,P20463,2025-10-14,1.0,15,28486.64
O38983,C10489,P20015,2025-01-26,2.0,20,93038.62
O38984,C11052,P20270,2026-03-28,3.0,10,103602.62
O38985,C11856,P20167,2025-04-16,2.0,0,61129.2
O38986,C11607,P20063,2025-08-28,7.0,5,429601.17
O38987,C10722,P20261,2026-02-22,6.0,5,196321.45
O38988,C11984,P20500,2025-11-28,3.0,10,106535.14
O38989,C11208,P20121,2025-02-11,3.0,10,42970.69
O38990,C11449,P20346,2025-02-04,1.0,5,13442.54
O38991,C11399,P20240,2025-12-13,4.0,10,102154.25
O38992,C11892,P20465,2026-01-19,5.0,0,169301.65
O38993,C10041,P20107,2026-05-28,4.0,10,44266.86
O38994,C11508,P20495,2025-10-15,3.0,0,224787.0
O38995,C11004,P20180,2025-02-02,4.0,10,79522.2
O38996,C10260,P20016,2025-04-05,6.0,0,174605.1
O38997,C10441,P20355,2025-07-24,3.0,0,101769.63
O38998,C10926,P20422,2025-01-30,2.0,0,63100.86
O38999,C10856,P20309,2025-09-23,6.0,15,10688.99
O39000,C10084,P20215,2025-01-23,2.0,10,93199.23
O39001,C10046,P20077,2025-02-08,6.0,5,362857.21
O39002,C10440,P20225,2025-06-22,1.0,10,4452.05
O39003,C11695,P20093,2026-02-17,7.0,10,50064.97
O39004,C11880,P20181,2026-02-18,6.0,10,374467.97
O39005,C11543,P20174,2025-07-28,5.0,5,233333.92
O39006,C10986,P20354,2025-01-22,2.0,0,37075.64
O39007,C11869,P20354,2025-01-05,6.0,0,111226.92
O39008,C11462,P20219,2025-08-02,5.0,0,43014.85
O39009,C10136,P20143,2025-05-19,1.0,10,42032.36
O39010,C11207,P20315,2025-11-13,6.0,0,430208.88
O39011,C11733,P20434,2025-06-05,7.0,5,117442.86
O39012,C11196,P20393,2026-02-28,5.0,5,136574.42
O39013,C10909,P20282,2026-05-15,7.0,0,171691.59
O39014,C10861,P20259,2025-04-01,6.0,20,150030.29
O39015,C10788,P20356,2025-02-11,2.0,15,118080.81
O39016,C10590,P20047,2025-10-22,2.0,0,38749.8
O39017,C11952,P20005,2025-12-03,4.0,15,84423.36
O39018,C10956,P20062,2025-01-01,4.0,5,176200.07
O39019,C10690,P20468,2025-04-19,6.0,10,51886.55
O39020,C10539,P20084,2025-05-05,4.0,0,126437.88
O39021,C11144,P20133,2025-03-05,6.0,0,377664.48
O39022,C11305,P20394,2025-07-25,6.0,15,190507.39
O39023,C11332,P20336,2026-02-19,7.0,15,16180.85
O39024,C10708,P20063,2025-09-01,5.0,5,306857.98
O39025,C11301,P20281,2025-08-04,2.0,15,60480.83
O39026,C11554,P20044,2026-06-12,1.0,10,30981.86
O39027,C10295,P20153,2026-01-15,3.0,0,49116.36
O39028,C11807,P20414,2025-03-20,2.0,0,41108.66
O39029,C10053,P20270,2026-02-19,4.0,0,153485.36
O39030,C10806,P20342,2026-03-29,6.0,10,77255.53
O39031,C11456,P20171,2025-05-29,4.0,20,204264.54
O39032,C10052,P20156,2025-02-07,5.0,5,355369.35
O39033,C10728,P20478,2025-06-06,4.0,10,82240.06
O39034,C10072,P20275,2025-11-29,5.0,10,20590.11
O39035,C10028,P20358,2025-10-15,1.0,0,29341.0
O39036,C10469,P20426,2025-04-22,6.0,0,162552.0
O39037,C11936,P20020,2025-04-01,4.0,5,229680.47
O39038,C10764,P20483,2025-02-18,5.0,10,169273.17
O39039,C10886,P20214,2025-06-10,4.0,15,193264.5
O39040,C10912,P20079,2026-05-31,5.0,0,109831.45
O39041,C10547,P20139,2026-02-06,7.0,5,20572.17
O39042,C11425,P20438,2025-11-16,6.0,10,92719.19
O39043,C10201,P20098,2025-12-30,6.0,0,387551.34
O39044,C11785,P20377,2026-03-18,2.0,5,117201.33
O39045,C11635,P20152,2026-04-20,5.0,0,236245.55
O39046,C10820,P20198,2025-11-08,3.0,5,199694.23
O39047,C11490,P20273,2026-06-16,1.0,10,33038.33
O39048,C11676,P20156,2025-08-08,2.0,0,149629.2
O39049,C11619,P20050,2026-05-12,1.0,15,62555.12
O39050,C10560,P20479,2025-12-09,2.0,0,135021.62
O39051,C11814,P20228,2025-04-04,4.0,0,121227.04
O39052,C10379,P20439,2025-05-13,5.0,5,63882.99
O39053,C11784,P20457,2026-05-16,4.0,15,67234.83
O39054,C11919,P20010,2025-06-21,1.0,0,21188.83
O39055,C11201,P20149,2025-01-09,6.0,0,366214.74
O39056,C11076,P20058,2025-11-17,1.0,10,63720.2
O39057,C10079,P20162,2025-04-08,2.0,5,29451.04
O39058,C11409,P20351,2025-06-18,1.0,0,53109.64
O39059,C10834,P20477,2025-11-07,5.0,0,233483.2
O39060,C11600,P20107,2025-12-09,1.0,15,10451.9
O39061,C11032,P20427,2026-03-06,4.0,20,64973.12
O39062,C11238,P20395,2026-05-15,6.0,0,5281.02
O39063,C10025,P20289,2025-10-12,5.0,10,151794.54
O39064,C10450,P20186,2025-09-17,1.0,0,9132.41
O39065,C10768,P20046,2026-05-10,3.0,10,23850.48
O39066,C10755,P20445,2025-12-21,3.0,0,221393.43
O39067,C11993,P20446,2025-08-02,6.0,0,409547.1
O39068,C11481,P20129,2025-07-19,4.0,10,56479.03
O39069,C11485,P20405,2025-08-24,2.0,0,101765.46
O39070,C10198,P20318,2025-05-16,2.0,0,15088.62
O39071,C11118,P20448,2026-02-26,6.0,20,20291.09
O39072,C11743,P20087,2025-12-07,1.0,20,32948.12
O39073,C11971,P20249,2025-12-08,5.0,0,265047.3
O39074,C10437,P20329,2026-06-14,6.0,10,55401.35
O39075,C11551,P20440,2026-01-23,2.0,10,117013.68
O39076,C10690,P20257,2025-01-04,3.0,5,4995.39
O39077,C11991,P20277,2026-02-03,2.0,15,6923.93
O39078,C11402,P20278,2026-02-26,3.0,10,111195.88
O39079,C10587,P20438,2026-02-15,2.0,10,30906.4
O39080,C10104,P20004,2025-08-01,4.0,0,56114.84
O39081,C11830,P20065,2025-02-17,6.0,5,280085.86
O39082,C11704,P20435,2025-07-06,5.0,5,226963.12
O39083,C11986,P20202,2026-05-17,6.0,0,338098.26
O39084,C10627,P20063,2026-06-15,7.0,0,452211.76
O39085,C11063,P20143,2026-04-20,1.0,0,46702.62
O39086,C10458,P20244,2025-02-11,3.0,0,74680.59
O39087,C10364,P20292,2025-09-18,2.0,0,10146.8
O39088,C11809,P20285,2025-02-17,1.0,0,53262.41
O39089,C10135,P20180,2026-03-22,3.0,0,66268.5
O39090,C10374,P20174,2025-08-09,6.0,5,280000.7
O39091,C11256,P20325,2025-12-09,3.0,5,22944.21
O39092,C10039,P20413,2025-08-26,4.0,0,214950.8
O39093,C11988,P20111,2025-06-04,2.0,15,34994.19
O39094,C11827,P20175,2025-02-25,7.0,10,130831.85
O39095,C10819,P20475,2026-01-22,6.0,10,67594.34
O39096,C10047,P20153,2025-11-11,7.0,15,97414.11
O39097,C10036,P20464,2025-02-07,1.0,0,2322.96
O39098,C11856,P20400,2025-12-07,2.0,5,98102.87
O39099,C10095,P20356,2025-08-19,6.0,5,395918.01
O39100,C10985,P20217,2026-03-28,7.0,5,497164.97
O39101,C11385,P20297,2025-12-08,2.0,0,107104.62
O39102,C11549,P20449,2026-03-29,5.0,15,34424.28
O39103,C11170,P20453,2025-09-14,3.0,0,89820.48
O39104,C11941,P20489,2026-03-10,7.0,20,37349.48
O39105,C10368,P20404,2025-07-28,3.0,10,189960.09
O39106,C10065,P20453,2025-07-20,5.0,10,134730.72
O39107,C11252,P20420,2025-05-17,5.0,0,325035.8
O39108,C10754,P20477,2026-01-29,2.0,5,88723.62
O39109,C11544,P20240,2025-02-05,3.0,0,85128.54
O39110,C10816,P20226,2025-08-03,1.0,0,61755.91
O39111,C11877,P20186,2025-01-27,4.0,15,31050.19
O39112,C11579,P20048,2025-01-18,6.0,5,354254.09
O39113,C10756,P20466,2025-05-17,5.0,5,106611.04
O39114,C10181,P20386,2025-01-30,1.0,15,49740.79
O39115,C11525,P20208,2025-03-14,1.0,0,40350.81
O39116,C10597,P20157,2025-05-03,2.0,10,4903.38
O39117,C11179,P20225,2025-08-16,5.0,10,22260.24
O39118,C10787,P20144,2025-12-04,1.0,5,8853.78
O39119,C11559,P20419,2025-09-30,4.0,15,36404.38
O39120,C10627,P20111,2026-03-13,1.0,15,17497.1
O39121,C11842,P20318,2025-02-08,4.0,5,28668.38
O39122,C11459,P20363,2026-03-02,7.0,5,63802.16
O39123,C11835,P20362,2025-11-11,4.0,5,204999.17
O39124,C11123,P20465,2026-05-24,4.0,10,121897.19
O39125,C10616,P20132,2025-06-06,5.0,10,332727.88
O39126,C11396,P20113,2025-09-14,7.0,0,443935.24
O39127,C11587,P20324,2026-04-01,4.0,0,82373.28
O39128,C11386,P20435,2025-02-16,5.0,15,203072.27
O39129,C10112,P20089,2025-11-28,7.0,0,35502.74
O39130,C10453,P20161,2025-01-10,1.0,10,16556.95
O39131,C10756,P20334,2025-05-24,7.0,15,14649.73
O39132,C11193,P20408,2026-03-07,4.0,0,145684.68
O39133,C10584,P20075,2025-06-01,7.0,10,135825.8
O39134,C10139,P20281,2026-05-02,3.0,0,106730.88
O39135,C11872,P20412,2025-05-16,1.0,20,5592.46
O39136,C10231,P20007,2025-01-26,6.0,0,12899.64
O39137,C11263,P20113,2025-01-07,7.0,5,421738.48
O39138,C10984,P20036,2025-01-15,7.0,5,336189.89
O39139,C10253,P20266,2026-03-08,7.0,10,269399.78
O39140,C11460,P20113,2026-02-04,3.0,0,190257.96
O39141,C11943,P20292,2025-07-26,3.0,5,14459.19
O39142,C10561,P20223,2025-08-04,2.0,0,33574.46
O39143,C11446,P20211,2026-05-17,5.0,0,352170.55
O39144,C11327,P20018,2026-04-04,2.0,10,115637.9
O39145,C10072,P20241,2025-09-16,5.0,0,307973.45
O39146,C11287,P20134,2025-11-25,2.0,10,109260.4
O39147,C11858,P20220,2026-03-30,1.0,15,2186.26
O39148,C10222,P20391,2026-01-10,3.0,15,1280.86
O39149,C11101,P20102,2026-04-09,1.0,10,57479.5
O39150,C10062,P20140,2025-03-16,5.0,0,190253.9
O39151,C11495,P20169,2025-08-30,3.0,5,134738.91
O39152,C11181,P20498,2025-01-17,3.0,20,105605.11
O39153,C10806,P20191,2025-09-16,5.0,15,6564.3
O39154,C10125,P20482,2025-05-03,1.0,5,3035.38
O39155,C10741,P20025,2025-11-07,3.0,15,55601.76
O39156,C11876,P20465,2025-04-21,6.0,15,172687.68
O39157,C10161,P20437,2025-09-13,7.0,15,347453.22
O39158,C10541,P20033,2025-08-22,1.0,10,42189.19
O39159,C10626,P20343,2026-05-12,1.0,15,47914.24
O39160,C11615,P20329,2025-02-09,1.0,15,8720.58
O39161,C11559,P20006,2025-05-02,3.0,0,110084.22
O39162,C10106,P20446,2026-03-26,4.0,20,218425.12
O39163,C11155,P20194,2026-06-03,7.0,0,42615.86
O39164,C11381,P20230,2025-04-02,2.0,5,119713.6
O39165,C11709,P20137,2025-12-27,5.0,10,129803.99
O39166,C10776,P20323,2025-05-03,1.0,10,4239.95
O39167,C11878,P20400,2025-12-03,3.0,15,131664.38
O39168,C11909,P20473,2026-05-28,5.0,5,107146.84
O39169,C11821,P20216,2026-03-04,4.0,5,246293.16
O39170,C10002,P20495,2026-03-09,6.0,0,449574.0
O39171,C10233,P20349,2025-01-07,4.0,5,240944.24
O39172,C10369,P20364,2025-04-30,3.0,10,121742.78
O39173,C11275,P20183,2026-01-22,1.0,0,21906.52
O39174,C10946,P20168,2025-12-16,4.0,5,68986.68
O39175,C11857,P20282,2025-04-08,7.0,0,171691.59
O39176,C11132,P20038,2025-02-12,4.0,10,49377.96
O39177,C11300,P20163,2025-07-02,4.0,0,286420.68
O39178,C10180,P20471,2025-08-23,7.0,10,211862.26
O39179,C11749,P20452,2026-03-22,6.0,5,196706.14
O39180,C10293,P20443,2025-07-19,3.0,0,194121.57
O39181,C10584,P20490,2026-05-28,5.0,15,276266.66
O39182,C10795,P20142,2026-06-10,2.0,5,90632.6
O39183,C10175,P20248,2025-08-01,3.0,10,71781.66
O39184,C10123,P20431,2026-01-13,1.0,10,1116.86
O39185,C10227,P20103,2026-06-30,3.0,10,70566.28
O39186,C11926,P20199,2026-05-01,3.0,10,27243.22
O39187,C10444,P20200,2025-12-27,6.0,10,323272.94
O39188,C11837,P20042,2025-06-17,2.0,10,105822.22
O39189,C10428,P20435,2026-02-08,2.0,5,90785.25
O39190,C11107,P20147,2025-05-17,2.0,0,67123.94
O39191,C10765,P20066,2025-08-21,5.0,15,112454.32
O39192,C11682,P20431,2025-04-25,3.0,20,2978.28
O39193,C10632,P20193,2025-09-09,6.0,5,340494.17
O39194,C10065,P20298,2026-05-08,1.0,0,29650.33
O39195,C11305,P20038,2025-10-16,2.0,0,27432.2
O39196,C11819,P20141,2025-02-18,7.0,10,191560.57
O39197,C11415,P20106,2026-03-28,2.0,0,120424.52
O39198,C10428,P20428,2026-05-31,7.0,10,205302.26
O39199,C10618,P20152,2025-09-29,3.0,15,120485.23
O39200,C10925,P20352,2026-03-07,1.0,20,39343.74
O39201,C10812,P20414,2025-01-26,6.0,0,123325.98
O39202,C10107,P20326,2025-03-11,2.0,20,35788.85
O39203,C11572,P20038,2025-10-20,3.0,10,37033.47
O39204,C10659,P20097,2026-02-10,4.0,0,160408.72
O39205,C11286,P20108,2025-08-22,6.0,5,230504.24
O39206,C11945,P20119,2025-08-19,7.0,10,74767.52
O39207,C11183,P20151,2025-09-20,5.0,20,129278.92
O39208,C10265,P20074,2025-05-01,6.0,0,233352.48
O39209,C11492,P20057,2026-04-08,3.0,0,123598.77
O39210,C11226,P20366,2026-06-02,2.0,5,73515.69
O39211,C11957,P20335,2025-01-24,6.0,20,87367.39
O39212,C10155,P20252,2026-01-12,1.0,20,57694.14
O39213,C11037,P20407,2026-05-15,7.0,0,38142.37
O39214,C11321,P20292,2026-03-13,4.0,0,20293.6
O39215,C10896,P20313,2026-05-14,1.0,15,13788.46
O39216,C11858,P20255,2025-06-23,1.0,10,5595.5
O39217,C11522,P20254,2026-05-24,1.0,20,46008.3
O39218,C11621,P20385,2025-11-06,3.0,15,98689.9
O39219,C10993,P20456,2025-03-11,3.0,0,1365.36
O39220,C11816,P20259,2025-07-24,6.0,10,168784.07
O39221,C10245,P20270,2025-12-07,7.0,0,268599.38
O39222,C11324,P20465,2025-02-01,5.0,15,143906.4
O39223,C11386,P20034,2025-02-12,7.0,10,31588.52
O39224,C11378,P20495,2025-04-28,4.0,20,239772.8
O39225,C11852,P20326,2025-01-15,6.0,20,107366.54
O39226,C11545,P20325,2025-11-18,1.0,0,8050.6
O39227,C10386,P20238,2025-12-03,6.0,0,6077.34
O39228,C10759,P20179,2026-06-16,7.0,5,122480.1
O39229,C11336,P20489,2026-01-16,2.0,15,11338.24
O39230,C10414,P20104,2026-05-26,6.0,15,14945.91
O39231,C11302,P20029,2025-04-30,7.0,20,133867.94
O39232,C11774,P20227,2025-01-26,6.0,10,127225.24
O39233,C10715,P20466,2026-06-18,7.0,0,157111.01
O39234,C10759,P20232,2025-03-05,1.0,0,46245.33
O39235,C10747,P20304,2026-04-05,6.0,0,306443.7
O39236,C10593,P20350,2025-11-10,4.0,10,22487.4
O39237,C11380,P20335,2025-08-04,1.0,15,15471.31
O39238,C11549,P20117,2026-04-01,3.0,0,67683.33
O39239,C10839,P20207,2026-06-24,3.0,15,69286.23
O39240,C10016,P20400,2026-04-18,6.0,5,294308.61
O39241,C10993,P20185,2025-12-25,6.0,0,299289.48
O39242,C11069,P20481,2025-05-06,4.0,5,125654.9
O39243,C11345,P20138,2025-03-28,7.0,5,151920.31
O39244,C10651,P20403,2025-12-09,7.0,15,139421.95
O39245,C11350,P20485,2026-01-30,5.0,5,95651.46
O39246,C10148,P20498,2026-04-29,1.0,0,44002.13
O39247,C10355,P20323,2026-04-01,4.0,15,16017.57
O39248,C11260,P20164,2026-04-21,6.0,20,330785.09
O39249,C10703,P20388,2025-07-29,6.0,10,260196.62
O39250,C10613,P20075,2026-06-09,6.0,0,129357.9
O39251,C10105,P20233,2025-11-03,6.0,0,80536.26
O39252,C11498,P20417,2025-03-17,2.0,0,1704.36
O39253,C11786,P20284,2025-01-22,6.0,0,370957.98
O39254,C10396,P20480,2025-03-01,6.0,15,240934.2
O39255,C11470,P20377,2026-01-21,2.0,0,123369.82
O39256,C10606,P20255,2025-02-25,5.0,5,29531.8
O39257,C11244,P20464,2025-06-17,7.0,10,14634.65
O39258,C11834,P20009,2026-02-16,3.0,15,78461.84
O39259,C10851,P20203,2025-07-10,6.0,0,141062.64
O39260,C11989,P20390,2026-04-27,7.0,5,203234.44
O39261,C10442,P20379,2026-02-20,6.0,0,336738.78
O39262,C11669,P20305,2025-12-06,4.0,0,171570.28
O39263,C10873,P20091,2025-09-16,1.0,0,16757.84
O39264,C10667,P20381,2025-12-16,4.0,10,256156.09
O39265,C11052,P20332,2026-03-13,6.0,0,7923.18
O39266,C10794,P20150,2025-08-10,5.0,5,36634.14
O39267,C10475,P20360,2026-02-17,4.0,0,79630.52
O39268,C10628,P20176,2025-12-16,5.0,20,178405.2
O39269,C11329,P20485,2026-04-27,5.0,10,90617.18
O39270,C11770,P20405,2025-02-28,6.0,15,259501.92
O39271,C11429,P20033,2025-06-01,5.0,0,234384.4
O39272,C11537,P20465,2026-06-24,4.0,15,115125.12
O39273,C10502,P20184,2025-08-13,2.0,5,52992.42
O39274,C10348,P20157,2025-11-14,1.0,0,2724.1
O39275,C11264,P20053,2025-10-06,5.0,10,136585.53
O39276,C11018,P20296,2026-04-19,7.0,10,224124.45
O39277,C10570,P20202,2025-01-24,6.0,20,270478.61
O39278,C11871,P20274,2026-06-03,3.0,10,191482.0
O39279,C10695,P20175,2026-01-03,5.0,0,103834.8
O39280,C11361,P20244,2025-12-01,7.0,0,174254.71
O39281,C10026,P20269,2026-03-09,4.0,5,72352.95
O39282,C11433,P20411,2025-01-03,5.0,0,329318.05
O39283,C11101,P20446,2025-09-15,3.0,10,184296.2
O39284,C11953,P20074,2025-09-20,7.0,5,258632.33
O39285,C10217,P20096,2025-05-01,2.0,15,94918.84
O39286,C11352,P20361,2025-01-21,4.0,10,157380.48
O39287,C10837,P20173,2025-05-20,4.0,5,155154.87
O39288,C10774,P20387,2026-04-22,6.0,0,235983.06
O39289,C11047,P20406,2025-10-16,4.0,0,36763.56
O39290,C11780,P20155,2025-07-25,3.0,15,176709.29
O39291,C10670,P20183,2025-02-12,7.0,20,122676.51
O39292,C10718,P20323,2025-04-28,4.0,5,17901.99
O39293,C10310,P20289,2025-01-05,2.0,15,57344.6
O39294,C10599,P20258,2025-07-26,1.0,10,12962.62
O39295,C10267,P20075,2025-12-11,1.0,20,17247.72
O39296,C11439,P20174,2025-05-22,5.0,0,245614.65
O39297,C10646,P20330,2026-01-07,1.0,5,60736.25
O39298,C11291,P20231,2025-08-20,3.0,5,139414.13
O39299,C11357,P20247,2025-06-13,1.0,5,18363.24
O39300,C11023,P20161,2025-12-30,3.0,0,55189.83
O39301,C11804,P20186,2025-12-01,3.0,5,26027.37
O39302,C10450,P20391,2025-01-11,5.0,10,2260.35
O39303,C10565,P20143,2026-02-12,1.0,0,46702.62
O39304,C11635,P20282,2025-03-16,5.0,10,110373.16
O39305,C11271,P20395,2025-10-27,4.0,10,3168.61
O39306,C11060,P20128,2026-01-16,2.0,15,108104.73
O39307,C11425,P20166,2025-01-28,7.0,5,170302.04
O39308,C10028,P20027,2026-04-08,1.0,0,62780.25
O39309,C10220,P20246,2026-01-31,4.0,5,128944.07
O39310,C10406,P20487,2026-01-11,6.0,0,114659.82
O39311,C11638,P20135,2026-02-25,7.0,10,151499.12
O39312,C11799,P20385,2025-12-30,7.0,0,270913.44
O39313,C10271,P20202,2025-08-04,7.0,5,374725.57
O39314,C11760,P20021,2025-04-11,4.0,0,42089.32
O39315,C11675,P20079,2025-04-03,5.0,0,109831.45
O39316,C10792,P20158,2025-09-23,5.0,20,71593.76
O39317,C11535,P20094,2025-07-25,7.0,20,316160.77
O39318,C10963,P20008,2025-03-21,7.0,10,118986.71
O39319,C11310,P20472,2025-02-06,2.0,0,83364.54
O39320,C11478,P20339,2025-01-11,2.0,15,101675.93
O39321,C11786,P20259,2025-03-31,7.0,15,185975.04
O39322,C10834,P20055,2025-01-19,2.0,15,49132.33
O39323,C10317,P20399,2026-01-09,7.0,5,198420.97
O39324,C11614,P20036,2025-04-04,2.0,0,101109.74
O39325,C11321,P20006,2025-02-01,7.0,0,256863.18
O39326,C10338,P20377,2025-05-20,5.0,15,262160.87
O39327,C11331,P20042,2025-01-21,3.0,15,149914.81
O39328,C11452,P20050,2025-05-29,5.0,5,349572.74
O39329,C10351,P20112,2025-08-09,3.0,0,71763.81
O39330,C10511,P20146,2025-08-07,5.0,10,64187.01
O39331,C10525,P20230,2026-06-25,6.0,15,321336.52
O39332,C11882,P20211,2025-02-27,5.0,10,316953.5
O39333,C10492,P20497,2026-03-01,2.0,10,14418.5
O39334,C11932,P20306,2025-10-02,3.0,0,137644.92
O39335,C11618,P20030,2025-05-20,4.0,0,255841.08
O39336,C10009,P20461,2025-01-23,6.0,10,222220.91
O39337,C11521,P20295,2026-01-13,4.0,15,221901.65
O39338,C11749,P20116,2026-01-08,6.0,0,182143.62
O39339,C11584,P20396,2025-03-04,4.0,0,148237.08
O39340,C10561,P20226,2025-12-08,2.0,10,111160.64
O39341,C11845,P20059,2025-06-16,4.0,5,72357.74
O39342,C10440,P20076,2025-05-31,7.0,10,245293.9
O39343,C11576,P20428,2026-06-07,5.0,10,146644.47
O39344,C11899,P20216,2026-05-16,2.0,10,116665.18
O39345,C10792,P20132,2025-12-14,7.0,15,439940.2
O39346,C11762,P20420,2025-09-29,4.0,0,260028.64
O39347,C11992,P20498,2026-03-06,2.0,5,83604.05
O39348,C11132,P20304,2025-08-21,5.0,0,255369.75
O39349,C11269,P20398,2025-07-27,2.0,15,35847.2
O39350,C11279,P20081,2026-03-29,4.0,15,68377.67
O39351,C10033,P20305,2026-05-16,2.0,0,85785.14
O39352,C11047,P20067,2025-08-07,6.0,0,278437.8
O39353,C10845,P20230,2025-03-22,1.0,0,63007.16
O39354,C10566,P20471,2026-06-25,4.0,10,121064.15
O39355,C11845,P20333,2025-09-08,5.0,0,336053.8
O39356,C10049,P20393,2026-02-19,3.0,10,77631.78
O39357,C10462,P20277,2025-03-27,2.0,10,7331.22
O39358,C10590,P20361,2025-08-05,6.0,10,236070.72
O39359,C10336,P20072,2025-07-15,2.0,15,110808.06
O39360,C11969,P20209,2025-10-24,4.0,5,204770.6
O39361,C11382,P20272,2025-02-13,6.0,15,300663.77
O39362,C11146,P20144,2026-01-28,4.0,0,37279.08
O39363,C11468,P20251,2026-03-19,1.0,0,9611.16
O39364,C10359,P20284,2025-03-31,5.0,5,293675.07
O39365,C11626,P20179,2025-06-04,6.0,10,99457.52
O39366,C10346,P20440,2026-04-23,6.0,0,390045.6
O39367,C10193,P20080,2025-02-28,2.0,10,27628.83
O39368,C11440,P20057,2025-04-20,2.0,0,82399.18
O39369,C11401,P20366,2026-04-24,3.0,15,98665.8
O39370,C11487,P20308,2025-02-18,7.0,5,393537.76
O39371,C10756,P20174,2026-01-12,6.0,10,265263.82
O39372,C11685,P20462,2025-02-01,2.0,15,91239.24
O39373,C11170,P20238,2026-05-01,2.0,10,1823.2
O39374,C10478,P20492,2026-06-15,7.0,5,149301.54
O39375,C10828,P20166,2025-01-03,1.0,5,24328.86
O39376,C10890,P20084,2026-01-13,3.0,10,85345.57
O39377,C10653,P20493,2025-08-30,7.0,0,140727.72
O39378,C10408,P20048,2026-06-25,2.0,0,124299.68
O39379,C10286,P20127,2025-12-23,2.0,0,66758.7
O39380,C11922,P20169,2025-07-16,5.0,10,212745.64
O39381,C10851,P20354,2026-02-23,6.0,0,111226.92
O39382,C10111,P20374,2025-09-30,2.0,0,18457.92
O39383,C10620,P20443,2026-05-17,1.0,0,64707.19
O39384,C11903,P20349,2025-02-04,2.0,10,114131.48
O39385,C10793,P20067,2026-04-06,6.0,10,250594.02
O39386,C10050,P20330,2025-09-10,2.0,10,115079.2
O39387,C11038,P20340,2026-05-27,7.0,0,178830.54
O39388,C11158,P20194,2025-02-17,4.0,15,20699.13
O39389,C10588,P20155,2025-07-04,2.0,5,131665.74
O39390,C10596,P20160,2026-05-06,3.0,5,85826.95
O39391,C11367,P20184,2025-09-30,6.0,15,142242.82
O39392,C10670,P20266,2026-06-11,6.0,20,205256.98
O39393,C11310,P20168,2025-05-08,4.0,10,65355.8
O39394,C11958,P20145,2025-07-29,3.0,15,186862.29
O39395,C10314,P20186,2025-05-22,3.0,5,26027.37
O39396,C10606,P20374,2025-06-22,6.0,0,55373.76
O39397,C10297,P20353,2026-03-23,1.0,0,65477.24
O39398,C11630,P20262,2025-04-29,2.0,10,39567.71
O39399,C10569,P20423,2025-01-11,3.0,10,90440.14
O39400,C11188,P20495,2025-10-31,2.0,5,142365.1
O39401,C10832,P20274,2025-06-03,2.0,15,120562.74
O39402,C11521,P20457,2025-11-19,7.0,5,131503.42
O39403,C10610,P20328,2026-06-21,1.0,0,50199.84
O39404,C10016,P20345,2026-03-21,1.0,0,11022.79
O39405,C11368,P20223,2025-12-08,3.0,20,40289.35
O39406,C11102,P20042,2025-08-09,3.0,15,149914.81
O39407,C11370,P20004,2025-04-20,6.0,10,75755.03
O39408,C10072,P20276,2026-02-14,7.0,15,415581.32
O39409,C10270,P20284,2026-02-22,7.0,15,367866.66
O39410,C10287,P20424,2026-05-20,4.0,15,78047.82
O39411,C10066,P20193,2025-02-09,2.0,5,113498.06
O39412,C10880,P20104,2026-05-24,6.0,10,15825.08
O39413,C10068,P20247,2026-04-04,2.0,0,38659.46
O39414,C11217,P20300,2025-09-20,1.0,20,20988.2
O39415,C11079,P20023,2025-04-28,1.0,20,53629.86
O39416,C10980,P20441,2026-03-26,7.0,10,210927.4
O39417,C11403,P20303,2026-02-18,6.0,5,400947.63
O39418,C10974,P20013,2026-06-10,3.0,5,173970.07
O39419,C11192,P20144,2026-04-06,4.0,5,35415.13
O39420,C11433,P20218,2025-04-28,7.0,0,225304.24
O39421,C10508,P20183,2025-08-05,4.0,5,83244.78
O39422,C11561,P20351,2025-03-18,1.0,0,53109.64
O39423,C11667,P20242,2026-02-25,1.0,20,666.81
O39424,C10837,P20193,2025-06-21,4.0,5,226996.12
O39425,C11126,P20465,2026-01-25,4.0,15,115125.12
O39426,C10886,P20272,2025-01-26,3.0,10,159174.94
O39427,C10794,P20375,2025-05-08,4.0,0,70019.4
O39428,C11832,P20165,2026-01-09,2.0,0,7620.68
O39429,C11830,P20180,2025-01-24,4.0,20,70686.4
O39430,C10422,P20117,2026-04-15,5.0,10,101525.0
O39431,C11988,P20266,2026-02-27,4.0,0,171047.48
O39432,C10775,P20378,2025-06-26,1.0,0,10680.98
O39433,C10478,P20038,2026-06-22,1.0,10,12344.49
O39434,C10926,P20044,2025-09-23,7.0,0,240970.03
O39435,C10120,P20351,2025-09-27,5.0,0,265548.2
O39436,C11939,P20074,2025-11-25,2.0,10,70005.74
O39437,C11767,P20438,2026-03-31,4.0,10,61812.79
O39438,C11315,P20369,2025-10-22,4.0,5,92823.85
O39439,C10488,P20226,2025-05-02,5.0,15,262462.62
O39440,C11185,P20307,2025-06-08,7.0,10,445379.44
O39441,C11697,P20308,2025-06-27,3.0,15,150905.46
O39442,C10078,P20454,2025-11-24,3.0,0,97534.26
O39443,C11062,P20348,2025-11-03,7.0,0,270276.02
O39444,C11418,P20476,2025-03-30,2.0,0,46036.1
O39445,C10441,P20315,2025-02-07,4.0,0,286805.92
O39446,C11564,P20013,2025-12-12,4.0,20,195334.82
O39447,C10462,P20425,2025-09-09,4.0,20,172257.57
O39448,C10612,P20012,2025-05-29,7.0,10,344499.88
O39449,C11318,P20050,2025-01-16,1.0,5,69914.55
O39450,C11424,P20488,2026-01-02,6.0,10,333902.84
O39451,C11660,P20313,2025-04-28,3.0,10,43798.64
O39452,C10917,P20434,2025-11-13,7.0,0,123624.06
O39453,C11116,P20249,2025-10-15,6.0,5,302153.92
O39454,C11791,P20119,2025-12-17,5.0,10,53405.37
O39455,C10609,P20057,2025-10-24,6.0,0,247197.54
O39456,C10006,P20182,2025-07-13,1.0,0,17509.88
O39457,C10681,P20450,2026-01-27,1.0,0,42803.04
O39458,C10895,P20264,2026-03-19,3.0,10,23386.08
O39459,C10271,P20106,2025-10-08,4.0,0,240849.04
O39460,C11644,P20191,2025-10-28,2.0,10,2780.17
O39461,C11923,P20137,2026-03-02,6.0,5,164418.38
O39462,C10811,P20188,2025-09-07,7.0,5,431971.83
O39463,C10559,P20120,2026-05-30,7.0,15,167570.39
O39464,C10099,P20242,2026-02-10,5.0,5,3959.17
O39465,C10526,P20319,2025-09-01,3.0,5,12714.7
O39466,C10194,P20072,2026-01-02,2.0,15,110808.06
O39467,C11181,P20243,2025-04-30,3.0,5,98090.67
O39468,C11924,P20131,2026-03-16,3.0,15,65885.29
O39469,C11690,P20457,2026-05-19,3.0,5,56358.61
O39470,C11139,P20269,2026-03-09,3.0,0,57120.75
O39471,C10396,P20393,2025-07-02,4.0,10,103509.04
O39472,C10770,P20479,2026-04-06,7.0,0,472575.67
O39473,C11681,P20473,2025-04-28,1.0,0,22557.23
O39474,C11827,P20052,2025-01-31,7.0,0,416203.13
O39475,C11024,P20492,2025-05-29,7.0,0,157159.52
O39476,C11546,P20062,2026-06-12,6.0,10,250389.58
O39477,C10880,P20119,2025-09-30,3.0,15,30263.04
O39478,C11238,P20365,2026-01-20,2.0,15,70399.11
O39479,C10745,P20264,2025-04-12,6.0,0,51969.06
O39480,C10683,P20239,2025-03-13,2.0,10,10665.04
O39481,C11557,P20351,2026-02-12,2.0,0,106219.28
O39482,C10015,P20381,2025-12-13,1.0,10,64039.02
O39483,C11443,P20255,2026-01-02,1.0,15,5284.64
O39484,C10368,P20173,2025-10-18,2.0,0,81660.46
O39485,C10638,P20309,2026-02-26,4.0,20,6706.82
O39486,C10853,P20237,2025-06-30,1.0,15,13043.29
O39487,C11877,P20319,2025-04-24,1.0,10,4015.17
O39488,C11237,P20095,2025-08-26,4.0,10,244784.3
O39489,C10700,P20337,2025-04-04,3.0,10,68546.28
O39490,C11708,P20495,2025-09-17,1.0,20,59943.2
O39491,C11783,P20057,2025-04-17,6.0,10,222477.79
O39492,C10005,P20438,2025-09-01,2.0,5,32623.42
O39493,C10231,P20403,2026-02-27,2.0,10,42178.07
O39494,C11225,P20067,2025-12-01,4.0,0,185625.2
O39495,C11909,P20046,2025-01-23,2.0,20,14133.62
O39496,C11426,P20094,2025-09-28,7.0,15,335920.82
O39497,C11173,P20138,2025-05-20,5.0,10,102803.22
O39498,C11608,P20369,2026-04-11,2.0,10,43969.19
O39499,C11516,P20093,2026-03-30,4.0,15,27019.19
O39500,C11012,P20232,2026-01-19,4.0,0,184981.32
O39501,C11250,P20402,2026-01-12,4.0,10,113324.94
O39502,C10586,P20396,2026-03-14,7.0,5,246444.15
O39503,C11843,P20049,2026-02-26,6.0,10,154095.21
O39504,C10169,P20023,2025-06-05,5.0,5,318427.32
O39505,C10761,P20062,2025-12-01,7.0,10,292121.17
O39506,C10792,P20267,2026-06-15,1.0,5,56488.79
O39507,C11000,P20329,2025-05-12,3.0,0,30778.53
O39508,C10152,P20118,2026-05-16,2.0,0,94046.42
O39509,C11016,P20440,2026-06-06,6.0,0,390045.6
O39510,C10224,P20088,2025-05-20,1.0,0,12595.57
O39511,C10504,P20089,2025-05-15,4.0,5,19272.92
O39512,C11761,P20055,2026-02-11,1.0,10,26011.23
O39513,C11574,P20153,2025-04-04,7.0,0,114604.84
O39514,C10044,P20239,2025-08-29,1.0,10,5332.52
O39515,C10697,P20265,2025-06-14,5.0,10,206235.4
O39516,C10504,P20268,2025-11-21,4.0,0,296022.24
O39517,C11979,P20395,2025-08-06,6.0,5,5016.97
O39518,C11265,P20113,2025-08-19,6.0,10,342464.33
O39519,C10930,P20166,2025-06-28,4.0,0,102437.32
O39520,C10843,P20156,2025-03-21,2.0,0,149629.2
O39521,C10351,P20008,2025-12-20,6.0,20,90656.54
O39522,C11746,P20202,2025-06-10,6.0,10,304288.43
O39523,C10023,P20217,2026-03-03,2.0,5,142047.13
O39524,C11660,P20431,2026-02-07,2.0,10,2233.71
O39525,C10598,P20292,2025-02-01,7.0,15,30186.73
O39526,C11067,P20381,2025-05-01,6.0,15,362887.8
O39527,C10466,P20050,2026-05-30,6.0,0,441565.56
O39528,C10040,P20107,2026-01-20,6.0,5,70089.2
O39529,C10303,P20009,2026-03-01,2.0,10,55384.83
O39530,C11705,P20233,2026-04-21,6.0,0,80536.26
O39531,C10175,P20188,2025-06-16,1.0,15,55214.44
O39532,C10999,P20456,2026-01-24,1.0,5,432.36
O39533,C11556,P20323,2025-11-29,2.0,5,8951.0
O39534,C11485,P20309,2026-06-07,2.0,15,3563.0
O39535,C10621,P20338,2026-04-16,2.0,0,77371.66
O39536,C11217,P20110,2026-06-08,3.0,0,162080.43
O39537,C10244,P20483,2025-02-22,2.0,10,67709.27
O39538,C10836,P20145,2025-01-21,7.0,5,487307.54
O39539,C10280,P20228,2025-01-19,3.0,10,81828.25
O39540,C11764,P20309,2026-04-01,2.0,0,4191.76
O39541,C11060,P20412,2025-11-18,4.0,5,26564.2
O39542,C10557,P20114,2026-03-09,5.0,0,179406.4
O39543,C10898,P20063,2025-02-28,6.0,10,348849.07
O39544,C11564,P20399,2025-05-31,6.0,0,179026.44
O39545,C11178,P20275,2026-03-16,1.0,5,4346.8
O39546,C11047,P20124,2025-02-27,4.0,15,253859.88
O39547,C10719,P20086,2025-10-20,5.0,15,55852.95
O39548,C10932,P20070,2025-07-01,6.0,10,164682.99
O39549,C10091,P20047,2025-03-19,6.0,5,110436.93
O39550,C10390,P20199,2025-04-15,3.0,10,27243.22
O39551,C11955,P20364,2025-09-18,1.0,10,40580.93
O39552,C11383,P20432,2025-08-11,3.0,15,123529.73
O39553,C10550,P20201,2026-04-29,7.0,15,227550.43
O39554,C10931,P20276,2025-05-09,7.0,15,415581.32
O39555,C11252,P20037,2025-11-15,3.0,15,65009.29
O39556,C11226,P20203,2026-05-24,1.0,0,23510.44
O39557,C11374,P20130,2025-01-20,5.0,10,321396.98
O39558,C11845,P20448,2025-08-23,1.0,15,3593.21
O39559,C11790,P20470,2025-12-16,2.0,15,7204.89
O39560,C11062,P20496,2026-03-29,3.0,15,42734.07
O39561,C10733,P20292,2026-05-24,2.0,5,9639.46
O39562,C10500,P20389,2026-02-27,1.0,10,53135.07
O39563,C11723,P20064,2025-07-09,1.0,0,26160.91
O39564,C11067,P20263,2025-05-05,6.0,10,228293.42
O39565,C10871,P20454,2025-01-06,7.0,5,216200.94
O39566,C11650,P20120,2026-04-03,5.0,20,112652.36
O39567,C11796,P20278,2026-06-06,3.0,15,105018.33
O39568,C10517,P20202,2025-03-30,7.0,10,355003.17
O39569,C10068,P20046,2025-04-21,4.0,0,35334.04
O39570,C11764,P20168,2026-02-01,1.0,5,17246.67
O39571,C10123,P20445,2025-01-11,6.0,10,398508.17
O39572,C11709,P20110,2026-05-12,4.0,0,216107.24
O39573,C10336,P20046,2025-01-16,3.0,0,26500.53
O39574,C11177,P20212,2025-02-02,2.0,15,37965.16
O39575,C10974,P20028,2026-05-04,3.0,0,194183.91
O39576,C10779,P20087,2025-07-07,7.0,0,288296.05
O39577,C11693,P20291,2026-04-03,5.0,10,121609.26
O39578,C11186,P20385,2025-02-20,4.0,15,131586.53
O39579,C11238,P20157,2025-09-28,6.0,15,13892.91
O39580,C11934,P20265,2026-04-09,7.0,20,256648.5
O39581,C11400,P20265,2025-02-12,4.0,10,164988.32
O39582,C11944,P20022,2026-06-23,2.0,5,10465.28
O39583,C11467,P20256,2025-05-01,7.0,15,22700.8
O39584,C10423,P20191,2025-11-12,6.0,5,8803.88
O39585,C11562,P20450,2025-04-25,2.0,5,81325.78
O39586,C10939,P20464,2026-03-30,1.0,5,2206.81
O39587,C10804,P20232,2026-06-04,7.0,15,275159.71
O39588,C11959,P20186,2025-12-03,3.0,15,23287.65
O39589,C11725,P20326,2025-08-28,7.0,5,148747.4
O39590,C11936,P20183,2026-01-21,7.0,5,145678.36
O39591,C10634,P20397,2025-05-25,5.0,15,314460.09
O39592,C11254,P20481,2026-01-12,1.0,0,33067.08
O39593,C11083,P20403,2025-01-04,3.0,10,63267.1
O39594,C10096,P20463,2025-11-24,2.0,5,63676.01
O39595,C11286,P20417,2025-07-16,5.0,5,4047.85
O39596,C10354,P20202,2026-01-24,2.0,5,107064.45
O39597,C11336,P20065,2025-09-18,6.0,5,280085.86
O39598,C11160,P20444,2025-04-04,2.0,10,110271.78
O39599,C11886,P20396,2025-09-14,4.0,15,126001.52
O39600,C11819,P20043,2025-05-16,3.0,5,160558.88
O39601,C10967,P20221,2026-06-09,1.0,15,46408.04
O39602,C10923,P20017,2026-05-13,7.0,10,240341.41
O39603,C10473,P20324,2025-06-27,4.0,0,82373.28
O39604,C11656,P20285,2025-04-22,6.0,10,287617.01
O39605,C10430,P20183,2025-09-21,3.0,10,59147.6
O39606,C11961,P20391,2026-02-18,6.0,0,3013.8
O39607,C10975,P20044,2026-01-04,3.0,5,98109.23
O39608,C10537,P20461,2026-01-13,3.0,20,98764.85
O39609,C11878,P20389,2026-01-18,5.0,10,265675.36
O39610,C11170,P20188,2026-05-26,4.0,0,259832.68
O39611,C11548,P20390,2026-01-12,1.0,0,30561.57
O39612,C10087,P20482,2026-06-29,4.0,0,12780.56
O39613,C11971,P20263,2025-03-14,6.0,5,240976.39
O39614,C10109,P20174,2026-05-19,2.0,0,98245.86
O39615,C11447,P20441,2025-12-18,6.0,0,200883.24
O39616,C11369,P20054,2025-11-21,3.0,5,91325.49
O39617,C11290,P20220,2026-01-23,2.0,10,4629.73
O39618,C11758,P20046,2025-08-28,4.0,0,35334.04
O39619,C11610,P20394,2025-03-15,1.0,0,37354.39
O39620,C10994,P20260,2025-01-31,2.0,0,140412.42
O39621,C11518,P20195,2026-04-24,2.0,0,42777.68
O39622,C11357,P20409,2025-01-14,7.0,0,117185.11
O39623,C10822,P20471,2025-11-12,5.0,5,159737.42
O39624,C11437,P20347,2025-03-09,4.0,5,52820.46
O39625,C11638,P20462,2026-06-22,2.0,0,107340.28
O39626,C10937,P20061,2025-10-18,4.0,15,100900.54
O39627,C11005,P20166,2025-01-24,1.0,5,24328.86
O39628,C10649,P20160,2026-02-19,2.0,0,60229.44
O39629,C10191,P20151,2025-02-05,1.0,0,32319.73
O39630,C11997,P20111,2025-04-11,6.0,20,98807.14
O39631,C10933,P20488,2026-06-30,2.0,20,98934.18
O39632,C10142,P20037,2025-02-08,7.0,0,178456.88
O39633,C11893,P20003,2025-07-30,3.0,0,162505.77
O39634,C11097,P20483,2025-06-21,5.0,5,178677.24
O39635,C10840,P20013,2026-03-18,5.0,5,289950.12
O39636,C11191,P20162,2025-02-28,5.0,5,73627.61
O39637,C10168,P20344,2026-02-14,1.0,5,17032.5
O39638,C10566,P20449,2026-06-18,4.0,0,32399.32
O39639,C11283,P20332,2025-12-31,7.0,0,9243.71
O39640,C11463,P20264,2026-01-02,5.0,10,38976.8
O39641,C11135,P20083,2025-12-10,6.0,15,37966.24
O39642,C10744,P20265,2025-10-23,2.0,0,91660.18
O39643,C10673,P20412,2025-12-07,2.0,10,12583.04
O39644,C10864,P20334,2026-06-07,3.0,5,7017.1
O39645,C10839,P20380,2025-09-22,1.0,0,3879.17
O39646,C10531,P20219,2026-06-08,2.0,15,14625.05
O39647,C11314,P20146,2025-02-07,2.0,5,27101.18
O39648,C10974,P20298,2025-05-11,7.0,10,186797.08
O39649,C10562,P20297,2026-01-17,3.0,5,152624.08
O39650,C11534,P20454,2025-08-13,3.0,0,97534.26
O39651,C10175,P20161,2025-05-23,4.0,10,66227.8
O39652,C10302,P20229,2026-03-07,4.0,5,143850.67
O39653,C11720,P20234,2026-01-24,4.0,0,154541.12
O39654,C10185,P20089,2025-02-23,2.0,10,9129.28
O39655,C11363,P20333,2025-01-24,3.0,0,201632.28
O39656,C10510,P20310,2026-01-30,6.0,0,241201.44
O39657,C10819,P20215,2025-04-29,1.0,10,46599.62
O39658,C11334,P20420,2025-07-04,4.0,0,260028.64
O39659,C11531,P20097,2025-07-11,6.0,10,216551.77
O39660,C11370,P20213,2026-05-02,5.0,15,152222.8
O39661,C11105,P20354,2026-01-19,2.0,0,37075.64
O39662,C11398,P20312,2025-12-12,1.0,5,53416.39
O39663,C10156,P20100,2026-04-18,2.0,10,1958.71
O39664,C10787,P20145,2025-01-03,6.0,5,417692.18
O39665,C10795,P20010,2025-02-19,4.0,10,76279.79
O39666,C10432,P20471,2026-05-19,6.0,5,191684.9
O39667,C11524,P20044,2025-07-30,6.0,0,206545.74
O39668,C10761,P20251,2026-06-12,7.0,0,67278.12
O39669,C10147,P20386,2025-10-10,2.0,10,105333.44
O39670,C10481,P20227,2026-01-14,4.0,0,94240.92
O39671,C10435,P20398,2025-11-22,2.0,15,35847.2
O39672,C11543,P20249,2025-10-25,4.0,10,190834.06
O39673,C11693,P20495,2025-05-18,7.0,0,524503.0
O39674,C11707,P20493,2025-05-05,3.0,0,60311.88
O39675,C10069,P20169,2026-01-27,3.0,0,141830.43
O39676,C11630,P20130,2026-02-06,7.0,10,449955.76
O39677,C11905,P20019,2026-04-25,7.0,15,335113.16
O39678,C10875,P20336,2026-02-05,7.0,0,19036.29
O39679,C11912,P20235,2025-12-28,7.0,0,376172.72
O39680,C10186,P20492,2025-03-07,3.0,5,63986.38
O39681,C10904,P20345,2026-03-04,3.0,0,33068.37
O39682,C10682,P20001,2026-06-05,7.0,5,63645.95
O39683,C10204,P20130,2026-03-08,3.0,5,203551.42
O39684,C10554,P20496,2025-04-15,5.0,0,83792.3
O39685,C10013,P20027,2025-03-30,2.0,5,119282.48
O39686,C10666,P20002,2025-01-06,6.0,5,53407.23
O39687,C11298,P20250,2025-06-07,7.0,0,274819.02
O39688,C11322,P20222,2026-01-14,3.0,0,196766.46
O39689,C10051,P20435,2025-11-26,5.0,5,226963.12
O39690,C10500,P20138,2025-04-13,7.0,5,151920.31
O39691,C10369,P20275,2025-08-11,5.0,0,22877.9
O39692,C10724,P20490,2026-02-06,2.0,0,130007.84
O39693,C11680,P20464,2026-06-29,2.0,0,4645.92
O39694,C10357,P20141,2026-05-24,4.0,0,121625.76
O39695,C11027,P20432,2025-07-03,4.0,5,184083.51
O39696,C11278,P20256,2025-03-28,3.0,0,11445.78
O39697,C11499,P20370,2026-01-15,1.0,5,63373.75
O39698,C10847,P20312,2026-06-22,4.0,0,224911.12
O39699,C11530,P20456,2026-02-17,1.0,5,432.36
O39700,C10256,P20440,2026-06-02,6.0,10,351041.04
O39701,C11634,P20434,2025-10-22,4.0,5,67110.2
O39702,C11709,P20095,2025-09-17,6.0,0,407973.84
O39703,C11174,P20173,2026-01-19,5.0,0,204151.15
O39704,C11512,P20473,2025-10-31,5.0,0,112786.15
O39705,C10279,P20443,2025-11-12,6.0,5,368830.98
O39706,C11083,P20423,2025-03-18,5.0,0,167481.75
O39707,C10446,P20405,2026-01-14,6.0,0,305296.38
O39708,C10113,P20439,2026-04-06,1.0,15,11431.69
O39709,C10836,P20057,2025-02-25,3.0,0,123598.77
O39710,C10755,P20498,2025-03-22,6.0,15,224410.86
O39711,C11846,P20102,2025-06-25,4.0,15,217144.77
O39712,C11593,P20169,2026-01-18,4.0,15,160741.15
O39713,C11513,P20477,2025-05-29,1.0,15,39692.14
O39714,C11431,P20070,2025-10-08,6.0,0,182981.1
O39715,C10367,P20338,2025-12-11,5.0,0,193429.15
O39716,C11084,P20049,2026-02-13,3.0,0,85608.45
O39717,C10329,P20428,2025-01-30,4.0,0,130350.64
O39718,C10728,P20419,2026-02-26,3.0,0,32121.51
O39719,C11493,P20347,2025-08-19,3.0,15,35445.31
O39720,C11769,P20005,2025-12-25,2.0,0,49660.8
O39721,C11006,P20455,2025-06-11,3.0,0,128479.68
O39722,C11591,P20202,2025-08-16,6.0,10,304288.43
O39723,C11909,P20202,2025-08-09,7.0,0,394447.97
O39724,C10720,P20179,2025-03-14,2.0,5,34994.31
O39725,C11087,P20057,2026-02-03,7.0,0,288397.13
O39726,C10184,P20186,2025-04-05,1.0,15,7762.55
O39727,C11023,P20092,2026-04-20,5.0,5,184268.18
O39728,C10311,P20292,2025-04-05,2.0,10,9132.12
O39729,C11817,P20394,2025-05-04,7.0,0,261480.73
O39730,C11562,P20434,2026-05-15,3.0,15,45034.48
O39731,C10177,P20483,2025-02-17,5.0,0,188081.3
O39732,C11599,P20227,2025-04-05,3.0,10,63612.62
O39733,C11453,P20421,2026-04-22,3.0,20,156977.93
O39734,C11097,P20112,2025-02-02,2.0,5,45450.41
O39735,C10847,P20148,2025-04-28,1.0,5,34924.26
O39736,C11191,P20269,2025-09-08,7.0,0,133281.75
O39737,C11249,P20203,2025-10-30,3.0,5,67004.75
O39738,C11601,P20378,2025-05-02,6.0,15,54473.0
O39739,C11605,P20365,2025-08-06,2.0,0,82822.48
O39740,C11976,P20403,2025-02-22,6.0,15,119504.53
O39741,C10009,P20348,2025-05-06,6.0,10,208498.64
O39742,C10236,P20358,2025-06-08,7.0,5,195117.65
O39743,C10710,P20056,2025-06-25,3.0,5,153942.61
O39744,C10924,P20301,2025-10-19,7.0,0,417377.94
O39745,C10685,P20316,2025-06-08,6.0,0,107895.78
O39746,C10794,P20452,2026-05-06,7.0,0,241568.95
O39747,C11052,P20185,2025-12-23,5.0,5,236937.5
O39748,C10808,P20054,2025-08-25,1.0,15,27237.43
O39749,C11935,P20037,2026-03-04,3.0,5,72657.44
O39750,C11670,P20211,2025-05-05,6.0,5,401474.43
O39751,C10027,P20293,2025-11-11,1.0,0,5852.8
O39752,C10550,P20270,2025-10-06,7.0,10,241739.44
O39753,C11220,P20351,2025-04-15,1.0,10,47798.68
O39754,C11227,P20220,2025-02-11,5.0,5,12217.33
O39755,C10085,P20228,2026-02-01,5.0,15,128803.73
O39756,C11856,P20428,2026-04-05,4.0,15,110798.04
O39757,C11054,P20358,2026-05-06,1.0,10,26406.9
O39758,C10466,P20211,2025-06-17,3.0,15,179606.98
O39759,C11123,P20298,2025-06-23,5.0,10,133426.49
O39760,C11923,P20001,2026-01-07,3.0,15,24405.59
O39761,C11214,P20023,2025-05-30,1.0,5,63685.46
O39762,C10012,P20448,2025-09-06,5.0,0,21136.55
O39763,C11627,P20284,2025-06-29,4.0,20,197844.26
O39764,C11013,P20496,2025-04-30,1.0,0,16758.46
O39765,C11054,P20388,2025-01-28,3.0,0,144553.68
O39766,C11749,P20425,2025-04-27,4.0,0,215321.96
O39767,C11062,P20188,2025-09-19,1.0,0,64958.17
O39768,C11877,P20018,2025-02-07,5.0,0,321216.4
O39769,C10572,P20447,2025-07-16,6.0,10,345215.2
O39770,C11318,P20445,2026-06-09,1.0,20,59038.25
O39771,C11384,P20049,2026-03-13,2.0,0,57072.3
O39772,C11679,P20047,2026-02-14,3.0,10,52312.23
O39773,C10914,P20115,2025-11-29,5.0,0,251653.3
O39774,C10180,P20039,2026-06-15,5.0,0,106584.45
O39775,C10797,P20217,2026-04-10,2.0,10,134570.97
O39776,C11136,P20210,2025-06-07,6.0,15,170514.32
O39777,C11766,P20262,2025-06-09,4.0,0,87928.24
O39778,C11468,P20211,2025-11-30,5.0,0,352170.55
O39779,C11045,P20053,2026-01-11,7.0,0,212466.38
O39780,C11169,P20460,2025-03-20,4.0,15,45252.3
O39781,C11523,P20281,2025-07-16,4.0,0,142307.84
O39782,C11170,P20355,2025-04-30,4.0,5,128908.2
O39783,C10441,P20321,2025-08-14,6.0,15,23527.63
O39784,C10887,P20133,2026-02-14,1.0,10,56649.67
O39785,C10421,P20449,2026-06-22,2.0,15,13769.71
O39786,C11340,P20264,2025-12-05,3.0,15,22086.85
O39787,C11190,P20295,2026-06-21,2.0,5,124003.86
O39788,C11676,P20111,2025-08-08,5.0,10,92631.69
O39789,C11227,P20043,2025-10-20,2.0,0,112672.9
O39790,C11520,P20338,2025-07-23,3.0,20,92845.99
O39791,C11780,P20238,2026-05-29,1.0,0,1012.89
O39792,C11649,P20379,2025-07-21,5.0,10,252554.08
O39793,C10468,P20457,2025-02-01,1.0,0,19774.95
O39794,C10713,P20389,2025-03-30,5.0,0,295194.85
O39795,C10385,P20247,2025-07-21,3.0,0,57989.19
O39796,C10314,P20004,2025-10-20,1.0,10,12625.84
O39797,C10771,P20364,2025-04-25,3.0,0,135269.76
O39798,C11279,P20349,2025-08-10,3.0,0,190219.14
O39799,C10959,P20385,2025-07-01,6.0,0,232211.52
O39800,C10917,P20350,2026-04-14,2.0,0,12493.0
O39801,C10023,P20312,2026-03-02,5.0,5,267081.96
O39802,C11929,P20173,2025-03-01,4.0,5,155154.87
O39803,C11782,P20193,2026-04-30,4.0,0,238943.28
O39804,C10339,P20003,2025-01-11,1.0,5,51460.16
O39805,C11517,P20278,2026-01-20,3.0,10,111195.88
O39806,C10823,P20456,2026-02-14,2.0,10,819.22
O39807,C11535,P20056,2025-02-11,5.0,20,216059.8
O39808,C10366,P20274,2025-05-03,1.0,0,70919.26
O39809,C11396,P20409,2025-09-09,3.0,15,42688.86
O39810,C10915,P20176,2026-04-29,6.0,5,254227.41
O39811,C11854,P20116,2025-08-01,4.0,5,115357.63
O39812,C11623,P20084,2025-09-25,4.0,5,120115.99
O39813,C11243,P20159,2026-06-24,5.0,0,117399.7
O39814,C10475,P20286,2025-05-15,5.0,0,220978.7
O39815,C11447,P20080,2026-05-13,5.0,10,69072.08
O39816,C11380,P20066,2025-05-06,1.0,0,26459.84
O39817,C11484,P20209,2025-12-25,5.0,10,242491.5
O39818,C11527,P20010,2026-05-18,1.0,10,19069.95
O39819,C10027,P20199,2025-11-14,2.0,5,19171.15
O39820,C10942,P20059,2025-01-12,3.0,0,57124.53
O39821,C10802,P20234,2026-04-22,4.0,0,154541.12
O39822,C10801,P20307,2025-10-21,7.0,0,494866.05
O39823,C10860,P20244,2026-03-16,7.0,0,174254.71
O39824,C11247,P20379,2026-05-31,1.0,0,56123.13
O39825,C10864,P20393,2026-01-26,3.0,0,86257.53
O39826,C10690,P20054,2025-11-12,6.0,0,192264.18
O39827,C11172,P20446,2025-01-08,5.0,0,341289.25
O39828,C11448,P20337,2026-05-23,4.0,20,81240.03
O39829,C10739,P20393,2025-05-04,6.0,20,138012.05
O39830,C11375,P20009,2026-01-07,1.0,0,30769.35
O39831,C11210,P20101,2025-11-10,5.0,0,148692.65
O39832,C10415,P20408,2025-07-04,3.0,5,103800.33
O39833,C11830,P20295,2026-06-09,2.0,0,130530.38
O39834,C10982,P20203,2025-02-08,3.0,5,67004.75
O39835,C10429,P20392,2025-03-25,1.0,5,60601.45
O39836,C10041,P20153,2025-01-21,2.0,0,32744.24
O39837,C10905,P20110,2025-09-10,2.0,15,91845.58
O39838,C11012,P20322,2025-10-30,5.0,15,269545.24
O39839,C11417,P20266,2025-09-15,3.0,20,102628.49
O39840,C10703,P20373,2026-06-26,1.0,0,20227.87
O39841,C10079,P20152,2026-04-06,6.0,15,240970.46
O39842,C10717,P20496,2025-08-12,6.0,5,95523.22
O39843,C11920,P20464,2025-04-02,2.0,10,4181.33
O39844,C11814,P20083,2025-10-07,5.0,15,31638.53
O39845,C11808,P20443,2025-06-19,6.0,15,330006.67
O39846,C10544,P20415,2025-09-05,2.0,10,102773.74
O39847,C11474,P20395,2025-12-27,7.0,0,6161.19
O39848,C10474,P20134,2025-12-15,3.0,5,172995.63
O39849,C11166,P20326,2026-03-11,6.0,10,120787.36
O39850,C11275,P20160,2026-02-10,4.0,15,102390.05
O39851,C10294,P20039,2025-03-19,7.0,10,134296.41
O39852,C10610,P20176,2026-04-03,1.0,5,42371.24
O39853,C10136,P20013,2026-01-27,7.0,5,405930.16
O39854,C10484,P20315,2025-01-14,4.0,0,286805.92
O39855,C11813,P20067,2025-02-14,3.0,15,118336.07
O39856,C11336,P20440,2025-02-07,4.0,0,260030.4
O39857,C10814,P20248,2026-02-20,3.0,10,71781.66
O39858,C10555,P20041,2025-09-02,3.0,15,91318.87
O39859,C11656,P20184,2025-03-03,5.0,5,132481.06
O39860,C11756,P20035,2026-05-08,7.0,15,146062.38
O39861,C10046,P20422,2025-11-19,4.0,15,107271.46
O39862,C11260,P20337,2025-09-09,2.0,0,50775.02
O39863,C11072,P20451,2026-04-13,3.0,5,114004.28
O39864,C10198,P20290,2025-03-02,7.0,10,345436.12
O39865,C10084,P20076,2025-04-29,4.0,5,147955.05
O39866,C10543,P20472,2025-03-28,2.0,5,79196.31
O39867,C11185,P20070,2025-03-21,1.0,10,27447.16
O39868,C11452,P20234,2025-08-16,2.0,0,77270.56
O39869,C10071,P20011,2026-04-28,4.0,5,39850.07
O39870,C10520,P20368,2025-11-06,4.0,0,251429.92
O39871,C11993,P20283,2026-04-30,2.0,0,142850.3
O39872,C10898,P20304,2025-01-25,2.0,5,97040.5
O39873,C10913,P20024,2025-07-21,6.0,10,158064.59
O39874,C11076,P20274,2025-08-13,3.0,0,212757.78
O39875,C11069,P20027,2026-05-25,4.0,10,226008.9
O39876,C10293,P20054,2026-06-04,3.0,5,91325.49
O39877,C10938,P20055,2025-07-02,3.0,15,73698.49
O39878,C10812,P20376,2025-03-18,7.0,5,54855.58
O39879,C11489,P20233,2026-03-02,1.0,0,13422.71
O39880,C11909,P20277,2025-03-08,7.0,10,25659.27
O39881,C11574,P20443,2026-05-09,4.0,10,232945.88
O39882,C10867,P20371,2025-03-18,3.0,5,35053.09
O39883,C10380,P20418,2025-02-24,1.0,5,36415.8
O39884,C11007,P20120,2026-04-18,6.0,0,168978.54
O39885,C11767,P20225,2025-09-04,3.0,0,14840.16
O39886,C11502,P20058,2026-03-15,3.0,0,212400.66
O39887,C10262,P20255,2025-11-10,6.0,5,35438.15
O39888,C10580,P20176,2025-11-16,4.0,15,151644.42
O39889,C11203,P20054,2025-08-08,7.0,10,201877.39
O39890,C10357,P20146,2026-01-06,2.0,0,28527.56
O39891,C11443,P20259,2025-08-04,6.0,15,159407.18
O39892,C10698,P20152,2025-02-18,2.0,5,89773.31
O39893,C11977,P20385,2026-04-08,4.0,0,154807.68
O39894,C11225,P20262,2025-04-28,7.0,10,138486.98
O39895,C11926,P20019,2025-03-23,2.0,0,112643.08
O39896,C11037,P20342,2025-09-20,7.0,0,100146.06
O39897,C10443,P20371,2026-05-11,5.0,0,61496.65
O39898,C10726,P20171,2025-06-25,2.0,5,121282.07
O39899,C11756,P20379,2025-03-30,7.0,0,392861.91
O39900,C10286,P20392,2025-12-25,6.0,10,344471.4
O39901,C11780,P20197,2025-10-13,3.0,5,55444.04
O39902,C11892,P20436,2025-10-24,3.0,5,212247.71
O39903,C11282,P20073,2025-09-17,1.0,0,42478.6
O39904,C10570,P20303,2026-04-20,6.0,15,358742.62
O39905,C11572,P20085,2026-06-20,7.0,5,58277.14
O39906,C10840,P20284,2025-02-06,4.0,5,234940.05
O39907,C11965,P20302,2025-06-30,1.0,10,42303.28
O39908,C11514,P20132,2025-01-25,3.0,0,221818.59
O39909,C10498,P20120,2025-12-15,3.0,5,80264.81
O39910,C11929,P20216,2026-06-27,1.0,10,58332.59
O39911,C11918,P20136,2025-08-15,6.0,5,5447.26
O39912,C10705,P20116,2025-12-14,5.0,0,151786.35
O39913,C11357,P20061,2025-02-07,2.0,0,59353.26
O39914,C10562,P20017,2026-01-18,7.0,0,267046.01
O39915,C11999,P20034,2025-08-24,7.0,20,28078.68
O39916,C10032,P20020,2025-06-30,5.0,0,302211.15
O39917,C11634,P20208,2025-04-24,5.0,0,201754.05
O39918,C10043,P20458,2025-11-02,5.0,15,165815.88
O39919,C11917,P20162,2025-05-12,7.0,5,103078.66
O39920,C11375,P20299,2025-12-14,6.0,5,111866.55
O39921,C11358,P20010,2025-06-29,5.0,5,100646.94
O39922,C11846,P20094,2026-02-19,2.0,10,101623.1
O39923,C10559,P20414,2026-01-20,4.0,10,73995.59
O39924,C10270,P20371,2026-05-27,1.0,0,12299.33
O39925,C11968,P20409,2025-02-12,5.0,15,71148.1
O39926,C11847,P20383,2026-04-25,5.0,0,4038.5
O39927,C11437,P20441,2025-04-28,1.0,0,33480.54
O39928,C10943,P20366,2025-03-02,7.0,0,270847.29
O39929,C11599,P20447,2025-07-07,7.0,10,402751.06
O39930,C11043,P20107,2026-03-29,1.0,10,11066.72
O39931,C11371,P20105,2025-07-06,7.0,10,353049.61
O39932,C11929,P20071,2026-04-09,7.0,10,469330.53
O39933,C11637,P20431,2025-06-13,4.0,0,4963.8
O39934,C10037,P20084,2026-02-28,3.0,0,94828.41
O39935,C11643,P20209,2025-04-12,4.0,5,204770.6
O39936,C10092,P20259,2025-09-24,3.0,0,93768.93
O39937,C11844,P20239,2025-06-02,6.0,0,35550.12
O39938,C10185,P20302,2026-03-05,2.0,15,79906.19
O39939,C10728,P20232,2026-03-03,7.0,10,291345.58
O39940,C11052,P20420,2026-06-20,4.0,0,260028.64
O39941,C11572,P20282,2025-11-29,2.0,10,44149.27
O39942,C10372,P20394,2026-03-16,1.0,10,33618.95
O39943,C10832,P20418,2025-05-04,4.0,0,153329.68
O39944,C11554,P20206,2025-10-29,6.0,5,200502.0
O39945,C10345,P20264,2025-12-15,1.0,0,8661.51
O39946,C11443,P20311,2025-09-06,6.0,0,310313.28
O39947,C11220,P20347,2025-09-28,6.0,0,83400.72
O39948,C10078,P20394,2026-03-05,5.0,15,158756.16
O39949,C10167,P20185,2025-09-04,1.0,5,47387.5
O39950,C11114,P20114,2026-04-26,7.0,15,213493.62
O39951,C10264,P20079,2025-04-08,6.0,0,131797.74
O39952,C11496,P20357,2025-11-25,5.0,0,248007.55
O39953,C11232,P20342,2026-03-01,3.0,15,36481.78
O39954,C10724,P20301,2026-02-28,5.0,5,283220.74
O39955,C11295,P20050,2025-01-05,7.0,15,437885.85
O39956,C11287,P20320,2026-04-04,3.0,0,29859.06
O39957,C11530,P20095,2026-05-13,5.0,15,288981.47
O39958,C11809,P20258,2025-03-28,5.0,5,68413.82
O39959,C10512,P20429,2026-02-06,2.0,0,14268.24
O39960,C11878,P20351,2025-10-20,2.0,10,95597.35
O39961,C11750,P20062,2025-10-08,7.0,10,292121.17
O39962,C11910,P20142,2025-07-16,1.0,0,47701.37
O39963,C10576,P20330,2025-03-24,6.0,20,306877.87
O39964,C11548,P20222,2025-01-27,7.0,10,413209.57
O39965,C10722,P20356,2025-05-15,2.0,0,138918.6
O39966,C11336,P20111,2025-03-31,3.0,0,61754.46
O39967,C11198,P20104,2025-07-25,2.0,5,5568.08
O39968,C10431,P20015,2025-01-27,1.0,0,58149.14
O39969,C10768,P20270,2026-01-13,4.0,5,145811.09
O39970,C10463,P20159,2026-02-19,3.0,10,63395.84
O39971,C10101,P20157,2025-08-15,4.0,10,9806.76
O39972,C11040,P20027,2025-03-09,3.0,5,178923.71
O39973,C11733,P20085,2025-12-28,6.0,0,52580.88
O39974,C11282,P20009,2025-09-17,6.0,20,147692.88
O39975,C11920,P20276,2025-03-04,6.0,0,419073.6
O39976,C10244,P20227,2026-01-27,1.0,0,23560.23
O39977,C11372,P20186,2025-09-03,2.0,10,16438.34
O39978,C11273,P20079,2025-10-05,4.0,10,79078.64
O39979,C10105,P20216,2025-12-13,4.0,20,207404.77
O39980,C10694,P20433,2026-01-07,2.0,20,22335.97
O39981,C11691,P20057,2025-05-03,1.0,15,35019.65
O39982,C11311,P20144,2025-02-26,2.0,5,17707.56
O39983,C11193,P20356,2025-06-09,5.0,0,347296.5
O39984,C11444,P20331,2025-05-07,5.0,10,276048.76
O39985,C11071,P20392,2025-11-07,6.0,0,382746.0
O39986,C11067,P20067,2026-06-02,5.0,0,232031.5
O39987,C11345,P20275,2025-09-22,4.0,0,18302.32
O39988,C10818,P20494,2025-10-15,6.0,0,195427.14
O39989,C10221,P20105,2026-02-24,4.0,5,212950.56
O39990,C11537,P20451,2026-06-12,1.0,5,38001.42
O39991,C11736,P20420,2025-05-20,3.0,5,185270.41
O39992,C11465,P20473,2026-04-20,2.0,15,38347.29
O39993,C10144,P20188,2026-06-13,7.0,10,409236.47
O39994,C10890,P20164,2026-01-24,7.0,15,410035.68
O39995,C11052,P20267,2026-05-26,7.0,5,395421.5
O39996,C11878,P20051,2026-06-22,3.0,0,105387.36
O39997,C11874,P20126,2025-08-01,4.0,0,76656.08
O39998,C10790,P20080,2026-05-28,2.0,10,27628.83
O39999,C10553,P20183,2025-09-22,4.0,15,74482.17
O40000,C10844,P20310,2025-12-09,1.0,0,40200.24
